dataset,category,synthetic,gpu_name,cuda_version,cuda_visible_devices,warmup_iters,timed_iters,cold_iters,M,K,nnz,N,avg_nnz_per_row,cv_d,max_nnz_per_row,kernel,ms_warm,preprocess_ms,cold_exec_ms,ms_cold,ms_cusparse_warm,ms_cusparse_cold,ms_csr_direct_warm,ms_csr_direct_cold,speedup_vs_cusparse_warm,speedup_vs_cusparse_cold,speedup_vs_csr_direct_warm,speedup_vs_csr_direct_cold,ms_cusparse_fp16_warm,ms_cusparse_fp16_cold,speedup_precision_matched_warm,speedup_precision_matched_cold,correct,soft_fail,hard_fail,max_error,tolerance,error
Amazon0601,Sparse Uniform,False,NVIDIA GeForce RTX 4090,12.1,0,50,200,10,403394,403394,3387388,64,8.39722,0.332214,10,CSR_DIRECT,0.323625,0.0,0.333891,0.333891,0.49857,0.89653,0.323625,0.333891,1.54058,2.685096,1.0,1.0,0.354371,0.880497,,,True,False,False,2.86102294921875e-06,0.0031622776601683794,
Amazon0601,Sparse Uniform,False,NVIDIA GeForce RTX 4090,12.1,0,50,200,10,403394,403394,3387388,64,8.39722,0.332214,10,RODE_ENHANCED,0.544548,4.965439,0.584163,5.549602,0.49857,0.89653,0.323625,0.333891,0.915567,0.161548,0.5943,0.060165,0.354371,0.880497,,,True,False,False,2.86102294921875e-06,0.0031622776601683794,
Amazon0601,Sparse Uniform,False,NVIDIA GeForce RTX 4090,12.1,0,50,200,10,403394,403394,3387388,64,8.39722,0.332214,10,ZERO_OVERHEAD_CSR,0.334356,2.249663,0.36033,2.609992,0.49857,0.89653,0.323625,0.333891,1.491134,0.343499,0.967904,0.127928,0.354371,0.880497,,,True,False,False,2.86102294921875e-06,0.0031622776601683794,
Amazon0601,Sparse Uniform,False,NVIDIA GeForce RTX 4090,12.1,0,50,200,10,403394,403394,3387388,64,8.39722,0.332214,10,TC_DIRECT,0.414817,59.281255,0.818902,60.100158,0.49857,0.89653,0.323625,0.333891,1.201904,0.014917,0.780163,0.005556,0.354371,0.880497,0.854282,0.014651,True,False,False,0.0052089691162109375,0.03162277660168379,
Amazon0601,Sparse Uniform,False,NVIDIA GeForce RTX 4090,12.1,0,50,200,10,403394,403394,3387388,64,8.39722,0.332214,10,COMMUNITY_TC,0.522296,105.583518,0.934682,106.518199,0.49857,0.89653,0.323625,0.333891,0.954574,0.008417,0.619619,0.003135,0.354371,0.880497,0.678486,0.008266,True,False,False,0.0052089691162109375,0.03162277660168379,
Amazon0601,Sparse Uniform,False,NVIDIA GeForce RTX 4090,12.1,0,50,200,10,403394,403394,3387388,64,8.39722,0.332214,10,SEGMENT_HYBRID,0.51781,60.099439,0.799658,60.899097,0.49857,0.89653,0.323625,0.333891,0.962843,0.014722,0.624987,0.005483,0.354371,0.880497,0.684364,0.014458,True,False,False,0.0052089691162109375,0.03162277660168379,
Amazon0601,Sparse Uniform,False,NVIDIA GeForce RTX 4090,12.1,0,50,200,10,403394,403394,3387388,64,8.39722,0.332214,10,TC_DIRECT_TF32,0.3422,56.283368,0.426496,56.709864,0.49857,0.89653,0.323625,0.333891,1.456954,0.015809,0.945718,0.005888,0.354371,0.880497,1.035565,0.015526,True,False,False,0.0052089691162109375,0.03162277660168379,
Amazon0601,Sparse Uniform,False,NVIDIA GeForce RTX 4090,12.1,0,50,200,10,403394,403394,3387388,64,8.39722,0.332214,10,COMMUNITY_TC_TF32,0.456269,108.553827,0.573555,109.127382,0.49857,0.89653,0.323625,0.333891,1.092712,0.008215,0.709286,0.00306,0.354371,0.880497,0.776671,0.008069,True,False,False,0.0052089691162109375,0.03162277660168379,
Amazon0601,Sparse Uniform,False,NVIDIA GeForce RTX 4090,12.1,0,50,200,10,403394,403394,3387388,64,8.39722,0.332214,10,SEGMENT_HYBRID_TF32,0.471951,62.349345,0.579277,62.928622,0.49857,0.89653,0.323625,0.333891,1.056402,0.014247,0.685717,0.005306,0.354371,0.880497,0.750862,0.013992,True,False,False,0.0052089691162109375,0.03162277660168379,
Amazon0601,Sparse Uniform,False,NVIDIA GeForce RTX 4090,12.1,0,50,200,10,403394,403394,3387388,64,8.39722,0.332214,10,CUSPARSE,0.49857,0.39573,0.5008,0.89653,0.49857,0.89653,0.323625,0.333891,1.0,1.0,0.649106,0.372426,0.354371,0.880497,,,True,False,False,0.0,0.0,
Amazon0601,Sparse Uniform,False,NVIDIA GeForce RTX 4090,12.1,0,50,200,10,403394,403394,3387388,128,8.39722,0.332214,10,CSR_DIRECT,0.785659,0.0,0.791642,0.791642,1.107476,1.627031,0.785659,0.791642,1.409615,2.055262,1.0,1.0,0.776945,1.444731,,,True,False,False,2.86102294921875e-06,0.0031622776601683794,
Amazon0601,Sparse Uniform,False,NVIDIA GeForce RTX 4090,12.1,0,50,200,10,403394,403394,3387388,128,8.39722,0.332214,10,RODE_ENHANCED,1.243945,4.761954,1.28431,6.046264,1.107476,1.627031,0.785659,0.791642,0.890294,0.269097,0.631587,0.130931,0.776945,1.444731,,,True,False,False,2.86102294921875e-06,0.0031622776601683794,
Amazon0601,Sparse Uniform,False,NVIDIA GeForce RTX 4090,12.1,0,50,200,10,403394,403394,3387388,128,8.39722,0.332214,10,ZERO_OVERHEAD_CSR,0.802176,2.187873,0.828477,3.01635,1.107476,1.627031,0.785659,0.791642,1.38059,0.539404,0.97941,0.26245,0.776945,1.444731,,,True,False,False,2.86102294921875e-06,0.0031622776601683794,
Amazon0601,Sparse Uniform,False,NVIDIA GeForce RTX 4090,12.1,0,50,200,10,403394,403394,3387388,128,8.39722,0.332214,10,TC_DIRECT,0.855076,61.230838,1.14767,62.378509,1.107476,1.627031,0.785659,0.791642,1.295179,0.026083,0.918818,0.012691,0.776945,1.444731,0.908626,0.023161,True,False,False,0.004517555236816406,0.03162277660168379,
Amazon0601,Sparse Uniform,False,NVIDIA GeForce RTX 4090,12.1,0,50,200,10,403394,403394,3387388,128,8.39722,0.332214,10,COMMUNITY_TC,1.083192,110.202325,1.356928,111.559253,1.107476,1.627031,0.785659,0.791642,1.022419,0.014584,0.725318,0.007096,0.776945,1.444731,0.717273,0.01295,True,False,False,0.004517555236816406,0.03162277660168379,
Amazon0601,Sparse Uniform,False,NVIDIA GeForce RTX 4090,12.1,0,50,200,10,403394,403394,3387388,128,8.39722,0.332214,10,SEGMENT_HYBRID,1.055211,62.564951,1.218934,63.783885,1.107476,1.627031,0.785659,0.791642,1.04953,0.025508,0.744551,0.012411,0.776945,1.444731,0.736293,0.02265,True,False,False,0.004517555236816406,0.03162277660168379,
Amazon0601,Sparse Uniform,False,NVIDIA GeForce RTX 4090,12.1,0,50,200,10,403394,403394,3387388,128,8.39722,0.332214,10,TC_DIRECT_TF32,0.709683,57.931991,0.783773,58.715764,1.107476,1.627031,0.785659,0.791642,1.560522,0.02771,1.107056,0.013483,0.776945,1.444731,1.094776,0.024606,True,False,False,0.004517555236816406,0.03162277660168379,
Amazon0601,Sparse Uniform,False,NVIDIA GeForce RTX 4090,12.1,0,50,200,10,403394,403394,3387388,128,8.39722,0.332214,10,COMMUNITY_TC_TF32,0.918292,106.696693,1.034317,107.73101,1.107476,1.627031,0.785659,0.791642,1.206017,0.015103,0.855565,0.007348,0.776945,1.444731,0.846075,0.013411,True,False,False,0.004517555236816406,0.03162277660168379,
Amazon0601,Sparse Uniform,False,NVIDIA GeForce RTX 4090,12.1,0,50,200,10,403394,403394,3387388,128,8.39722,0.332214,10,SEGMENT_HYBRID_TF32,0.935931,61.41409,1.040368,62.454458,1.107476,1.627031,0.785659,0.791642,1.183289,0.026051,0.839441,0.012676,0.776945,1.444731,0.830131,0.023133,True,False,False,0.004517555236816406,0.03162277660168379,
Amazon0601,Sparse Uniform,False,NVIDIA GeForce RTX 4090,12.1,0,50,200,10,403394,403394,3387388,128,8.39722,0.332214,10,CUSPARSE,1.107476,0.487562,1.139469,1.627031,1.107476,1.627031,0.785659,0.791642,1.0,1.0,0.709414,0.486556,0.776945,1.444731,,,True,False,False,0.0,0.0,
Amazon0601,Sparse Uniform,False,NVIDIA GeForce RTX 4090,12.1,0,50,200,10,403394,403394,3387388,256,8.39722,0.332214,10,CSR_DIRECT,1.953505,0.0,1.962333,1.962333,2.178883,2.640311,1.953505,1.962333,1.115371,1.345496,1.0,1.0,1.538125,2.672002,,,True,False,False,2.86102294921875e-06,0.0031622776601683794,
Amazon0601,Sparse Uniform,False,NVIDIA GeForce RTX 4090,12.1,0,50,200,10,403394,403394,3387388,256,8.39722,0.332214,10,RODE_ENHANCED,2.848742,4.293517,2.888845,7.182362,2.178883,2.640311,1.953505,1.962333,0.764858,0.36761,0.685743,0.273216,1.538125,2.672002,,,True,False,False,2.86102294921875e-06,0.0031622776601683794,
Amazon0601,Sparse Uniform,False,NVIDIA GeForce RTX 4090,12.1,0,50,200,10,403394,403394,3387388,256,8.39722,0.332214,10,ZERO_OVERHEAD_CSR,1.989217,2.116192,2.014413,4.130605,2.178883,2.640311,1.953505,1.962333,1.095347,0.639207,0.982047,0.475072,1.538125,2.672002,,,True,False,False,2.86102294921875e-06,0.0031622776601683794,
Amazon0601,Sparse Uniform,False,NVIDIA GeForce RTX 4090,12.1,0,50,200,10,403394,403394,3387388,256,8.39722,0.332214,10,TC_DIRECT,1.777132,61.750052,2.09472,63.844772,2.178883,2.640311,1.953505,1.962333,1.226067,0.041355,1.099246,0.030736,1.538125,2.672002,0.86551,0.041852,True,False,False,0.0049228668212890625,0.03162277660168379,
Amazon0601,Sparse Uniform,False,NVIDIA GeForce RTX 4090,12.1,0,50,200,10,403394,403394,3387388,256,8.39722,0.332214,10,COMMUNITY_TC,2.208405,106.405525,2.332899,108.738424,2.178883,2.640311,1.953505,1.962333,0.986632,0.024281,0.884578,0.018046,1.538125,2.672002,0.696487,0.024573,True,False,False,0.0049228668212890625,0.03162277660168379,
Amazon0601,Sparse Uniform,False,NVIDIA GeForce RTX 4090,12.1,0,50,200,10,403394,403394,3387388,256,8.39722,0.332214,10,SEGMENT_HYBRID,2.187602,63.323494,2.383773,65.707267,2.178883,2.640311,1.953505,1.962333,0.996014,0.040183,0.892989,0.029865,1.538125,2.672002,0.70311,0.040665,True,False,False,0.0049228668212890625,0.03162277660168379,
Amazon0601,Sparse Uniform,False,NVIDIA GeForce RTX 4090,12.1,0,50,200,10,403394,403394,3387388,256,8.39722,0.332214,10,TC_DIRECT_TF32,1.432038,58.927226,1.507786,60.435012,2.178883,2.640311,1.953505,1.962333,1.521525,0.043688,1.364143,0.03247,1.538125,2.672002,1.074081,0.044213,True,False,False,0.0049228668212890625,0.03162277660168379,
Amazon0601,Sparse Uniform,False,NVIDIA GeForce RTX 4090,12.1,0,50,200,10,403394,403394,3387388,256,8.39722,0.332214,10,COMMUNITY_TC_TF32,1.836549,109.528906,1.952461,111.481366,2.178883,2.640311,1.953505,1.962333,1.1864,0.023684,1.063683,0.017602,1.538125,2.672002,0.837508,0.023968,True,False,False,0.0049228668212890625,0.03162277660168379,
Amazon0601,Sparse Uniform,False,NVIDIA GeForce RTX 4090,12.1,0,50,200,10,403394,403394,3387388,256,8.39722,0.332214,10,SEGMENT_HYBRID_TF32,1.869353,63.504322,1.976707,65.481029,2.178883,2.640311,1.953505,1.962333,1.165581,0.040322,1.045017,0.029968,1.538125,2.672002,0.822811,0.040806,True,False,False,0.0049228668212890625,0.03162277660168379,
Amazon0601,Sparse Uniform,False,NVIDIA GeForce RTX 4090,12.1,0,50,200,10,403394,403394,3387388,256,8.39722,0.332214,10,CUSPARSE,2.178883,0.429802,2.210509,2.640311,2.178883,2.640311,1.953505,1.962333,1.0,1.0,0.896563,0.74322,1.538125,2.672002,,,True,False,False,0.0,0.0,
Amazon0601,Sparse Uniform,False,NVIDIA GeForce RTX 4090,12.1,0,50,200,10,403394,403394,3387388,512,8.39722,0.332214,10,CSR_DIRECT,4.625756,0.0,4.63441,4.63441,4.348385,5.229135,4.625756,4.63441,0.940038,1.128328,1.0,1.0,3.056067,5.288043,,,True,False,False,2.86102294921875e-06,0.0031622776601683794,
Amazon0601,Sparse Uniform,False,NVIDIA GeForce RTX 4090,12.1,0,50,200,10,403394,403394,3387388,512,8.39722,0.332214,10,RODE_ENHANCED,6.394557,4.326252,6.431155,10.757407,4.348385,5.229135,4.625756,4.63441,0.680013,0.486096,0.72339,0.430811,3.056067,5.288043,,,True,False,False,2.86102294921875e-06,0.0031622776601683794,
Amazon0601,Sparse Uniform,False,NVIDIA GeForce RTX 4090,12.1,0,50,200,10,403394,403394,3387388,512,8.39722,0.332214,10,ZERO_OVERHEAD_CSR,4.686526,2.153756,4.718154,6.87191,4.348385,5.229135,4.625756,4.63441,0.927848,0.760944,0.987033,0.674399,3.056067,5.288043,,,True,False,False,2.86102294921875e-06,0.0031622776601683794,
Amazon0601,Sparse Uniform,False,NVIDIA GeForce RTX 4090,12.1,0,50,200,10,403394,403394,3387388,512,8.39722,0.332214,10,TC_DIRECT,3.60873,63.291484,3.918061,67.209545,4.348385,5.229135,4.625756,4.63441,1.204963,0.077803,1.281824,0.068955,3.056067,5.288043,0.846854,0.07868,True,False,False,0.0053081512451171875,0.03162277660168379,
Amazon0601,Sparse Uniform,False,NVIDIA GeForce RTX 4090,12.1,0,50,200,10,403394,403394,3387388,512,8.39722,0.332214,10,COMMUNITY_TC,4.451246,117.469588,4.564554,122.034141,4.348385,5.229135,4.625756,4.63441,0.976892,0.04285,1.039205,0.037976,3.056067,5.288043,0.686564,0.043332,True,False,False,0.0053081512451171875,0.03162277660168379,
Amazon0601,Sparse Uniform,False,NVIDIA GeForce RTX 4090,12.1,0,50,200,10,403394,403394,3387388,512,8.39722,0.332214,10,SEGMENT_HYBRID,4.438308,65.787681,4.527226,70.314907,4.348385,5.229135,4.625756,4.63441,0.979739,0.074367,1.042234,0.065909,3.056067,5.288043,0.688566,0.075205,True,False,False,0.0053081512451171875,0.03162277660168379,
Amazon0601,Sparse Uniform,False,NVIDIA GeForce RTX 4090,12.1,0,50,200,10,403394,403394,3387388,512,8.39722,0.332214,10,TC_DIRECT_TF32,2.887209,61.602668,2.957814,64.560483,4.348385,5.229135,4.625756,4.63441,1.506086,0.080996,1.602155,0.071784,3.056067,5.288043,1.058485,0.081908,True,False,False,0.0053081512451171875,0.03162277660168379,
Amazon0601,Sparse Uniform,False,NVIDIA GeForce RTX 4090,12.1,0,50,200,10,403394,403394,3387388,512,8.39722,0.332214,10,COMMUNITY_TC_TF32,3.669222,115.528402,3.785523,119.313925,4.348385,5.229135,4.625756,4.63441,1.185097,0.043827,1.260691,0.038842,3.056067,5.288043,0.832892,0.04432,True,False,False,0.0053081512451171875,0.03162277660168379,
Amazon0601,Sparse Uniform,False,NVIDIA GeForce RTX 4090,12.1,0,50,200,10,403394,403394,3387388,512,8.39722,0.332214,10,SEGMENT_HYBRID_TF32,3.737932,63.560489,3.841437,67.401926,4.348385,5.229135,4.625756,4.63441,1.163313,0.077581,1.237517,0.068758,3.056067,5.288043,0.817582,0.078455,True,False,False,0.0053081512451171875,0.03162277660168379,
Amazon0601,Sparse Uniform,False,NVIDIA GeForce RTX 4090,12.1,0,50,200,10,403394,403394,3387388,512,8.39722,0.332214,10,CUSPARSE,4.348385,0.848607,4.380528,5.229135,4.348385,5.229135,4.625756,4.63441,1.0,1.0,1.063787,0.886267,3.056067,5.288043,,,True,False,False,0.0,0.0,
CiteSeer,Mixed/Irregular,False,NVIDIA GeForce RTX 4090,12.1,0,50,200,10,3327,3327,9104,64,2.736399,1.235506,99,CSR_DIRECT,0.010645,0.0,0.01743,0.01743,0.011623,0.422562,0.010645,0.01743,1.091834,24.24283,1.0,1.0,0.011756,0.423136,,,True,False,False,4.76837158203125e-06,0.0099498743710662,
CiteSeer,Mixed/Irregular,False,NVIDIA GeForce RTX 4090,12.1,0,50,200,10,3327,3327,9104,64,2.736399,1.235506,99,RODE_ENHANCED,0.017459,0.092779,0.027875,0.120655,0.011623,0.422562,0.010645,0.01743,0.665717,3.502247,0.609723,0.144465,0.011756,0.423136,,,True,False,False,3.814697265625e-06,0.0099498743710662,
CiteSeer,Mixed/Irregular,False,NVIDIA GeForce RTX 4090,12.1,0,50,200,10,3327,3327,9104,64,2.736399,1.235506,99,ZERO_OVERHEAD_CSR,0.020634,0.049113,0.028125,0.077238,0.011623,0.422562,0.010645,0.01743,0.563299,5.470904,0.51592,0.225671,0.011756,0.423136,,,True,False,False,4.76837158203125e-06,0.0099498743710662,
CiteSeer,Mixed/Irregular,False,NVIDIA GeForce RTX 4090,12.1,0,50,200,10,3327,3327,9104,64,2.736399,1.235506,99,TC_DIRECT,0.011141,0.439885,0.024422,0.464307,0.011623,0.422562,0.010645,0.01743,1.043287,0.910091,0.955536,0.037541,0.011756,0.423136,1.055193,0.911328,True,False,False,0.004915595054626465,0.099498743710662,
CiteSeer,Mixed/Irregular,False,NVIDIA GeForce RTX 4090,12.1,0,50,200,10,3327,3327,9104,64,2.736399,1.235506,99,COMMUNITY_TC,0.016358,0.720775,0.034426,0.755201,0.011623,0.422562,0.010645,0.01743,0.710514,0.559536,0.650753,0.02308,0.011756,0.423136,0.718623,0.560296,True,False,False,0.004915595054626465,0.099498743710662,
CiteSeer,Mixed/Irregular,False,NVIDIA GeForce RTX 4090,12.1,0,50,200,10,3327,3327,9104,64,2.736399,1.235506,99,SEGMENT_HYBRID,0.016568,0.429718,0.031194,0.460912,0.011623,0.422562,0.010645,0.01743,0.701539,0.916797,0.642533,0.037817,0.011756,0.423136,0.709545,0.918042,True,False,False,0.004915595054626465,0.099498743710662,
CiteSeer,Mixed/Irregular,False,NVIDIA GeForce RTX 4090,12.1,0,50,200,10,3327,3327,9104,64,2.736399,1.235506,99,TC_DIRECT_TF32,0.007219,0.439261,0.01857,0.457831,0.011623,0.422562,0.010645,0.01743,1.60996,0.922966,1.474546,0.038072,0.011756,0.423136,1.628333,0.924219,True,False,False,0.004915595054626465,0.099498743710662,
CiteSeer,Mixed/Irregular,False,NVIDIA GeForce RTX 4090,12.1,0,50,200,10,3327,3327,9104,64,2.736399,1.235506,99,COMMUNITY_TC_TF32,0.012631,0.714091,0.025914,0.740005,0.011623,0.422562,0.010645,0.01743,0.920184,0.571026,0.842787,0.023554,0.011756,0.423136,0.930685,0.571802,True,False,False,0.004915595054626465,0.099498743710662,
CiteSeer,Mixed/Irregular,False,NVIDIA GeForce RTX 4090,12.1,0,50,200,10,3327,3327,9104,64,2.736399,1.235506,99,SEGMENT_HYBRID_TF32,0.012789,0.384633,0.023997,0.40863,0.011623,0.422562,0.010645,0.01743,0.908799,1.034095,0.83236,0.042656,0.011756,0.423136,0.91917,1.0355,True,False,False,0.004915595054626465,0.099498743710662,
CiteSeer,Mixed/Irregular,False,NVIDIA GeForce RTX 4090,12.1,0,50,200,10,3327,3327,9104,64,2.736399,1.235506,99,CUSPARSE,0.011623,0.405263,0.017299,0.422562,0.011623,0.422562,0.010645,0.01743,1.0,1.0,0.91589,0.041249,0.011756,0.423136,,,True,False,False,0.0,0.0,
CiteSeer,Mixed/Irregular,False,NVIDIA GeForce RTX 4090,12.1,0,50,200,10,3327,3327,9104,128,2.736399,1.235506,99,CSR_DIRECT,0.010383,0.0,0.015578,0.015578,0.011796,0.430558,0.010383,0.015578,1.136095,27.639586,1.0,1.0,0.011807,0.420104,,,True,False,False,4.76837158203125e-06,0.0099498743710662,
CiteSeer,Mixed/Irregular,False,NVIDIA GeForce RTX 4090,12.1,0,50,200,10,3327,3327,9104,128,2.736399,1.235506,99,RODE_ENHANCED,0.016342,0.078127,0.02649,0.104617,0.011796,0.430558,0.010383,0.015578,0.721833,4.115581,0.635363,0.148902,0.011807,0.420104,,,True,False,False,5.7220458984375e-06,0.0099498743710662,
CiteSeer,Mixed/Irregular,False,NVIDIA GeForce RTX 4090,12.1,0,50,200,10,3327,3327,9104,128,2.736399,1.235506,99,ZERO_OVERHEAD_CSR,0.02116,0.043047,0.028458,0.071504,0.011796,0.430558,0.010383,0.015578,0.557477,6.021433,0.490696,0.217855,0.011807,0.420104,,,True,False,False,4.76837158203125e-06,0.0099498743710662,
CiteSeer,Mixed/Irregular,False,NVIDIA GeForce RTX 4090,12.1,0,50,200,10,3327,3327,9104,128,2.736399,1.235506,99,TC_DIRECT,0.010578,0.433518,0.222432,0.65595,0.011796,0.430558,0.010383,0.015578,1.115182,0.656389,0.981592,0.023748,0.011807,0.420104,1.11615,0.640452,True,False,False,0.005394935607910156,0.099498743710662,
CiteSeer,Mixed/Irregular,False,NVIDIA GeForce RTX 4090,12.1,0,50,200,10,3327,3327,9104,128,2.736399,1.235506,99,COMMUNITY_TC,0.01621,0.796387,0.166554,0.96294,0.011796,0.430558,0.010383,0.015578,0.727732,0.447129,0.640556,0.016177,0.011807,0.420104,0.728364,0.436272,True,False,False,0.005394935607910156,0.099498743710662,
CiteSeer,Mixed/Irregular,False,NVIDIA GeForce RTX 4090,12.1,0,50,200,10,3327,3327,9104,128,2.736399,1.235506,99,SEGMENT_HYBRID,0.01662,0.707086,0.178896,0.885982,0.011796,0.430558,0.010383,0.015578,0.709797,0.485967,0.624769,0.017582,0.011807,0.420104,0.710413,0.474168,True,False,False,0.005394935607910156,0.099498743710662,
CiteSeer,Mixed/Irregular,False,NVIDIA GeForce RTX 4090,12.1,0,50,200,10,3327,3327,9104,128,2.736399,1.235506,99,TC_DIRECT_TF32,0.007189,0.351707,0.017219,0.368926,0.011796,0.430558,0.010383,0.015578,1.640916,1.167058,1.444348,0.042224,0.011807,0.420104,1.642341,1.138721,True,False,False,0.005394935607910156,0.099498743710662,
CiteSeer,Mixed/Irregular,False,NVIDIA GeForce RTX 4090,12.1,0,50,200,10,3327,3327,9104,128,2.736399,1.235506,99,COMMUNITY_TC_TF32,0.012667,0.669744,0.024518,0.694263,0.011796,0.430558,0.010383,0.015578,0.93125,0.620167,0.819694,0.022438,0.011807,0.420104,0.932059,0.605109,True,False,False,0.005394935607910156,0.099498743710662,
CiteSeer,Mixed/Irregular,False,NVIDIA GeForce RTX 4090,12.1,0,50,200,10,3327,3327,9104,128,2.736399,1.235506,99,SEGMENT_HYBRID_TF32,0.012943,0.374644,0.023523,0.398168,0.011796,0.430558,0.010383,0.015578,0.911404,1.08135,0.802225,0.039123,0.011807,0.420104,0.912195,1.055094,True,False,False,0.005394935607910156,0.099498743710662,
CiteSeer,Mixed/Irregular,False,NVIDIA GeForce RTX 4090,12.1,0,50,200,10,3327,3327,9104,128,2.736399,1.235506,99,CUSPARSE,0.011796,0.414072,0.016486,0.430558,0.011796,0.430558,0.010383,0.015578,1.0,1.0,0.880208,0.03618,0.011807,0.420104,,,True,False,False,0.0,0.0,
CiteSeer,Mixed/Irregular,False,NVIDIA GeForce RTX 4090,12.1,0,50,200,10,3327,3327,9104,256,2.736399,1.235506,99,CSR_DIRECT,0.01642,0.0,0.021811,0.021811,0.012744,0.420315,0.01642,0.021811,0.776122,19.270608,1.0,1.0,0.012677,0.420665,,,True,False,False,9.5367431640625e-06,0.0099498743710662,
CiteSeer,Mixed/Irregular,False,NVIDIA GeForce RTX 4090,12.1,0,50,200,10,3327,3327,9104,256,2.736399,1.235506,99,RODE_ENHANCED,0.018728,0.076808,0.027802,0.104609,0.012744,0.420315,0.01642,0.021811,0.680461,4.017944,0.876745,0.208501,0.012677,0.420665,,,True,False,False,9.5367431640625e-06,0.0099498743710662,
CiteSeer,Mixed/Irregular,False,NVIDIA GeForce RTX 4090,12.1,0,50,200,10,3327,3327,9104,256,2.736399,1.235506,99,ZERO_OVERHEAD_CSR,0.024924,0.042541,0.032218,0.074759,0.012744,0.420315,0.01642,0.021811,0.511298,5.622274,0.658786,0.291754,0.012677,0.420665,,,True,False,False,9.5367431640625e-06,0.0099498743710662,
CiteSeer,Mixed/Irregular,False,NVIDIA GeForce RTX 4090,12.1,0,50,200,10,3327,3327,9104,256,2.736399,1.235506,99,TC_DIRECT,0.010634,0.543905,0.026934,0.570839,0.012744,0.420315,0.01642,0.021811,1.198363,0.736311,1.544039,0.038209,0.012677,0.420665,1.192119,0.736924,True,False,False,0.005778789520263672,0.099498743710662,
CiteSeer,Mixed/Irregular,False,NVIDIA GeForce RTX 4090,12.1,0,50,200,10,3327,3327,9104,256,2.736399,1.235506,99,COMMUNITY_TC,0.016241,0.906671,0.039027,0.945698,0.012744,0.420315,0.01642,0.021811,0.784678,0.44445,1.011024,0.023064,0.012677,0.420665,0.78059,0.44482,True,False,False,0.005778789520263672,0.099498743710662,
CiteSeer,Mixed/Irregular,False,NVIDIA GeForce RTX 4090,12.1,0,50,200,10,3327,3327,9104,256,2.736399,1.235506,99,SEGMENT_HYBRID,0.016266,0.588972,0.035837,0.624809,0.012744,0.420315,0.01642,0.021811,0.783444,0.672709,1.009433,0.034909,0.012677,0.420665,0.779361,0.67327,True,False,False,0.005778789520263672,0.099498743710662,
CiteSeer,Mixed/Irregular,False,NVIDIA GeForce RTX 4090,12.1,0,50,200,10,3327,3327,9104,256,2.736399,1.235506,99,TC_DIRECT_TF32,0.007177,0.380119,0.017994,0.398112,0.012744,0.420315,0.01642,0.021811,1.775638,1.05577,2.287832,0.054787,0.012677,0.420665,1.766386,1.05665,True,False,False,0.005778789520263672,0.099498743710662,
CiteSeer,Mixed/Irregular,False,NVIDIA GeForce RTX 4090,12.1,0,50,200,10,3327,3327,9104,256,2.736399,1.235506,99,COMMUNITY_TC_TF32,0.012535,0.668943,0.025197,0.694139,0.012744,0.420315,0.01642,0.021811,1.016684,0.60552,1.309953,0.031422,0.012677,0.420665,1.011386,0.606024,True,False,False,0.005778789520263672,0.099498743710662,
CiteSeer,Mixed/Irregular,False,NVIDIA GeForce RTX 4090,12.1,0,50,200,10,3327,3327,9104,256,2.736399,1.235506,99,SEGMENT_HYBRID_TF32,0.012882,0.371447,0.02463,0.396078,0.012744,0.420315,0.01642,0.021811,0.989269,1.061194,1.27463,0.055068,0.012677,0.420665,0.984114,1.062078,True,False,False,0.005778789520263672,0.099498743710662,
CiteSeer,Mixed/Irregular,False,NVIDIA GeForce RTX 4090,12.1,0,50,200,10,3327,3327,9104,256,2.736399,1.235506,99,CUSPARSE,0.012744,0.403605,0.01671,0.420315,0.012744,0.420315,0.01642,0.021811,1.0,1.0,1.288457,0.051892,0.012677,0.420665,,,True,False,False,0.0,0.0,
CiteSeer,Mixed/Irregular,False,NVIDIA GeForce RTX 4090,12.1,0,50,200,10,3327,3327,9104,512,2.736399,1.235506,99,CSR_DIRECT,0.020838,0.0,0.026218,0.026218,0.014828,0.417046,0.020838,0.026218,0.711575,15.907085,1.0,1.0,0.01452,0.422408,,,True,False,False,9.5367431640625e-06,0.0099498743710662,
CiteSeer,Mixed/Irregular,False,NVIDIA GeForce RTX 4090,12.1,0,50,200,10,3327,3327,9104,512,2.736399,1.235506,99,RODE_ENHANCED,0.023839,0.07641,0.030934,0.107344,0.014828,0.417046,0.020838,0.026218,0.621993,3.885125,0.874107,0.244239,0.01452,0.422408,,,True,False,False,8.58306884765625e-06,0.0099498743710662,
CiteSeer,Mixed/Irregular,False,NVIDIA GeForce RTX 4090,12.1,0,50,200,10,3327,3327,9104,512,2.736399,1.235506,99,ZERO_OVERHEAD_CSR,0.028913,0.043259,0.036026,0.079284,0.014828,0.417046,0.020838,0.026218,0.51283,5.260122,0.720697,0.330678,0.01452,0.422408,,,True,False,False,9.5367431640625e-06,0.0099498743710662,
CiteSeer,Mixed/Irregular,False,NVIDIA GeForce RTX 4090,12.1,0,50,200,10,3327,3327,9104,512,2.736399,1.235506,99,TC_DIRECT,0.011346,0.418898,0.229952,0.64885,0.014828,0.417046,0.020838,0.026218,1.306841,0.642745,1.836546,0.040406,0.01452,0.422408,1.279737,0.651009,True,False,False,0.006037712097167969,0.099498743710662,
CiteSeer,Mixed/Irregular,False,NVIDIA GeForce RTX 4090,12.1,0,50,200,10,3327,3327,9104,512,2.736399,1.235506,99,COMMUNITY_TC,0.016716,0.787208,0.168269,0.955477,0.014828,0.417046,0.020838,0.026218,0.887017,0.436479,1.246554,0.027439,0.01452,0.422408,0.868621,0.442091,True,False,False,0.006037712097167969,0.099498743710662,
CiteSeer,Mixed/Irregular,False,NVIDIA GeForce RTX 4090,12.1,0,50,200,10,3327,3327,9104,512,2.736399,1.235506,99,SEGMENT_HYBRID,0.016523,0.457437,0.156906,0.614343,0.014828,0.417046,0.020838,0.026218,0.897402,0.678848,1.261148,0.042676,0.01452,0.422408,0.87879,0.687576,True,False,False,0.006037712097167969,0.099498743710662,
CiteSeer,Mixed/Irregular,False,NVIDIA GeForce RTX 4090,12.1,0,50,200,10,3327,3327,9104,512,2.736399,1.235506,99,TC_DIRECT_TF32,0.009604,0.369729,0.018218,0.387947,0.014828,0.417046,0.020838,0.026218,1.543813,1.075007,2.169571,0.06758,0.01452,0.422408,1.511795,1.088829,True,False,False,0.006037712097167969,0.099498743710662,
CiteSeer,Mixed/Irregular,False,NVIDIA GeForce RTX 4090,12.1,0,50,200,10,3327,3327,9104,512,2.736399,1.235506,99,COMMUNITY_TC_TF32,0.013103,0.665546,0.025466,0.691011,0.014828,0.417046,0.020838,0.026218,1.131609,0.603529,1.590287,0.037941,0.01452,0.422408,1.10814,0.611289,True,False,False,0.006037712097167969,0.099498743710662,
CiteSeer,Mixed/Irregular,False,NVIDIA GeForce RTX 4090,12.1,0,50,200,10,3327,3327,9104,512,2.736399,1.235506,99,SEGMENT_HYBRID_TF32,0.013963,0.387318,0.024461,0.411779,0.014828,0.417046,0.020838,0.026218,1.061949,1.012791,1.492391,0.063669,0.01452,0.422408,1.039924,1.025812,True,False,False,0.006037712097167969,0.099498743710662,
CiteSeer,Mixed/Irregular,False,NVIDIA GeForce RTX 4090,12.1,0,50,200,10,3327,3327,9104,512,2.736399,1.235506,99,CUSPARSE,0.014828,0.399334,0.017712,0.417046,0.014828,0.417046,0.020838,0.026218,1.0,1.0,1.405333,0.062865,0.01452,0.422408,,,True,False,False,0.0,0.0,
Cora,Mixed/Irregular,False,NVIDIA GeForce RTX 4090,12.1,0,50,200,10,2708,2708,10556,64,3.89808,1.341127,168,CSR_DIRECT,0.015928,0.0,0.022701,0.022701,0.011812,0.474565,0.015928,0.022701,0.741562,20.905229,1.0,1.0,0.011976,0.423314,,,True,False,False,9.5367431640625e-06,0.012961481396815721,
Cora,Mixed/Irregular,False,NVIDIA GeForce RTX 4090,12.1,0,50,200,10,2708,2708,10556,64,3.89808,1.341127,168,RODE_ENHANCED,0.023506,0.134061,0.031107,0.165168,0.011812,0.474565,0.015928,0.022701,0.502505,2.873222,0.67763,0.13744,0.011976,0.423314,,,True,False,False,9.5367431640625e-06,0.012961481396815721,
Cora,Mixed/Irregular,False,NVIDIA GeForce RTX 4090,12.1,0,50,200,10,2708,2708,10556,64,3.89808,1.341127,168,ZERO_OVERHEAD_CSR,0.02539,0.048698,0.032234,0.080931,0.011812,0.474565,0.015928,0.022701,0.465212,5.863805,0.62734,0.280495,0.011976,0.423314,,,True,False,False,9.5367431640625e-06,0.012961481396815721,
Cora,Mixed/Irregular,False,NVIDIA GeForce RTX 4090,12.1,0,50,200,10,2708,2708,10556,64,3.89808,1.341127,168,TC_DIRECT,0.01236,0.603939,0.028282,0.63222,0.011812,0.474565,0.015928,0.022701,0.955675,0.750633,1.288732,0.035906,0.011976,0.423314,0.968931,0.669567,True,False,False,0.006485462188720703,0.12961481396815722,
Cora,Mixed/Irregular,False,NVIDIA GeForce RTX 4090,12.1,0,50,200,10,2708,2708,10556,64,3.89808,1.341127,168,COMMUNITY_TC,0.017189,0.821142,0.035731,0.856873,0.011812,0.474565,0.015928,0.022701,0.687182,0.553834,0.926668,0.026493,0.011976,0.423314,0.696714,0.494022,True,False,False,0.006485462188720703,0.12961481396815722,
Cora,Mixed/Irregular,False,NVIDIA GeForce RTX 4090,12.1,0,50,200,10,2708,2708,10556,64,3.89808,1.341127,168,SEGMENT_HYBRID,0.016768,0.593238,0.032976,0.626214,0.011812,0.474565,0.015928,0.022701,0.704427,0.757833,0.949924,0.036251,0.011976,0.423314,0.714198,0.675989,True,False,False,0.006485462188720703,0.12961481396815722,
Cora,Mixed/Irregular,False,NVIDIA GeForce RTX 4090,12.1,0,50,200,10,2708,2708,10556,64,3.89808,1.341127,168,TC_DIRECT_TF32,0.00746,0.497475,0.01777,0.515245,0.011812,0.474565,0.015928,0.022701,1.583425,0.921048,2.135255,0.044058,0.011976,0.423314,1.605388,0.821578,True,False,False,0.006485462188720703,0.12961481396815722,
Cora,Mixed/Irregular,False,NVIDIA GeForce RTX 4090,12.1,0,50,200,10,2708,2708,10556,64,3.89808,1.341127,168,COMMUNITY_TC_TF32,0.012805,0.703105,0.025626,0.728731,0.011812,0.474565,0.015928,0.022701,0.922431,0.651222,1.243902,0.031151,0.011976,0.423314,0.935226,0.580892,True,False,False,0.006485462188720703,0.12961481396815722,
Cora,Mixed/Irregular,False,NVIDIA GeForce RTX 4090,12.1,0,50,200,10,2708,2708,10556,64,3.89808,1.341127,168,SEGMENT_HYBRID_TF32,0.013087,0.478203,0.023958,0.502162,0.011812,0.474565,0.015928,0.022701,0.902582,0.945045,1.217136,0.045206,0.011976,0.423314,0.915102,0.842983,True,False,False,0.006485462188720703,0.12961481396815722,
Cora,Mixed/Irregular,False,NVIDIA GeForce RTX 4090,12.1,0,50,200,10,2708,2708,10556,64,3.89808,1.341127,168,CUSPARSE,0.011812,0.457378,0.017187,0.474565,0.011812,0.474565,0.015928,0.022701,1.0,1.0,1.348504,0.047835,0.011976,0.423314,,,True,False,False,0.0,0.0,
Cora,Mixed/Irregular,False,NVIDIA GeForce RTX 4090,12.1,0,50,200,10,2708,2708,10556,128,3.89808,1.341127,168,CSR_DIRECT,0.015171,0.0,0.020467,0.020467,0.012027,0.424504,0.015171,0.020467,0.792767,20.740711,1.0,1.0,0.012016,0.672925,,,True,False,False,1.1444091796875e-05,0.012961481396815721,
Cora,Mixed/Irregular,False,NVIDIA GeForce RTX 4090,12.1,0,50,200,10,2708,2708,10556,128,3.89808,1.341127,168,RODE_ENHANCED,0.024892,0.108562,0.032147,0.140709,0.012027,0.424504,0.015171,0.020467,0.48315,3.016897,0.609447,0.145458,0.012016,0.672925,,,True,False,False,1.1444091796875e-05,0.012961481396815721,
Cora,Mixed/Irregular,False,NVIDIA GeForce RTX 4090,12.1,0,50,200,10,2708,2708,10556,128,3.89808,1.341127,168,ZERO_OVERHEAD_CSR,0.02622,0.037766,0.032125,0.069891,0.012027,0.424504,0.015171,0.020467,0.458693,6.073823,0.578598,0.292845,0.012016,0.672925,,,True,False,False,1.1444091796875e-05,0.012961481396815721,
Cora,Mixed/Irregular,False,NVIDIA GeForce RTX 4090,12.1,0,50,200,10,2708,2708,10556,128,3.89808,1.341127,168,TC_DIRECT,0.010701,0.619881,0.025264,0.645145,0.012027,0.424504,0.015171,0.020467,1.123908,0.657998,1.417703,0.031725,0.012016,0.672925,1.122951,1.04306,True,False,False,0.009171485900878906,0.12961481396815722,
Cora,Mixed/Irregular,False,NVIDIA GeForce RTX 4090,12.1,0,50,200,10,2708,2708,10556,128,3.89808,1.341127,168,COMMUNITY_TC,0.016152,0.813711,0.033853,0.847564,0.012027,0.424504,0.015171,0.020467,0.744574,0.500852,0.939209,0.024148,0.012016,0.672925,0.74394,0.793952,True,False,False,0.009171485900878906,0.12961481396815722,
Cora,Mixed/Irregular,False,NVIDIA GeForce RTX 4090,12.1,0,50,200,10,2708,2708,10556,128,3.89808,1.341127,168,SEGMENT_HYBRID,0.016481,0.573267,0.032733,0.606,0.012027,0.424504,0.015171,0.020467,0.72972,0.700502,0.920472,0.033774,0.012016,0.672925,0.729099,1.110438,True,False,False,0.009171485900878906,0.12961481396815722,
Cora,Mixed/Irregular,False,NVIDIA GeForce RTX 4090,12.1,0,50,200,10,2708,2708,10556,128,3.89808,1.341127,168,TC_DIRECT_TF32,0.0073,0.486278,0.017715,0.503994,0.012027,0.424504,0.015171,0.020467,1.647532,0.842281,2.078204,0.04061,0.012016,0.672925,1.646129,1.335186,True,False,False,0.009171485900878906,0.12961481396815722,
Cora,Mixed/Irregular,False,NVIDIA GeForce RTX 4090,12.1,0,50,200,10,2708,2708,10556,128,3.89808,1.341127,168,COMMUNITY_TC_TF32,0.012754,0.734302,0.026,0.760302,0.012027,0.424504,0.015171,0.020467,0.942982,0.558337,1.189482,0.02692,0.012016,0.672925,0.942179,0.885077,True,False,False,0.009171485900878906,0.12961481396815722,
Cora,Mixed/Irregular,False,NVIDIA GeForce RTX 4090,12.1,0,50,200,10,2708,2708,10556,128,3.89808,1.341127,168,SEGMENT_HYBRID_TF32,0.013005,0.500932,0.02488,0.525812,0.012027,0.424504,0.015171,0.020467,0.924768,0.807331,1.166507,0.038925,0.012016,0.672925,0.923981,1.279782,True,False,False,0.009171485900878906,0.12961481396815722,
Cora,Mixed/Irregular,False,NVIDIA GeForce RTX 4090,12.1,0,50,200,10,2708,2708,10556,128,3.89808,1.341127,168,CUSPARSE,0.012027,0.40773,0.016774,0.424504,0.012027,0.424504,0.015171,0.020467,1.0,1.0,1.261405,0.048214,0.012016,0.672925,,,True,False,False,0.0,0.0,
Cora,Mixed/Irregular,False,NVIDIA GeForce RTX 4090,12.1,0,50,200,10,2708,2708,10556,256,3.89808,1.341127,168,CSR_DIRECT,0.024699,0.0,0.030042,0.030042,0.012658,0.420843,0.024699,0.030042,0.512483,14.008661,1.0,1.0,0.012559,0.572102,,,True,False,False,1.1444091796875e-05,0.012961481396815721,
Cora,Mixed/Irregular,False,NVIDIA GeForce RTX 4090,12.1,0,50,200,10,2708,2708,10556,256,3.89808,1.341127,168,RODE_ENHANCED,0.026183,0.104876,0.033859,0.138735,0.012658,0.420843,0.024699,0.030042,0.483439,3.033428,0.943327,0.216539,0.012559,0.572102,,,True,False,False,1.0013580322265625e-05,0.012961481396815721,
Cora,Mixed/Irregular,False,NVIDIA GeForce RTX 4090,12.1,0,50,200,10,2708,2708,10556,256,3.89808,1.341127,168,ZERO_OVERHEAD_CSR,0.029763,0.038454,0.035421,0.073875,0.012658,0.420843,0.024699,0.030042,0.425291,5.696708,0.829864,0.406656,0.012559,0.572102,,,True,False,False,1.1444091796875e-05,0.012961481396815721,
Cora,Mixed/Irregular,False,NVIDIA GeForce RTX 4090,12.1,0,50,200,10,2708,2708,10556,256,3.89808,1.341127,168,TC_DIRECT,0.01067,0.577484,0.154634,0.732117,0.012658,0.420843,0.024699,0.030042,1.186285,0.574829,2.314779,0.041034,0.012559,0.572102,1.177063,0.781434,True,False,False,0.008368492126464844,0.12961481396815722,
Cora,Mixed/Irregular,False,NVIDIA GeForce RTX 4090,12.1,0,50,200,10,2708,2708,10556,256,3.89808,1.341127,168,COMMUNITY_TC,0.016231,0.908687,0.238595,1.147282,0.012658,0.420843,0.024699,0.030042,0.779841,0.366817,1.521692,0.026185,0.012559,0.572102,0.773779,0.498658,True,False,False,0.008368492126464844,0.12961481396815722,
Cora,Mixed/Irregular,False,NVIDIA GeForce RTX 4090,12.1,0,50,200,10,2708,2708,10556,256,3.89808,1.341127,168,SEGMENT_HYBRID,0.016308,0.610675,0.170115,0.780791,0.012658,0.420843,0.024699,0.030042,0.776176,0.538995,1.51454,0.038476,0.012559,0.572102,0.770142,0.732721,True,False,False,0.008368492126464844,0.12961481396815722,
Cora,Mixed/Irregular,False,NVIDIA GeForce RTX 4090,12.1,0,50,200,10,2708,2708,10556,256,3.89808,1.341127,168,TC_DIRECT_TF32,0.007706,0.452958,0.018723,0.471681,0.012658,0.420843,0.024699,0.030042,1.64267,0.892218,3.205315,0.06369,0.012559,0.572102,1.6299,1.212899,True,False,False,0.008368492126464844,0.12961481396815722,
Cora,Mixed/Irregular,False,NVIDIA GeForce RTX 4090,12.1,0,50,200,10,2708,2708,10556,256,3.89808,1.341127,168,COMMUNITY_TC_TF32,0.012605,0.661467,0.026326,0.687794,0.012658,0.420843,0.024699,0.030042,1.004151,0.611873,1.959383,0.043678,0.012559,0.572102,0.996344,0.831792,True,False,False,0.008368492126464844,0.12961481396815722,
Cora,Mixed/Irregular,False,NVIDIA GeForce RTX 4090,12.1,0,50,200,10,2708,2708,10556,256,3.89808,1.341127,168,SEGMENT_HYBRID_TF32,0.012882,0.483844,0.025386,0.50923,0.012658,0.420843,0.024699,0.030042,0.982599,0.826429,1.917329,0.058994,0.012559,0.572102,0.97496,1.123464,True,False,False,0.008368492126464844,0.12961481396815722,
Cora,Mixed/Irregular,False,NVIDIA GeForce RTX 4090,12.1,0,50,200,10,2708,2708,10556,256,3.89808,1.341127,168,CUSPARSE,0.012658,0.403873,0.01697,0.420843,0.012658,0.420843,0.024699,0.030042,1.0,1.0,1.951284,0.071384,0.012559,0.572102,,,True,False,False,0.0,0.0,
Cora,Mixed/Irregular,False,NVIDIA GeForce RTX 4090,12.1,0,50,200,10,2708,2708,10556,512,3.89808,1.341127,168,CSR_DIRECT,0.031529,0.0,0.036861,0.036861,0.013916,0.423889,0.031529,0.036861,0.441377,11.499723,1.0,1.0,0.013614,0.42354,,,True,False,False,1.52587890625e-05,0.012961481396815721,
Cora,Mixed/Irregular,False,NVIDIA GeForce RTX 4090,12.1,0,50,200,10,2708,2708,10556,512,3.89808,1.341127,168,RODE_ENHANCED,0.028841,0.105584,0.035251,0.140835,0.013916,0.423889,0.031529,0.036861,0.482514,3.00983,1.093201,0.261731,0.013614,0.42354,,,True,False,False,1.52587890625e-05,0.012961481396815721,
Cora,Mixed/Irregular,False,NVIDIA GeForce RTX 4090,12.1,0,50,200,10,2708,2708,10556,512,3.89808,1.341127,168,ZERO_OVERHEAD_CSR,0.033224,0.038408,0.039155,0.077563,0.013916,0.423889,0.031529,0.036861,0.418863,5.465079,0.948991,0.475236,0.013614,0.42354,,,True,False,False,1.52587890625e-05,0.012961481396815721,
Cora,Mixed/Irregular,False,NVIDIA GeForce RTX 4090,12.1,0,50,200,10,2708,2708,10556,512,3.89808,1.341127,168,TC_DIRECT,0.011366,0.60725,0.206944,0.814194,0.013916,0.423889,0.031529,0.036861,1.224411,0.520624,2.774069,0.045273,0.013614,0.42354,1.197832,0.520195,True,False,False,0.00832366943359375,0.12961481396815722,
Cora,Mixed/Irregular,False,NVIDIA GeForce RTX 4090,12.1,0,50,200,10,2708,2708,10556,512,3.89808,1.341127,168,COMMUNITY_TC,0.016552,0.783588,0.1748,0.958388,0.013916,0.423889,0.031529,0.036861,0.840762,0.442294,1.904861,0.038461,0.013614,0.42354,0.822512,0.441929,True,False,False,0.00832366943359375,0.12961481396815722,
Cora,Mixed/Irregular,False,NVIDIA GeForce RTX 4090,12.1,0,50,200,10,2708,2708,10556,512,3.89808,1.341127,168,SEGMENT_HYBRID,0.016466,0.576595,0.163226,0.73982,0.013916,0.423889,0.031529,0.036861,0.845149,0.572962,1.914801,0.049824,0.013614,0.42354,0.826803,0.57249,True,False,False,0.00832366943359375,0.12961481396815722,
Cora,Mixed/Irregular,False,NVIDIA GeForce RTX 4090,12.1,0,50,200,10,2708,2708,10556,512,3.89808,1.341127,168,TC_DIRECT_TF32,0.009661,0.482114,0.018643,0.500757,0.013916,0.423889,0.031529,0.036861,1.440382,0.846496,3.263381,0.07361,0.013614,0.42354,1.409115,0.845799,True,False,False,0.00832366943359375,0.12961481396815722,
Cora,Mixed/Irregular,False,NVIDIA GeForce RTX 4090,12.1,0,50,200,10,2708,2708,10556,512,3.89808,1.341127,168,COMMUNITY_TC_TF32,0.012959,0.690433,0.026422,0.716856,0.013916,0.423889,0.031529,0.036861,1.073884,0.591317,2.43303,0.05142,0.013614,0.42354,1.050573,0.59083,True,False,False,0.00832366943359375,0.12961481396815722,
Cora,Mixed/Irregular,False,NVIDIA GeForce RTX 4090,12.1,0,50,200,10,2708,2708,10556,512,3.89808,1.341127,168,SEGMENT_HYBRID_TF32,0.013562,0.478295,0.025203,0.503499,0.013916,0.423889,0.031529,0.036861,1.026096,0.841887,2.324761,0.073209,0.013614,0.42354,1.003822,0.841194,True,False,False,0.00832366943359375,0.12961481396815722,
Cora,Mixed/Irregular,False,NVIDIA GeForce RTX 4090,12.1,0,50,200,10,2708,2708,10556,512,3.89808,1.341127,168,CUSPARSE,0.013916,0.406027,0.017862,0.423889,0.013916,0.423889,0.031529,0.036861,1.0,1.0,2.265636,0.086959,0.013614,0.42354,,,True,False,False,0.0,0.0,
Flickr,Mixed/Irregular,False,NVIDIA GeForce RTX 4090,12.1,0,50,200,10,89250,89250,899756,64,10.0813,3.149276,5425,CSR_DIRECT,0.489206,0.0,0.495466,0.495466,0.072658,0.468136,0.489206,0.495466,0.148522,0.944841,1.0,1.0,0.059791,0.498661,,,True,False,False,0.00032806396484375,0.07365459931328118,
Flickr,Mixed/Irregular,False,NVIDIA GeForce RTX 4090,12.1,0,50,200,10,89250,89250,899756,64,10.0813,3.149276,5425,RODE_ENHANCED,0.084669,1.487582,0.108378,1.59596,0.072658,0.468136,0.489206,0.495466,0.858136,0.293326,5.777831,0.31045,0.059791,0.498661,,,True,False,False,7.62939453125e-05,0.07365459931328118,
Flickr,Mixed/Irregular,False,NVIDIA GeForce RTX 4090,12.1,0,50,200,10,89250,89250,899756,64,10.0813,3.149276,5425,ZERO_OVERHEAD_CSR,0.083717,0.370508,0.091555,0.462063,0.072658,0.468136,0.489206,0.495466,0.867898,1.013142,5.843557,1.072289,0.059791,0.498661,,,True,False,False,6.866455078125e-05,0.07365459931328118,
Flickr,Mixed/Irregular,False,NVIDIA GeForce RTX 4090,12.1,0,50,200,10,89250,89250,899756,64,10.0813,3.149276,5425,TC_DIRECT,0.122526,15.164149,0.405462,15.569612,0.072658,0.468136,0.489206,0.495466,0.592999,0.030067,3.992661,0.031823,0.059791,0.498661,0.487988,0.032028,True,False,False,0.036285400390625,0.7365459931328118,
Flickr,Mixed/Irregular,False,NVIDIA GeForce RTX 4090,12.1,0,50,200,10,89250,89250,899756,64,10.0813,3.149276,5425,COMMUNITY_TC,0.115932,20.649126,0.364608,21.013734,0.072658,0.468136,0.489206,0.495466,0.626728,0.022278,4.219759,0.023578,0.059791,0.498661,0.515744,0.02373,True,False,False,0.036285400390625,0.7365459931328118,
Flickr,Mixed/Irregular,False,NVIDIA GeForce RTX 4090,12.1,0,50,200,10,89250,89250,899756,64,10.0813,3.149276,5425,SEGMENT_HYBRID,0.064364,13.715777,0.413776,14.129553,0.072658,0.468136,0.489206,0.495466,1.128868,0.033132,7.600668,0.035066,0.059791,0.498661,0.928964,0.035292,True,False,False,0.03632354736328125,0.7365459931328118,
Flickr,Mixed/Irregular,False,NVIDIA GeForce RTX 4090,12.1,0,50,200,10,89250,89250,899756,64,10.0813,3.149276,5425,TC_DIRECT_TF32,0.160384,14.92362,0.2388,15.16242,0.072658,0.468136,0.489206,0.495466,0.453025,0.030875,3.050215,0.032677,0.059791,0.498661,0.372801,0.032888,True,False,False,0.036285400390625,0.7365459931328118,
Flickr,Mixed/Irregular,False,NVIDIA GeForce RTX 4090,12.1,0,50,200,10,89250,89250,899756,64,10.0813,3.149276,5425,COMMUNITY_TC_TF32,0.151235,21.18121,0.23881,21.420019,0.072658,0.468136,0.489206,0.495466,0.480432,0.021855,3.234748,0.023131,0.059791,0.498661,0.395355,0.02328,True,False,False,0.036285400390625,0.7365459931328118,
Flickr,Mixed/Irregular,False,NVIDIA GeForce RTX 4090,12.1,0,50,200,10,89250,89250,899756,64,10.0813,3.149276,5425,SEGMENT_HYBRID_TF32,0.072125,15.277448,0.146522,15.42397,0.072658,0.468136,0.489206,0.495466,1.007383,0.030351,6.782707,0.032123,0.059791,0.498661,0.828991,0.03233,True,False,False,0.03632354736328125,0.7365459931328118,
Flickr,Mixed/Irregular,False,NVIDIA GeForce RTX 4090,12.1,0,50,200,10,89250,89250,899756,64,10.0813,3.149276,5425,CUSPARSE,0.072658,0.390347,0.077789,0.468136,0.072658,0.468136,0.489206,0.495466,1.0,1.0,6.733,1.05838,0.059791,0.498661,,,True,False,False,0.0,0.0,
Flickr,Mixed/Irregular,False,NVIDIA GeForce RTX 4090,12.1,0,50,200,10,89250,89250,899756,128,10.0813,3.149276,5425,CSR_DIRECT,0.563205,0.0,0.568726,0.568726,0.157455,0.557754,0.563205,0.568726,0.27957,0.980707,1.0,1.0,0.099645,0.540961,,,True,False,False,0.0002899169921875,0.07365459931328118,
Flickr,Mixed/Irregular,False,NVIDIA GeForce RTX 4090,12.1,0,50,200,10,89250,89250,899756,128,10.0813,3.149276,5425,RODE_ENHANCED,0.146253,1.160114,0.165994,1.326108,0.157455,0.557754,0.563205,0.568726,1.076597,0.420595,3.850901,0.428869,0.099645,0.540961,,,True,False,False,7.62939453125e-05,0.07365459931328118,
Flickr,Mixed/Irregular,False,NVIDIA GeForce RTX 4090,12.1,0,50,200,10,89250,89250,899756,128,10.0813,3.149276,5425,ZERO_OVERHEAD_CSR,0.141921,0.363114,0.153139,0.516253,0.157455,0.557754,0.563205,0.568726,1.109456,1.080388,3.968433,1.101642,0.099645,0.540961,,,True,False,False,7.62939453125e-05,0.07365459931328118,
Flickr,Mixed/Irregular,False,NVIDIA GeForce RTX 4090,12.1,0,50,200,10,89250,89250,899756,128,10.0813,3.149276,5425,TC_DIRECT,0.259031,14.797174,0.488432,15.285606,0.157455,0.557754,0.563205,0.568726,0.607864,0.036489,2.174279,0.037207,0.099645,0.540961,0.384686,0.03539,True,False,False,0.04026031494140625,0.7365459931328118,
Flickr,Mixed/Irregular,False,NVIDIA GeForce RTX 4090,12.1,0,50,200,10,89250,89250,899756,128,10.0813,3.149276,5425,COMMUNITY_TC,0.273567,20.946423,0.512522,21.458945,0.157455,0.557754,0.563205,0.568726,0.575565,0.025992,2.058749,0.026503,0.099645,0.540961,0.364245,0.025209,True,False,False,0.04026031494140625,0.7365459931328118,
Flickr,Mixed/Irregular,False,NVIDIA GeForce RTX 4090,12.1,0,50,200,10,89250,89250,899756,128,10.0813,3.149276,5425,SEGMENT_HYBRID,0.197903,15.047564,0.538394,15.585958,0.157455,0.557754,0.563205,0.568726,0.795617,0.035786,2.845859,0.03649,0.099645,0.540961,0.503506,0.034708,True,False,False,0.0402679443359375,0.7365459931328118,
Flickr,Mixed/Irregular,False,NVIDIA GeForce RTX 4090,12.1,0,50,200,10,89250,89250,899756,128,10.0813,3.149276,5425,TC_DIRECT_TF32,0.297477,15.098651,0.333098,15.431748,0.157455,0.557754,0.563205,0.568726,0.529302,0.036143,1.893272,0.036854,0.099645,0.540961,0.334968,0.035055,True,False,False,0.04019927978515625,0.7365459931328118,
Flickr,Mixed/Irregular,False,NVIDIA GeForce RTX 4090,12.1,0,50,200,10,89250,89250,899756,128,10.0813,3.149276,5425,COMMUNITY_TC_TF32,0.300503,21.167719,0.35191,21.519629,0.157455,0.557754,0.563205,0.568726,0.523973,0.025918,1.874208,0.026428,0.099645,0.540961,0.331595,0.025138,True,False,False,0.04019927978515625,0.7365459931328118,
Flickr,Mixed/Irregular,False,NVIDIA GeForce RTX 4090,12.1,0,50,200,10,89250,89250,899756,128,10.0813,3.149276,5425,SEGMENT_HYBRID_TF32,0.184438,15.506141,0.24177,15.747911,0.157455,0.557754,0.563205,0.568726,0.853705,0.035418,3.053632,0.036114,0.099645,0.540961,0.540266,0.034351,True,False,False,0.0402069091796875,0.7365459931328118,
Flickr,Mixed/Irregular,False,NVIDIA GeForce RTX 4090,12.1,0,50,200,10,89250,89250,899756,128,10.0813,3.149276,5425,CUSPARSE,0.157455,0.392586,0.165168,0.557754,0.157455,0.557754,0.563205,0.568726,1.0,1.0,3.576919,1.019673,0.099645,0.540961,,,True,False,False,0.0,0.0,
Flickr,Mixed/Irregular,False,NVIDIA GeForce RTX 4090,12.1,0,50,200,10,89250,89250,899756,256,10.0813,3.149276,5425,CSR_DIRECT,1.292518,0.0,1.296406,1.296406,0.396493,0.816454,1.292518,1.296406,0.30676,0.629783,1.0,1.0,0.30762,0.766348,,,True,False,False,0.000335693359375,0.07365459931328118,
Flickr,Mixed/Irregular,False,NVIDIA GeForce RTX 4090,12.1,0,50,200,10,89250,89250,899756,256,10.0813,3.149276,5425,RODE_ENHANCED,0.368292,1.130515,0.386774,1.51729,0.396493,0.816454,1.292518,1.296406,1.076573,0.5381,3.509497,0.854422,0.30762,0.766348,,,True,False,False,0.0001068115234375,0.07365459931328118,
Flickr,Mixed/Irregular,False,NVIDIA GeForce RTX 4090,12.1,0,50,200,10,89250,89250,899756,256,10.0813,3.149276,5425,ZERO_OVERHEAD_CSR,0.378342,0.349582,0.388336,0.737918,0.396493,0.816454,1.292518,1.296406,1.047974,1.10643,3.416266,1.756843,0.30762,0.766348,,,True,False,False,0.0001068115234375,0.07365459931328118,
Flickr,Mixed/Irregular,False,NVIDIA GeForce RTX 4090,12.1,0,50,200,10,89250,89250,899756,256,10.0813,3.149276,5425,TC_DIRECT,0.429568,14.63839,0.675338,15.313727,0.396493,0.816454,1.292518,1.296406,0.923004,0.053315,3.00888,0.084656,0.30762,0.766348,0.716114,0.050043,True,False,False,0.049297332763671875,0.7365459931328118,
Flickr,Mixed/Irregular,False,NVIDIA GeForce RTX 4090,12.1,0,50,200,10,89250,89250,899756,256,10.0813,3.149276,5425,COMMUNITY_TC,0.496865,20.459732,0.709098,21.16883,0.396493,0.816454,1.292518,1.296406,0.797989,0.038569,2.601346,0.061241,0.30762,0.766348,0.619121,0.036202,True,False,False,0.049297332763671875,0.7365459931328118,
Flickr,Mixed/Irregular,False,NVIDIA GeForce RTX 4090,12.1,0,50,200,10,89250,89250,899756,256,10.0813,3.149276,5425,SEGMENT_HYBRID,0.434888,15.302077,0.644582,15.94666,0.396493,0.816454,1.292518,1.296406,0.911713,0.051199,2.972074,0.081296,0.30762,0.766348,0.707355,0.048057,True,False,False,0.049312591552734375,0.7365459931328118,
Flickr,Mixed/Irregular,False,NVIDIA GeForce RTX 4090,12.1,0,50,200,10,89250,89250,899756,256,10.0813,3.149276,5425,TC_DIRECT_TF32,0.44332,14.90174,0.48273,15.384469,0.396493,0.816454,1.292518,1.296406,0.894371,0.05307,2.915541,0.084267,0.30762,0.766348,0.6939,0.049813,True,False,False,0.051250457763671875,0.7365459931328118,
Flickr,Mixed/Irregular,False,NVIDIA GeForce RTX 4090,12.1,0,50,200,10,89250,89250,899756,256,10.0813,3.149276,5425,COMMUNITY_TC_TF32,0.498545,20.28439,0.550842,20.835231,0.396493,0.816454,1.292518,1.296406,0.7953,0.039186,2.592583,0.062222,0.30762,0.766348,0.617036,0.036781,True,False,False,0.051250457763671875,0.7365459931328118,
Flickr,Mixed/Irregular,False,NVIDIA GeForce RTX 4090,12.1,0,50,200,10,89250,89250,899756,256,10.0813,3.149276,5425,SEGMENT_HYBRID_TF32,0.395725,15.224236,0.647453,15.871689,0.396493,0.816454,1.292518,1.296406,1.001941,0.051441,3.266205,0.08168,0.30762,0.766348,0.777358,0.048284,True,False,False,0.05126762390136719,0.7365459931328118,
Flickr,Mixed/Irregular,False,NVIDIA GeForce RTX 4090,12.1,0,50,200,10,89250,89250,899756,256,10.0813,3.149276,5425,CUSPARSE,0.396493,0.396538,0.419917,0.816454,0.396493,0.816454,1.292518,1.296406,1.0,1.0,3.259879,1.587849,0.30762,0.766348,,,True,False,False,0.0,0.0,
Flickr,Mixed/Irregular,False,NVIDIA GeForce RTX 4090,12.1,0,50,200,10,89250,89250,899756,512,10.0813,3.149276,5425,CSR_DIRECT,2.326538,0.0,2.333702,2.333702,0.777093,1.197995,2.326538,2.333702,0.334013,0.513345,1.0,1.0,0.611076,1.120511,,,True,False,False,0.0004425048828125,0.07365459931328118,
Flickr,Mixed/Irregular,False,NVIDIA GeForce RTX 4090,12.1,0,50,200,10,89250,89250,899756,512,10.0813,3.149276,5425,RODE_ENHANCED,1.051151,1.205168,1.076736,2.281904,0.777093,1.197995,2.326538,2.333702,0.739278,0.524998,2.213324,1.0227,0.611076,1.120511,,,True,False,False,0.0001373291015625,0.07365459931328118,
Flickr,Mixed/Irregular,False,NVIDIA GeForce RTX 4090,12.1,0,50,200,10,89250,89250,899756,512,10.0813,3.149276,5425,ZERO_OVERHEAD_CSR,1.035351,0.353614,1.046794,1.400408,0.777093,1.197995,2.326538,2.333702,0.75056,0.855462,2.247101,1.666445,0.611076,1.120511,,,True,False,False,0.000152587890625,0.07365459931328118,
Flickr,Mixed/Irregular,False,NVIDIA GeForce RTX 4090,12.1,0,50,200,10,89250,89250,899756,512,10.0813,3.149276,5425,TC_DIRECT,0.783918,14.689765,1.038339,15.728104,0.777093,1.197995,2.326538,2.333702,0.991294,0.076169,2.967833,0.148378,0.611076,1.120511,0.779516,0.071243,True,False,False,0.049818992614746094,0.7365459931328118,
Flickr,Mixed/Irregular,False,NVIDIA GeForce RTX 4090,12.1,0,50,200,10,89250,89250,899756,512,10.0813,3.149276,5425,COMMUNITY_TC,0.945398,20.958452,1.220707,22.179159,0.777093,1.197995,2.326538,2.333702,0.821975,0.054014,2.460909,0.105221,0.611076,1.120511,0.64637,0.050521,True,False,False,0.049818992614746094,0.7365459931328118,
Flickr,Mixed/Irregular,False,NVIDIA GeForce RTX 4090,12.1,0,50,200,10,89250,89250,899756,512,10.0813,3.149276,5425,SEGMENT_HYBRID,0.883092,15.029893,1.002621,16.032513,0.777093,1.197995,2.326538,2.333702,0.879968,0.074723,2.634535,0.145561,0.611076,1.120511,0.691973,0.06989,True,False,False,0.049841880798339844,0.7365459931328118,
Flickr,Mixed/Irregular,False,NVIDIA GeForce RTX 4090,12.1,0,50,200,10,89250,89250,899756,512,10.0813,3.149276,5425,TC_DIRECT_TF32,0.735288,14.990669,0.773331,15.764001,0.777093,1.197995,2.326538,2.333702,1.056855,0.075996,3.164117,0.14804,0.611076,1.120511,0.831071,0.07108,True,False,False,0.049818992614746094,0.7365459931328118,
Flickr,Mixed/Irregular,False,NVIDIA GeForce RTX 4090,12.1,0,50,200,10,89250,89250,899756,512,10.0813,3.149276,5425,COMMUNITY_TC_TF32,0.887311,23.41901,0.949046,24.368057,0.777093,1.197995,2.326538,2.333702,0.875784,0.049163,2.622009,0.095769,0.611076,1.120511,0.688683,0.045983,True,False,False,0.049818992614746094,0.7365459931328118,
Flickr,Mixed/Irregular,False,NVIDIA GeForce RTX 4090,12.1,0,50,200,10,89250,89250,899756,512,10.0813,3.149276,5425,SEGMENT_HYBRID_TF32,0.790922,14.942941,0.90239,15.845332,0.777093,1.197995,2.326538,2.333702,0.982515,0.075606,2.941551,0.14728,0.611076,1.120511,0.772613,0.070716,True,False,False,0.049841880798339844,0.7365459931328118,
Flickr,Mixed/Irregular,False,NVIDIA GeForce RTX 4090,12.1,0,50,200,10,89250,89250,899756,512,10.0813,3.149276,5425,CUSPARSE,0.777093,0.396424,0.801571,1.197995,0.777093,1.197995,2.326538,2.333702,1.0,1.0,2.993899,1.948006,0.611076,1.120511,,,True,False,False,0.0,0.0,
PPI,Mixed/Irregular,False,NVIDIA GeForce RTX 4090,12.1,0,50,200,10,1767,1767,32318,64,18.289757,1.454402,286,CSR_DIRECT,0.023623,0.0,0.030221,0.030221,0.017597,0.445276,0.023623,0.030221,0.744942,14.734087,1.0,1.0,0.017654,0.434521,,,True,False,False,2.288818359375e-05,0.016911534525287764,
PPI,Mixed/Irregular,False,NVIDIA GeForce RTX 4090,12.1,0,50,200,10,1767,1767,32318,64,18.289757,1.454402,286,RODE_ENHANCED,0.036756,0.108551,0.048666,0.157217,0.017597,0.445276,0.023623,0.030221,0.478758,2.832236,0.642677,0.192223,0.017654,0.434521,,,True,False,False,2.09808349609375e-05,0.016911534525287764,
PPI,Mixed/Irregular,False,NVIDIA GeForce RTX 4090,12.1,0,50,200,10,1767,1767,32318,64,18.289757,1.454402,286,ZERO_OVERHEAD_CSR,0.036111,0.042213,0.043782,0.085996,0.017597,0.445276,0.023623,0.030221,0.48731,5.177892,0.654159,0.351423,0.017654,0.434521,,,True,False,False,2.09808349609375e-05,0.016911534525287764,
PPI,Mixed/Irregular,False,NVIDIA GeForce RTX 4090,12.1,0,50,200,10,1767,1767,32318,64,18.289757,1.454402,286,TC_DIRECT,0.023363,1.712893,0.056726,1.769619,0.017597,0.445276,0.023623,0.030221,0.753233,0.251622,1.011129,0.017078,0.017654,0.434521,0.75565,0.245545,True,False,False,0.010504722595214844,0.16911534525287764,
PPI,Mixed/Irregular,False,NVIDIA GeForce RTX 4090,12.1,0,50,200,10,1767,1767,32318,64,18.289757,1.454402,286,COMMUNITY_TC,0.028477,2.55809,0.064752,2.622842,0.017597,0.445276,0.023623,0.030221,0.617943,0.169768,0.829518,0.011522,0.017654,0.434521,0.619927,0.165668,True,False,False,0.010504722595214844,0.16911534525287764,
PPI,Mixed/Irregular,False,NVIDIA GeForce RTX 4090,12.1,0,50,200,10,1767,1767,32318,64,18.289757,1.454402,286,SEGMENT_HYBRID,0.023634,1.202625,0.051933,1.254557,0.017597,0.445276,0.023623,0.030221,0.744584,0.354927,0.999519,0.024089,0.017654,0.434521,0.746974,0.346354,True,False,False,0.010504722595214844,0.16911534525287764,
PPI,Mixed/Irregular,False,NVIDIA GeForce RTX 4090,12.1,0,50,200,10,1767,1767,32318,64,18.289757,1.454402,286,TC_DIRECT_TF32,0.010578,1.092777,0.028899,1.121676,0.017597,0.445276,0.023623,0.030221,1.663601,0.396974,2.233195,0.026943,0.017654,0.434521,1.668941,0.387385,True,False,False,0.010504722595214844,0.16911534525287764,
PPI,Mixed/Irregular,False,NVIDIA GeForce RTX 4090,12.1,0,50,200,10,1767,1767,32318,64,18.289757,1.454402,286,COMMUNITY_TC_TF32,0.016291,1.778497,0.038115,1.816613,0.017597,0.445276,0.023623,0.030221,1.080213,0.245113,1.450062,0.016636,0.017654,0.434521,1.08368,0.239193,True,False,False,0.010504722595214844,0.16911534525287764,
PPI,Mixed/Irregular,False,NVIDIA GeForce RTX 4090,12.1,0,50,200,10,1767,1767,32318,64,18.289757,1.454402,286,SEGMENT_HYBRID_TF32,0.01492,0.975635,0.033277,1.008912,0.017597,0.445276,0.023623,0.030221,1.179478,0.441343,1.583315,0.029954,0.017654,0.434521,1.183264,0.430682,True,False,False,0.010504722595214844,0.16911534525287764,
PPI,Mixed/Irregular,False,NVIDIA GeForce RTX 4090,12.1,0,50,200,10,1767,1767,32318,64,18.289757,1.454402,286,CUSPARSE,0.017597,0.42206,0.023216,0.445276,0.017597,0.445276,0.023623,0.030221,1.0,1.0,1.342386,0.06787,0.017654,0.434521,,,True,False,False,0.0,0.0,
PPI,Mixed/Irregular,False,NVIDIA GeForce RTX 4090,12.1,0,50,200,10,1767,1767,32318,128,18.289757,1.454402,286,CSR_DIRECT,0.024494,0.0,0.030019,0.030019,0.017946,0.413765,0.024494,0.030019,0.73265,13.783352,1.0,1.0,0.017679,0.424416,,,True,False,False,3.62396240234375e-05,0.016911534525287764,
PPI,Mixed/Irregular,False,NVIDIA GeForce RTX 4090,12.1,0,50,200,10,1767,1767,32318,128,18.289757,1.454402,286,RODE_ENHANCED,0.038994,0.10751,0.050701,0.158211,0.017946,0.413765,0.024494,0.030019,0.46021,2.615276,0.628144,0.189742,0.017679,0.424416,,,True,False,False,3.0517578125e-05,0.016911534525287764,
PPI,Mixed/Irregular,False,NVIDIA GeForce RTX 4090,12.1,0,50,200,10,1767,1767,32318,128,18.289757,1.454402,286,ZERO_OVERHEAD_CSR,0.036992,0.042936,0.044538,0.087474,0.017946,0.413765,0.024494,0.030019,0.485121,4.730162,0.662145,0.343179,0.017679,0.424416,,,True,False,False,3.0517578125e-05,0.016911534525287764,
PPI,Mixed/Irregular,False,NVIDIA GeForce RTX 4090,12.1,0,50,200,10,1767,1767,32318,128,18.289757,1.454402,286,TC_DIRECT,0.010552,1.741966,0.257136,1.999102,0.017946,0.413765,0.024494,0.030019,1.700631,0.206976,2.321203,0.015016,0.017679,0.424416,1.6754,0.212304,True,False,False,0.009484291076660156,0.16911534525287764,
PPI,Mixed/Irregular,False,NVIDIA GeForce RTX 4090,12.1,0,50,200,10,1767,1767,32318,128,18.289757,1.454402,286,COMMUNITY_TC,0.015835,1.599538,0.200141,1.799678,0.017946,0.413765,0.024494,0.030019,1.133273,0.229911,1.546812,0.01668,0.017679,0.424416,1.116459,0.235829,True,False,False,0.009484291076660156,0.16911534525287764,
PPI,Mixed/Irregular,False,NVIDIA GeForce RTX 4090,12.1,0,50,200,10,1767,1767,32318,128,18.289757,1.454402,286,SEGMENT_HYBRID,0.016229,1.423317,0.189629,1.612946,0.017946,0.413765,0.024494,0.030019,1.105744,0.256528,1.509238,0.018611,0.017679,0.424416,1.089339,0.263131,True,False,False,0.009484291076660156,0.16911534525287764,
PPI,Mixed/Irregular,False,NVIDIA GeForce RTX 4090,12.1,0,50,200,10,1767,1767,32318,128,18.289757,1.454402,286,TC_DIRECT_TF32,0.009472,1.027103,0.021395,1.048499,0.017946,0.413765,0.024494,0.030019,1.894594,0.394626,2.585946,0.028631,0.017679,0.424416,1.866486,0.404785,True,False,False,0.009484291076660156,0.16911534525287764,
PPI,Mixed/Irregular,False,NVIDIA GeForce RTX 4090,12.1,0,50,200,10,1767,1767,32318,128,18.289757,1.454402,286,COMMUNITY_TC_TF32,0.013761,1.38595,0.030166,1.416117,0.017946,0.413765,0.024494,0.030019,1.304049,0.292183,1.779907,0.021198,0.017679,0.424416,1.284703,0.299704,True,False,False,0.009484291076660156,0.16911534525287764,
PPI,Mixed/Irregular,False,NVIDIA GeForce RTX 4090,12.1,0,50,200,10,1767,1767,32318,128,18.289757,1.454402,286,SEGMENT_HYBRID_TF32,0.012861,0.939373,0.028282,0.967654,0.017946,0.413765,0.024494,0.030019,1.395302,0.427596,1.904459,0.031023,0.017679,0.424416,1.374602,0.438603,True,False,False,0.009484291076660156,0.16911534525287764,
PPI,Mixed/Irregular,False,NVIDIA GeForce RTX 4090,12.1,0,50,200,10,1767,1767,32318,128,18.289757,1.454402,286,CUSPARSE,0.017946,0.391324,0.022442,0.413765,0.017946,0.413765,0.024494,0.030019,1.0,1.0,1.364907,0.072551,0.017679,0.424416,,,True,False,False,0.0,0.0,
PPI,Mixed/Irregular,False,NVIDIA GeForce RTX 4090,12.1,0,50,200,10,1767,1767,32318,256,18.289757,1.454402,286,CSR_DIRECT,0.039506,0.0,0.045133,0.045133,0.019727,0.410494,0.039506,0.045133,0.499352,9.095256,1.0,1.0,0.018687,0.422285,,,True,False,False,3.4332275390625e-05,0.016911534525287764,
PPI,Mixed/Irregular,False,NVIDIA GeForce RTX 4090,12.1,0,50,200,10,1767,1767,32318,256,18.289757,1.454402,286,RODE_ENHANCED,0.042803,0.101786,0.052634,0.154419,0.019727,0.410494,0.039506,0.045133,0.460885,2.658308,0.922966,0.292274,0.018687,0.422285,,,True,False,False,3.0517578125e-05,0.016911534525287764,
PPI,Mixed/Irregular,False,NVIDIA GeForce RTX 4090,12.1,0,50,200,10,1767,1767,32318,256,18.289757,1.454402,286,ZERO_OVERHEAD_CSR,0.041595,0.042351,0.049424,0.091775,0.019727,0.410494,0.039506,0.045133,0.474274,4.472815,0.949778,0.491775,0.018687,0.422285,,,True,False,False,3.0517578125e-05,0.016911534525287764,
PPI,Mixed/Irregular,False,NVIDIA GeForce RTX 4090,12.1,0,50,200,10,1767,1767,32318,256,18.289757,1.454402,286,TC_DIRECT,0.011095,1.9935,0.034058,2.027557,0.019727,0.410494,0.039506,0.045133,1.778034,0.202458,3.560683,0.02226,0.018687,0.422285,1.684299,0.208273,True,False,False,0.011156082153320312,0.16911534525287764,
PPI,Mixed/Irregular,False,NVIDIA GeForce RTX 4090,12.1,0,50,200,10,1767,1767,32318,256,18.289757,1.454402,286,COMMUNITY_TC,0.015964,2.141645,0.051542,2.193188,0.019727,0.410494,0.039506,0.045133,1.235728,0.187168,2.474663,0.020579,0.018687,0.422285,1.170582,0.192544,True,False,False,0.011156082153320312,0.16911534525287764,
PPI,Mixed/Irregular,False,NVIDIA GeForce RTX 4090,12.1,0,50,200,10,1767,1767,32318,256,18.289757,1.454402,286,SEGMENT_HYBRID,0.01602,1.432481,0.046483,1.478964,0.019727,0.410494,0.039506,0.045133,1.231396,0.277555,2.465988,0.030516,0.018687,0.422285,1.166479,0.285527,True,False,False,0.011156082153320312,0.16911534525287764,
PPI,Mixed/Irregular,False,NVIDIA GeForce RTX 4090,12.1,0,50,200,10,1767,1767,32318,256,18.289757,1.454402,286,TC_DIRECT_TF32,0.011755,1.08276,0.021046,1.103807,0.019727,0.410494,0.039506,0.045133,1.678204,0.37189,3.360765,0.040888,0.018687,0.422285,1.589732,0.382571,True,False,False,0.011156082153320312,0.16911534525287764,
PPI,Mixed/Irregular,False,NVIDIA GeForce RTX 4090,12.1,0,50,200,10,1767,1767,32318,256,18.289757,1.454402,286,COMMUNITY_TC_TF32,0.015867,1.412423,0.030835,1.443258,0.019727,0.410494,0.039506,0.045133,1.243304,0.284422,2.489835,0.031271,0.018687,0.422285,1.177759,0.292591,True,False,False,0.011156082153320312,0.16911534525287764,
PPI,Mixed/Irregular,False,NVIDIA GeForce RTX 4090,12.1,0,50,200,10,1767,1767,32318,256,18.289757,1.454402,286,SEGMENT_HYBRID_TF32,0.014377,0.926056,0.029296,0.955352,0.019727,0.410494,0.039506,0.045133,1.372151,0.429679,2.747863,0.047242,0.018687,0.422285,1.299813,0.44202,True,False,False,0.011156082153320312,0.16911534525287764,
PPI,Mixed/Irregular,False,NVIDIA GeForce RTX 4090,12.1,0,50,200,10,1767,1767,32318,256,18.289757,1.454402,286,CUSPARSE,0.019727,0.386651,0.023843,0.410494,0.019727,0.410494,0.039506,0.045133,1.0,1.0,2.002595,0.109947,0.018687,0.422285,,,True,False,False,0.0,0.0,
PPI,Mixed/Irregular,False,NVIDIA GeForce RTX 4090,12.1,0,50,200,10,1767,1767,32318,512,18.289757,1.454402,286,CSR_DIRECT,0.051917,0.0,0.057555,0.057555,0.03159,0.473744,0.051917,0.057555,0.608481,8.231127,1.0,1.0,0.02582,0.473466,,,True,False,False,2.6702880859375e-05,0.016911534525287764,
PPI,Mixed/Irregular,False,NVIDIA GeForce RTX 4090,12.1,0,50,200,10,1767,1767,32318,512,18.289757,1.454402,286,RODE_ENHANCED,0.051763,0.099954,0.059981,0.159935,0.03159,0.473744,0.051917,0.057555,0.610287,2.962099,1.002967,0.359866,0.02582,0.473466,,,True,False,False,2.09808349609375e-05,0.016911534525287764,
PPI,Mixed/Irregular,False,NVIDIA GeForce RTX 4090,12.1,0,50,200,10,1767,1767,32318,512,18.289757,1.454402,286,ZERO_OVERHEAD_CSR,0.048348,0.040552,0.05559,0.096142,0.03159,0.473744,0.051917,0.057555,0.653394,4.927552,1.073811,0.598648,0.02582,0.473466,,,True,False,False,2.09808349609375e-05,0.016911534525287764,
PPI,Mixed/Irregular,False,NVIDIA GeForce RTX 4090,12.1,0,50,200,10,1767,1767,32318,512,18.289757,1.454402,286,TC_DIRECT,0.01601,1.782086,0.172432,1.954518,0.03159,0.473744,0.051917,0.057555,1.973137,0.242384,3.242725,0.029447,0.02582,0.473466,1.612708,0.242242,True,False,False,0.011363983154296875,0.16911534525287764,
PPI,Mixed/Irregular,False,NVIDIA GeForce RTX 4090,12.1,0,50,200,10,1767,1767,32318,512,18.289757,1.454402,286,COMMUNITY_TC,0.019231,1.707729,0.196653,1.904382,0.03159,0.473744,0.051917,0.057555,1.642705,0.248765,2.699681,0.030223,0.02582,0.473466,1.342635,0.248619,True,False,False,0.011363983154296875,0.16911534525287764,
PPI,Mixed/Irregular,False,NVIDIA GeForce RTX 4090,12.1,0,50,200,10,1767,1767,32318,512,18.289757,1.454402,286,SEGMENT_HYBRID,0.019343,1.269612,0.188397,1.458009,0.03159,0.473744,0.051917,0.057555,1.633166,0.324925,2.684004,0.039475,0.02582,0.473466,1.334839,0.324734,True,False,False,0.011363983154296875,0.16911534525287764,
PPI,Mixed/Irregular,False,NVIDIA GeForce RTX 4090,12.1,0,50,200,10,1767,1767,32318,512,18.289757,1.454402,286,TC_DIRECT_TF32,0.018442,1.089635,0.028771,1.118406,0.03159,0.473744,0.051917,0.057555,1.712937,0.423589,2.815103,0.051462,0.02582,0.473466,1.400038,0.42334,True,False,False,0.011363983154296875,0.16911534525287764,
PPI,Mixed/Irregular,False,NVIDIA GeForce RTX 4090,12.1,0,50,200,10,1767,1767,32318,512,18.289757,1.454402,286,COMMUNITY_TC_TF32,0.021504,1.486307,0.037146,1.523452,0.03159,0.473744,0.051917,0.057555,1.469048,0.310968,2.414286,0.037779,0.02582,0.473466,1.200699,0.310785,True,False,False,0.011363983154296875,0.16911534525287764,
PPI,Mixed/Irregular,False,NVIDIA GeForce RTX 4090,12.1,0,50,200,10,1767,1767,32318,512,18.289757,1.454402,286,SEGMENT_HYBRID_TF32,0.022087,0.926707,0.03632,0.963027,0.03159,0.473744,0.051917,0.057555,1.430258,0.491933,2.350538,0.059765,0.02582,0.473466,1.168996,0.491643,True,False,False,0.011363983154296875,0.16911534525287764,
PPI,Mixed/Irregular,False,NVIDIA GeForce RTX 4090,12.1,0,50,200,10,1767,1767,32318,512,18.289757,1.454402,286,CUSPARSE,0.03159,0.437543,0.036202,0.473744,0.03159,0.473744,0.051917,0.057555,1.0,1.0,1.643436,0.12149,0.02582,0.473466,,,True,False,False,0.0,0.0,
Reddit,Dense Large-Scale,False,NVIDIA GeForce RTX 4090,12.1,0,50,200,10,232965,232965,114615892,64,491.987603,1.625688,21657,CSR_DIRECT,7.546771,0.0,7.551043,7.551043,6.933857,7.363639,7.546771,7.551043,0.918785,0.975182,1.0,1.0,5.775473,6.61426,,,True,False,False,0.00164794921875,0.1471631747415093,
Reddit,Dense Large-Scale,False,NVIDIA GeForce RTX 4090,12.1,0,50,200,10,232965,232965,114615892,64,491.987603,1.625688,21657,RODE_ENHANCED,6.622095,13.425831,6.487664,19.913495,6.933857,7.363639,7.546771,7.551043,1.047079,0.369781,1.139635,0.379192,5.775473,6.61426,,,True,False,False,0.0003509521484375,0.1471631747415093,
Reddit,Dense Large-Scale,False,NVIDIA GeForce RTX 4090,12.1,0,50,200,10,232965,232965,114615892,64,491.987603,1.625688,21657,ZERO_OVERHEAD_CSR,6.589312,6.952351,6.499062,13.451414,6.933857,7.363639,7.546771,7.551043,1.052289,0.547425,1.145305,0.561357,5.775473,6.61426,,,True,False,False,0.0003662109375,0.1471631747415093,
Reddit,Dense Large-Scale,False,NVIDIA GeForce RTX 4090,12.1,0,50,200,10,232965,232965,114615892,64,491.987603,1.625688,21657,TC_DIRECT,4.863118,1303.599719,4.805754,1308.405472,6.933857,7.363639,7.546771,7.551043,1.425805,0.005628,1.551838,0.005771,5.775473,6.61426,1.187607,0.005055,True,False,False,0.0930023193359375,1.471631747415093,
Reddit,Dense Large-Scale,False,NVIDIA GeForce RTX 4090,12.1,0,50,200,10,232965,232965,114615892,64,491.987603,1.625688,21657,COMMUNITY_TC,2.981151,1353.537585,3.056672,1356.594257,6.933857,7.363639,7.546771,7.551043,2.3259,0.005428,2.531496,0.005566,5.775473,6.61426,1.93733,0.004876,True,False,False,0.0930023193359375,1.471631747415093,
Reddit,Dense Large-Scale,False,NVIDIA GeForce RTX 4090,12.1,0,50,200,10,232965,232965,114615892,64,491.987603,1.625688,21657,SEGMENT_HYBRID,5.061253,1304.839655,5.184563,1310.024219,6.933857,7.363639,7.546771,7.551043,1.369988,0.005621,1.491088,0.005764,5.775473,6.61426,1.141115,0.005049,True,False,False,0.0926971435546875,1.471631747415093,
Reddit,Dense Large-Scale,False,NVIDIA GeForce RTX 4090,12.1,0,50,200,10,232965,232965,114615892,64,491.987603,1.625688,21657,TC_DIRECT_TF32,7.377838,1299.796459,7.224019,1307.020478,6.933857,7.363639,7.546771,7.551043,0.939822,0.005634,1.022897,0.005777,5.775473,6.61426,0.782814,0.005061,True,False,False,0.0924530029296875,1.471631747415093,
Reddit,Dense Large-Scale,False,NVIDIA GeForce RTX 4090,12.1,0,50,200,10,232965,232965,114615892,64,491.987603,1.625688,21657,COMMUNITY_TC_TF32,4.565857,1344.814126,4.474643,1349.28877,6.933857,7.363639,7.546771,7.551043,1.518632,0.005457,1.652871,0.005596,5.775473,6.61426,1.264926,0.004902,True,False,False,0.0924530029296875,1.471631747415093,
Reddit,Dense Large-Scale,False,NVIDIA GeForce RTX 4090,12.1,0,50,200,10,232965,232965,114615892,64,491.987603,1.625688,21657,SEGMENT_HYBRID_TF32,7.791733,1303.318333,7.744272,1311.062605,6.933857,7.363639,7.546771,7.551043,0.889899,0.005617,0.968561,0.005759,5.775473,6.61426,0.741231,0.005045,True,False,False,0.0921478271484375,1.471631747415093,
Reddit,Dense Large-Scale,False,NVIDIA GeForce RTX 4090,12.1,0,50,200,10,232965,232965,114615892,64,491.987603,1.625688,21657,CUSPARSE,6.933857,0.440759,6.92288,7.363639,6.933857,7.363639,7.546771,7.551043,1.0,1.0,1.088394,1.02545,5.775473,6.61426,,,True,False,False,0.0,0.0,
Reddit,Dense Large-Scale,False,NVIDIA GeForce RTX 4090,12.1,0,50,200,10,232965,232965,114615892,128,491.987603,1.625688,21657,CSR_DIRECT,13.533988,0.0,13.554442,13.554442,13.385917,13.636642,13.533988,13.554442,0.989059,1.006064,1.0,1.0,7.938939,8.910148,,,True,False,False,0.002197265625,0.1471631747415093,
Reddit,Dense Large-Scale,False,NVIDIA GeForce RTX 4090,12.1,0,50,200,10,232965,232965,114615892,128,491.987603,1.625688,21657,RODE_ENHANCED,12.94911,6.016154,12.883616,18.89977,13.385917,13.636642,13.533988,13.554442,1.033733,0.721524,1.045167,0.717175,7.938939,8.910148,,,True,False,False,0.000518798828125,0.1471631747415093,
Reddit,Dense Large-Scale,False,NVIDIA GeForce RTX 4090,12.1,0,50,200,10,232965,232965,114615892,128,491.987603,1.625688,21657,ZERO_OVERHEAD_CSR,13.054844,4.419424,12.91296,17.332384,13.385917,13.636642,13.533988,13.554442,1.02536,0.786772,1.036702,0.78203,7.938939,8.910148,,,True,False,False,0.00048828125,0.1471631747415093,
Reddit,Dense Large-Scale,False,NVIDIA GeForce RTX 4090,12.1,0,50,200,10,232965,232965,114615892,128,491.987603,1.625688,21657,TC_DIRECT,9.6261,1295.069643,9.10049,1304.170133,13.385917,13.636642,13.533988,13.554442,1.390586,0.010456,1.405968,0.010393,7.938939,8.910148,0.82473,0.006832,True,False,False,0.1101226806640625,1.471631747415093,
Reddit,Dense Large-Scale,False,NVIDIA GeForce RTX 4090,12.1,0,50,200,10,232965,232965,114615892,128,491.987603,1.625688,21657,COMMUNITY_TC,5.928217,1355.287546,5.856282,1361.143827,13.385917,13.636642,13.533988,13.554442,2.258001,0.010019,2.282978,0.009958,7.938939,8.910148,1.339178,0.006546,True,False,False,0.1101226806640625,1.471631747415093,
Reddit,Dense Large-Scale,False,NVIDIA GeForce RTX 4090,12.1,0,50,200,10,232965,232965,114615892,128,491.987603,1.625688,21657,SEGMENT_HYBRID,10.164506,1363.167813,10.156365,1373.324178,13.385917,13.636642,13.533988,13.554442,1.316927,0.00993,1.331495,0.00987,7.938939,8.910148,0.781045,0.006488,True,False,False,0.1099090576171875,1.471631747415093,
Reddit,Dense Large-Scale,False,NVIDIA GeForce RTX 4090,12.1,0,50,200,10,232965,232965,114615892,128,491.987603,1.625688,21657,TC_DIRECT_TF32,14.666373,1549.944969,14.150355,1564.095324,13.385917,13.636642,13.533988,13.554442,0.912694,0.008719,0.92279,0.008666,7.938939,8.910148,0.541302,0.005697,True,False,False,0.1098785400390625,1.471631747415093,
Reddit,Dense Large-Scale,False,NVIDIA GeForce RTX 4090,12.1,0,50,200,10,232965,232965,114615892,128,491.987603,1.625688,21657,COMMUNITY_TC_TF32,9.192648,1588.485978,8.979216,1597.465194,13.385917,13.636642,13.533988,13.554442,1.456155,0.008536,1.472262,0.008485,7.938939,8.910148,0.863618,0.005578,True,False,False,0.1098785400390625,1.471631747415093,
Reddit,Dense Large-Scale,False,NVIDIA GeForce RTX 4090,12.1,0,50,200,10,232965,232965,114615892,128,491.987603,1.625688,21657,SEGMENT_HYBRID_TF32,15.668955,1301.698691,15.226944,1316.925635,13.385917,13.636642,13.533988,13.554442,0.854295,0.010355,0.863745,0.010292,7.938939,8.910148,0.506667,0.006766,True,False,False,0.1096649169921875,1.471631747415093,
Reddit,Dense Large-Scale,False,NVIDIA GeForce RTX 4090,12.1,0,50,200,10,232965,232965,114615892,128,491.987603,1.625688,21657,CUSPARSE,13.385917,0.255275,13.381367,13.636642,13.385917,13.636642,13.533988,13.554442,1.0,1.0,1.011062,0.993972,7.938939,8.910148,,,True,False,False,0.0,0.0,
Reddit,Dense Large-Scale,False,NVIDIA GeForce RTX 4090,12.1,0,50,200,10,232965,232965,114615892,256,491.987603,1.625688,21657,CSR_DIRECT,45.818315,0.0,45.835632,45.835632,26.532808,26.923576,45.818315,45.835632,0.579087,0.587394,1.0,1.0,15.86754,17.133402,,,True,False,False,0.0026702880859375,0.1471631747415093,
Reddit,Dense Large-Scale,False,NVIDIA GeForce RTX 4090,12.1,0,50,200,10,232965,232965,114615892,256,491.987603,1.625688,21657,RODE_ENHANCED,43.199565,6.535218,43.230506,49.765724,26.532808,26.923576,45.818315,45.835632,0.614192,0.541006,1.06062,0.921028,15.86754,17.133402,,,True,False,False,0.00042724609375,0.1471631747415093,
Reddit,Dense Large-Scale,False,NVIDIA GeForce RTX 4090,12.1,0,50,200,10,232965,232965,114615892,256,491.987603,1.625688,21657,ZERO_OVERHEAD_CSR,45.236167,5.060417,45.260563,50.32098,26.532808,26.923576,45.818315,45.835632,0.58654,0.535037,1.012869,0.910865,15.86754,17.133402,,,True,False,False,0.000457763671875,0.1471631747415093,
Reddit,Dense Large-Scale,False,NVIDIA GeForce RTX 4090,12.1,0,50,200,10,232965,232965,114615892,256,491.987603,1.625688,21657,TC_DIRECT,19.082393,1290.020316,18.309699,1308.330016,26.532808,26.923576,45.818315,45.835632,1.390434,0.020579,2.401078,0.035034,15.86754,17.133402,0.831528,0.013096,True,False,False,0.11602783203125,1.471631747415093,
Reddit,Dense Large-Scale,False,NVIDIA GeForce RTX 4090,12.1,0,50,200,10,232965,232965,114615892,256,491.987603,1.625688,21657,COMMUNITY_TC,12.177157,1351.070748,11.996224,1363.066972,26.532808,26.923576,45.818315,45.835632,2.1789,0.019752,3.762645,0.033627,15.86754,17.133402,1.303058,0.01257,True,False,False,0.116058349609375,1.471631747415093,
Reddit,Dense Large-Scale,False,NVIDIA GeForce RTX 4090,12.1,0,50,200,10,232965,232965,114615892,256,491.987603,1.625688,21657,SEGMENT_HYBRID,20.424801,1306.574525,20.252265,1326.82679,26.532808,26.923576,45.818315,45.835632,1.299049,0.020292,2.243269,0.034545,15.86754,17.133402,0.776876,0.012913,True,False,False,0.11578369140625,1.471631747415093,
Reddit,Dense Large-Scale,False,NVIDIA GeForce RTX 4090,12.1,0,50,200,10,232965,232965,114615892,256,491.987603,1.625688,21657,TC_DIRECT_TF32,28.70448,1298.653808,27.224109,1325.877917,26.532808,26.923576,45.818315,45.835632,0.924344,0.020306,1.596208,0.03457,15.86754,17.133402,0.55279,0.012922,True,False,False,0.116058349609375,1.471631747415093,
Reddit,Dense Large-Scale,False,NVIDIA GeForce RTX 4090,12.1,0,50,200,10,232965,232965,114615892,256,491.987603,1.625688,21657,COMMUNITY_TC_TF32,18.366879,1351.256137,17.784841,1369.040978,26.532808,26.923576,45.818315,45.835632,1.444601,0.019666,2.494616,0.03348,15.86754,17.133402,0.863921,0.012515,True,False,False,0.1160888671875,1.471631747415093,
Reddit,Dense Large-Scale,False,NVIDIA GeForce RTX 4090,12.1,0,50,200,10,232965,232965,114615892,256,491.987603,1.625688,21657,SEGMENT_HYBRID_TF32,31.026477,1305.916964,29.645981,1335.562945,26.532808,26.923576,45.818315,45.835632,0.855167,0.020159,1.476749,0.034319,15.86754,17.133402,0.511419,0.012829,True,False,False,0.115814208984375,1.471631747415093,
Reddit,Dense Large-Scale,False,NVIDIA GeForce RTX 4090,12.1,0,50,200,10,232965,232965,114615892,256,491.987603,1.625688,21657,CUSPARSE,26.532808,0.390284,26.533293,26.923576,26.532808,26.923576,45.818315,45.835632,1.0,1.0,1.726855,1.702435,15.86754,17.133402,,,True,False,False,0.0,0.0,
Yelp,Sparse Uniform,False,NVIDIA GeForce RTX 4090,12.1,0,50,200,10,716847,716847,13954819,64,19.466942,3.640544,4886,CSR_DIRECT,1.757164,0.0,1.756368,1.756368,1.612508,2.058249,1.757164,1.756368,0.917677,1.171878,1.0,1.0,1.038285,1.943989,,,True,False,False,0.0004119873046875,0.06989992846920517,
Yelp,Sparse Uniform,False,NVIDIA GeForce RTX 4090,12.1,0,50,200,10,716847,716847,13954819,64,19.466942,3.640544,4886,RODE_ENHANCED,1.478344,14.087307,1.517274,15.60458,1.612508,2.058249,1.757164,1.756368,1.090753,0.1319,1.188603,0.112555,1.038285,1.943989,,,True,False,False,9.918212890625e-05,0.06989992846920517,
Yelp,Sparse Uniform,False,NVIDIA GeForce RTX 4090,12.1,0,50,200,10,716847,716847,13954819,64,19.466942,3.640544,4886,ZERO_OVERHEAD_CSR,1.456917,7.797846,1.492461,9.290306,1.612508,2.058249,1.757164,1.756368,1.106795,0.221548,1.206084,0.189054,1.038285,1.943989,,,True,False,False,0.0001068115234375,0.06989992846920517,
Yelp,Sparse Uniform,False,NVIDIA GeForce RTX 4090,12.1,0,50,200,10,716847,716847,13954819,64,19.466942,3.640544,4886,TC_DIRECT,1.267067,243.434349,1.623046,245.057396,1.612508,2.058249,1.757164,1.756368,1.272631,0.008399,1.386796,0.007167,1.038285,1.943989,0.81944,0.007933,True,False,False,0.046436309814453125,0.6989992846920517,
Yelp,Sparse Uniform,False,NVIDIA GeForce RTX 4090,12.1,0,50,200,10,716847,716847,13954819,64,19.466942,3.640544,4886,COMMUNITY_TC,1.302175,367.687559,1.506595,369.194154,1.612508,2.058249,1.757164,1.756368,1.238319,0.005575,1.349407,0.004757,1.038285,1.943989,0.797347,0.005265,True,False,False,0.046436309814453125,0.6989992846920517,
Yelp,Sparse Uniform,False,NVIDIA GeForce RTX 4090,12.1,0,50,200,10,716847,716847,13954819,64,19.466942,3.640544,4886,SEGMENT_HYBRID,1.42466,246.739951,1.674624,248.414575,1.612508,2.058249,1.757164,1.756368,1.131854,0.008286,1.233391,0.00707,1.038285,1.943989,0.728795,0.007826,True,False,False,0.046428680419921875,0.6989992846920517,
Yelp,Sparse Uniform,False,NVIDIA GeForce RTX 4090,12.1,0,50,200,10,716847,716847,13954819,64,19.466942,3.640544,4886,TC_DIRECT_TF32,1.719301,238.929555,1.829581,240.759136,1.612508,2.058249,1.757164,1.756368,0.937886,0.008549,1.022022,0.007295,1.038285,1.943989,0.603899,0.008074,True,False,False,0.046436309814453125,0.6989992846920517,
Yelp,Sparse Uniform,False,NVIDIA GeForce RTX 4090,12.1,0,50,200,10,716847,716847,13954819,64,19.466942,3.640544,4886,COMMUNITY_TC_TF32,1.525652,357.252798,1.632912,358.88571,1.612508,2.058249,1.757164,1.756368,1.05693,0.005735,1.151746,0.004894,1.038285,1.943989,0.680551,0.005417,True,False,False,0.046436309814453125,0.6989992846920517,
Yelp,Sparse Uniform,False,NVIDIA GeForce RTX 4090,12.1,0,50,200,10,716847,716847,13954819,64,19.466942,3.640544,4886,SEGMENT_HYBRID_TF32,1.840015,244.608659,2.09631,246.70497,1.612508,2.058249,1.757164,1.756368,0.876356,0.008343,0.954972,0.007119,1.038285,1.943989,0.56428,0.00788,True,False,False,0.046428680419921875,0.6989992846920517,
Yelp,Sparse Uniform,False,NVIDIA GeForce RTX 4090,12.1,0,50,200,10,716847,716847,13954819,64,19.466942,3.640544,4886,CUSPARSE,1.612508,0.408274,1.649974,2.058249,1.612508,2.058249,1.757164,1.756368,1.0,1.0,1.089708,0.853331,1.038285,1.943989,,,True,False,False,0.0,0.0,
Yelp,Sparse Uniform,False,NVIDIA GeForce RTX 4090,12.1,0,50,200,10,716847,716847,13954819,128,19.466942,3.640544,4886,CSR_DIRECT,4.082791,0.0,4.095475,4.095475,4.276623,5.055997,4.082791,4.095475,1.047476,1.234532,1.0,1.0,2.130652,3.211495,,,True,False,False,0.00054931640625,0.06989992846920517,
Yelp,Sparse Uniform,False,NVIDIA GeForce RTX 4090,12.1,0,50,200,10,716847,716847,13954819,128,19.466942,3.640544,4886,RODE_ENHANCED,3.638072,10.329236,3.67216,14.001396,4.276623,5.055997,4.082791,4.095475,1.175519,0.361107,1.12224,0.292505,2.130652,3.211495,,,True,False,False,0.0001220703125,0.06989992846920517,
Yelp,Sparse Uniform,False,NVIDIA GeForce RTX 4090,12.1,0,50,200,10,716847,716847,13954819,128,19.466942,3.640544,4886,ZERO_OVERHEAD_CSR,3.456655,7.588299,3.490506,11.078805,4.276623,5.055997,4.082791,4.095475,1.237214,0.456367,1.181139,0.369668,2.130652,3.211495,,,True,False,False,0.0001373291015625,0.06989992846920517,
Yelp,Sparse Uniform,False,NVIDIA GeForce RTX 4090,12.1,0,50,200,10,716847,716847,13954819,128,19.466942,3.640544,4886,TC_DIRECT,2.477225,242.904617,2.871075,245.775692,4.276623,5.055997,4.082791,4.095475,1.726377,0.020572,1.648131,0.016663,2.130652,3.211495,0.860096,0.013067,True,False,False,0.047618865966796875,0.6989992846920517,
Yelp,Sparse Uniform,False,NVIDIA GeForce RTX 4090,12.1,0,50,200,10,716847,716847,13954819,128,19.466942,3.640544,4886,COMMUNITY_TC,2.656036,365.019005,2.821379,367.840384,4.276623,5.055997,4.082791,4.095475,1.610153,0.013745,1.537175,0.011134,2.130652,3.211495,0.802193,0.008731,True,False,False,0.0476226806640625,0.6989992846920517,
Yelp,Sparse Uniform,False,NVIDIA GeForce RTX 4090,12.1,0,50,200,10,716847,716847,13954819,128,19.466942,3.640544,4886,SEGMENT_HYBRID,2.872182,244.96937,2.980131,247.949501,4.276623,5.055997,4.082791,4.095475,1.488981,0.020391,1.421495,0.016517,2.130652,3.211495,0.741824,0.012952,True,False,False,0.047588348388671875,0.6989992846920517,
Yelp,Sparse Uniform,False,NVIDIA GeForce RTX 4090,12.1,0,50,200,10,716847,716847,13954819,128,19.466942,3.640544,4886,TC_DIRECT_TF32,3.331441,244.723741,3.43175,248.155492,4.276623,5.055997,4.082791,4.095475,1.283716,0.020374,1.225533,0.016504,2.130652,3.211495,0.639559,0.012941,True,False,False,0.0476226806640625,0.6989992846920517,
Yelp,Sparse Uniform,False,NVIDIA GeForce RTX 4090,12.1,0,50,200,10,716847,716847,13954819,128,19.466942,3.640544,4886,COMMUNITY_TC_TF32,3.043251,357.783135,3.157952,360.941087,4.276623,5.055997,4.082791,4.095475,1.405281,0.014008,1.341588,0.011347,2.130652,3.211495,0.700124,0.008898,True,False,False,0.0476226806640625,0.6989992846920517,
Yelp,Sparse Uniform,False,NVIDIA GeForce RTX 4090,12.1,0,50,200,10,716847,716847,13954819,128,19.466942,3.640544,4886,SEGMENT_HYBRID_TF32,3.660027,245.244947,3.772512,249.017459,4.276623,5.055997,4.082791,4.095475,1.168468,0.020304,1.115508,0.016447,2.130652,3.211495,0.582141,0.012897,True,False,False,0.047588348388671875,0.6989992846920517,
Yelp,Sparse Uniform,False,NVIDIA GeForce RTX 4090,12.1,0,50,200,10,716847,716847,13954819,128,19.466942,3.640544,4886,CUSPARSE,4.276623,0.736758,4.319239,5.055997,4.276623,5.055997,4.082791,4.095475,1.0,1.0,0.954676,0.810023,2.130652,3.211495,,,True,False,False,0.0,0.0,
Yelp,Sparse Uniform,False,NVIDIA GeForce RTX 4090,12.1,0,50,200,10,716847,716847,13954819,256,19.466942,3.640544,4886,CSR_DIRECT,10.306606,0.0,10.32863,10.32863,8.504509,9.295928,10.306606,10.32863,0.825151,0.900016,1.0,1.0,4.251807,6.307958,,,True,False,False,0.0006866455078125,0.06989992846920517,
Yelp,Sparse Uniform,False,NVIDIA GeForce RTX 4090,12.1,0,50,200,10,716847,716847,13954819,256,19.466942,3.640544,4886,RODE_ENHANCED,9.037379,9.619584,9.075737,18.695321,8.504509,9.295928,10.306606,10.32863,0.941037,0.497233,1.140442,0.552471,4.251807,6.307958,,,True,False,False,0.0001220703125,0.06989992846920517,
Yelp,Sparse Uniform,False,NVIDIA GeForce RTX 4090,12.1,0,50,200,10,716847,716847,13954819,256,19.466942,3.640544,4886,ZERO_OVERHEAD_CSR,8.970035,7.461173,9.003101,16.464273,8.504509,9.295928,10.306606,10.32863,0.948102,0.564612,1.149004,0.627336,4.251807,6.307958,,,True,False,False,0.0001220703125,0.06989992846920517,
Yelp,Sparse Uniform,False,NVIDIA GeForce RTX 4090,12.1,0,50,200,10,716847,716847,13954819,256,19.466942,3.640544,4886,TC_DIRECT,4.949965,240.938163,5.56561,246.503772,8.504509,9.295928,10.306606,10.32863,1.718095,0.037711,2.082157,0.0419,4.251807,6.307958,0.858957,0.02559,True,False,False,0.049780845642089844,0.6989992846920517,
Yelp,Sparse Uniform,False,NVIDIA GeForce RTX 4090,12.1,0,50,200,10,716847,716847,13954819,256,19.466942,3.640544,4886,COMMUNITY_TC,5.388846,345.329443,5.595818,350.92526,8.504509,9.295928,10.306606,10.32863,1.578169,0.02649,1.912581,0.029433,4.251807,6.307958,0.789001,0.017975,True,False,False,0.049780845642089844,0.6989992846920517,
Yelp,Sparse Uniform,False,NVIDIA GeForce RTX 4090,12.1,0,50,200,10,716847,716847,13954819,256,19.466942,3.640544,4886,SEGMENT_HYBRID,5.819125,241.520959,5.934883,247.455842,8.504509,9.295928,10.306606,10.32863,1.461475,0.037566,1.771161,0.041739,4.251807,6.307958,0.730661,0.025491,True,False,False,0.04977226257324219,0.6989992846920517,
Yelp,Sparse Uniform,False,NVIDIA GeForce RTX 4090,12.1,0,50,200,10,716847,716847,13954819,256,19.466942,3.640544,4886,TC_DIRECT_TF32,6.533264,240.545533,6.634106,247.179638,8.504509,9.295928,10.306606,10.32863,1.301724,0.037608,1.577559,0.041786,4.251807,6.307958,0.650794,0.02552,True,False,False,0.049780845642089844,0.6989992846920517,
Yelp,Sparse Uniform,False,NVIDIA GeForce RTX 4090,12.1,0,50,200,10,716847,716847,13954819,256,19.466942,3.640544,4886,COMMUNITY_TC_TF32,6.081823,361.213833,6.196368,367.410201,8.504509,9.295928,10.306606,10.32863,1.398349,0.025301,1.694658,0.028112,4.251807,6.307958,0.699101,0.017169,True,False,False,0.049780845642089844,0.6989992846920517,
Yelp,Sparse Uniform,False,NVIDIA GeForce RTX 4090,12.1,0,50,200,10,716847,716847,13954819,256,19.466942,3.640544,4886,SEGMENT_HYBRID_TF32,7.301146,241.918723,7.420026,249.338749,8.504509,9.295928,10.306606,10.32863,1.164818,0.037282,1.411642,0.041424,4.251807,6.307958,0.582348,0.025299,True,False,False,0.04977226257324219,0.6989992846920517,
Yelp,Sparse Uniform,False,NVIDIA GeForce RTX 4090,12.1,0,50,200,10,716847,716847,13954819,256,19.466942,3.640544,4886,CUSPARSE,8.504509,0.746347,8.549581,9.295928,8.504509,9.295928,10.306606,10.32863,1.0,1.0,1.211899,1.111092,4.251807,6.307958,,,True,False,False,0.0,0.0,
amazon-computers,Dense Small,False,NVIDIA GeForce RTX 4090,12.1,0,50,200,10,13752,13752,491722,64,35.756399,1.966239,2992,CSR_DIRECT,0.266138,0.0,0.271862,0.271862,0.040468,0.437984,0.266138,0.271862,0.152058,1.611051,1.0,1.0,0.031959,0.444757,,,True,False,False,0.00017547607421875,0.05469917732470938,
amazon-computers,Dense Small,False,NVIDIA GeForce RTX 4090,12.1,0,50,200,10,13752,13752,491722,64,35.756399,1.966239,2992,RODE_ENHANCED,0.061308,0.327932,0.072486,0.400418,0.040468,0.437984,0.266138,0.271862,0.66009,1.093816,4.341027,0.678946,0.031959,0.444757,,,True,False,False,5.340576171875e-05,0.05469917732470938,
amazon-computers,Dense Small,False,NVIDIA GeForce RTX 4090,12.1,0,50,200,10,13752,13752,491722,64,35.756399,1.966239,2992,ZERO_OVERHEAD_CSR,0.056315,0.165469,0.064816,0.230285,0.040468,0.437984,0.266138,0.271862,0.718611,1.90192,4.725884,1.180547,0.031959,0.444757,,,True,False,False,6.103515625e-05,0.05469917732470938,
amazon-computers,Dense Small,False,NVIDIA GeForce RTX 4090,12.1,0,50,200,10,13752,13752,491722,64,35.756399,1.966239,2992,TC_DIRECT,0.055992,9.249105,0.245366,9.494472,0.040468,0.437984,0.266138,0.271862,0.72275,0.04613,4.753109,0.028634,0.031959,0.444757,0.570775,0.046844,True,False,False,0.03557586669921875,0.5469917732470938,
amazon-computers,Dense Small,False,NVIDIA GeForce RTX 4090,12.1,0,50,200,10,13752,13752,491722,64,35.756399,1.966239,2992,COMMUNITY_TC,0.054507,11.606783,0.324813,11.931596,0.040468,0.437984,0.266138,0.271862,0.742441,0.036708,4.882599,0.022785,0.031959,0.444757,0.586325,0.037276,True,False,False,0.03557586669921875,0.5469917732470938,
amazon-computers,Dense Small,False,NVIDIA GeForce RTX 4090,12.1,0,50,200,10,13752,13752,491722,64,35.756399,1.966239,2992,SEGMENT_HYBRID,0.032901,7.110767,0.251514,7.362281,0.040468,0.437984,0.266138,0.271862,1.230003,0.05949,8.089013,0.036926,0.031959,0.444757,0.971366,0.06041,True,False,False,0.03557586669921875,0.5469917732470938,
amazon-computers,Dense Small,False,NVIDIA GeForce RTX 4090,12.1,0,50,200,10,13752,13752,491722,64,35.756399,1.966239,2992,TC_DIRECT_TF32,0.082171,9.466339,0.11704,9.583379,0.040468,0.437984,0.266138,0.271862,0.492492,0.045702,3.238831,0.028368,0.031959,0.444757,0.388934,0.046409,True,False,False,0.03557586669921875,0.5469917732470938,
amazon-computers,Dense Small,False,NVIDIA GeForce RTX 4090,12.1,0,50,200,10,13752,13752,491722,64,35.756399,1.966239,2992,COMMUNITY_TC_TF32,0.075812,13.383176,0.128192,13.511368,0.040468,0.437984,0.266138,0.271862,0.533802,0.032416,3.510502,0.020121,0.031959,0.444757,0.421557,0.032917,True,False,False,0.03557586669921875,0.5469917732470938,
amazon-computers,Dense Small,False,NVIDIA GeForce RTX 4090,12.1,0,50,200,10,13752,13752,491722,64,35.756399,1.966239,2992,SEGMENT_HYBRID_TF32,0.042726,8.038691,0.101587,8.140278,0.040468,0.437984,0.266138,0.271862,0.947154,0.053805,6.228879,0.033397,0.031959,0.444757,0.747993,0.054637,True,False,False,0.03557586669921875,0.5469917732470938,
amazon-computers,Dense Small,False,NVIDIA GeForce RTX 4090,12.1,0,50,200,10,13752,13752,491722,64,35.756399,1.966239,2992,CUSPARSE,0.040468,0.392832,0.045152,0.437984,0.040468,0.437984,0.266138,0.271862,1.0,1.0,6.576418,0.620713,0.031959,0.444757,,,True,False,False,0.0,0.0,
amazon-computers,Dense Small,False,NVIDIA GeForce RTX 4090,12.1,0,50,200,10,13752,13752,491722,128,35.756399,1.966239,2992,CSR_DIRECT,0.278979,0.0,0.291357,0.291357,0.064891,0.463136,0.278979,0.291357,0.232602,1.589585,1.0,1.0,0.040172,0.449832,,,True,False,False,0.000213623046875,0.05469917732470938,
amazon-computers,Dense Small,False,NVIDIA GeForce RTX 4090,12.1,0,50,200,10,13752,13752,491722,128,35.756399,1.966239,2992,RODE_ENHANCED,0.085826,0.291609,0.094925,0.386534,0.064891,0.463136,0.278979,0.291357,0.756077,1.198179,3.250523,0.753769,0.040172,0.449832,,,True,False,False,6.4849853515625e-05,0.05469917732470938,
amazon-computers,Dense Small,False,NVIDIA GeForce RTX 4090,12.1,0,50,200,10,13752,13752,491722,128,35.756399,1.966239,2992,ZERO_OVERHEAD_CSR,0.080497,0.161643,0.090048,0.251691,0.064891,0.463136,0.278979,0.291357,0.806132,1.840097,3.465717,1.157596,0.040172,0.449832,,,True,False,False,6.4849853515625e-05,0.05469917732470938,
amazon-computers,Dense Small,False,NVIDIA GeForce RTX 4090,12.1,0,50,200,10,13752,13752,491722,128,35.756399,1.966239,2992,TC_DIRECT,0.073416,9.551995,0.262093,9.814088,0.064891,0.463136,0.278979,0.291357,0.883883,0.047191,3.799986,0.029688,0.040172,0.449832,0.547179,0.045835,True,False,False,0.03511238098144531,0.5469917732470938,
amazon-computers,Dense Small,False,NVIDIA GeForce RTX 4090,12.1,0,50,200,10,13752,13752,491722,128,35.756399,1.966239,2992,COMMUNITY_TC,0.066078,12.853107,0.272368,13.125475,0.064891,0.463136,0.278979,0.291357,0.982031,0.035285,4.221943,0.022198,0.040172,0.449832,0.607939,0.034272,True,False,False,0.03511238098144531,0.5469917732470938,
amazon-computers,Dense Small,False,NVIDIA GeForce RTX 4090,12.1,0,50,200,10,13752,13752,491722,128,35.756399,1.966239,2992,SEGMENT_HYBRID,0.051963,8.596867,0.271542,8.86841,0.064891,0.463136,0.278979,0.291357,1.248793,0.052223,5.368805,0.032853,0.040172,0.449832,0.773081,0.050723,True,False,False,0.03511238098144531,0.5469917732470938,
amazon-computers,Dense Small,False,NVIDIA GeForce RTX 4090,12.1,0,50,200,10,13752,13752,491722,128,35.756399,1.966239,2992,TC_DIRECT_TF32,0.104653,9.995499,0.135133,10.130631,0.064891,0.463136,0.278979,0.291357,0.620059,0.045716,2.665754,0.02876,0.040172,0.449832,0.383855,0.044403,True,False,False,0.03511238098144531,0.5469917732470938,
amazon-computers,Dense Small,False,NVIDIA GeForce RTX 4090,12.1,0,50,200,10,13752,13752,491722,128,35.756399,1.966239,2992,COMMUNITY_TC_TF32,0.091822,13.764541,0.141267,13.905809,0.064891,0.463136,0.278979,0.291357,0.706702,0.033305,3.038251,0.020952,0.040172,0.449832,0.437493,0.032348,True,False,False,0.03511238098144531,0.5469917732470938,
amazon-computers,Dense Small,False,NVIDIA GeForce RTX 4090,12.1,0,50,200,10,13752,13752,491722,128,35.756399,1.966239,2992,SEGMENT_HYBRID_TF32,0.069125,10.214306,0.125565,10.339871,0.064891,0.463136,0.278979,0.291357,0.938745,0.044791,4.035849,0.028178,0.040172,0.449832,0.581142,0.043505,True,False,False,0.03511238098144531,0.5469917732470938,
amazon-computers,Dense Small,False,NVIDIA GeForce RTX 4090,12.1,0,50,200,10,13752,13752,491722,128,35.756399,1.966239,2992,CUSPARSE,0.064891,0.392819,0.070317,0.463136,0.064891,0.463136,0.278979,0.291357,1.0,1.0,4.299195,0.629095,0.040172,0.449832,,,True,False,False,0.0,0.0,
amazon-computers,Dense Small,False,NVIDIA GeForce RTX 4090,12.1,0,50,200,10,13752,13752,491722,256,35.756399,1.966239,2992,CSR_DIRECT,0.460186,0.0,0.468781,0.468781,0.119332,0.520079,0.460186,0.468781,0.259312,1.109429,1.0,1.0,0.070932,0.484125,,,True,False,False,0.00025177001953125,0.05469917732470938,
amazon-computers,Dense Small,False,NVIDIA GeForce RTX 4090,12.1,0,50,200,10,13752,13752,491722,256,35.756399,1.966239,2992,RODE_ENHANCED,0.139105,0.28538,0.14799,0.43337,0.119332,0.520079,0.460186,0.468781,0.857853,1.200081,3.308182,1.081711,0.070932,0.484125,,,True,False,False,6.866455078125e-05,0.05469917732470938,
amazon-computers,Dense Small,False,NVIDIA GeForce RTX 4090,12.1,0,50,200,10,13752,13752,491722,256,35.756399,1.966239,2992,ZERO_OVERHEAD_CSR,0.128051,0.159955,0.136688,0.296643,0.119332,0.520079,0.460186,0.468781,0.931907,1.753217,3.593762,1.580288,0.070932,0.484125,,,True,False,False,6.67572021484375e-05,0.05469917732470938,
amazon-computers,Dense Small,False,NVIDIA GeForce RTX 4090,12.1,0,50,200,10,13752,13752,491722,256,35.756399,1.966239,2992,TC_DIRECT,0.109891,9.873014,0.295411,10.168426,0.119332,0.520079,0.460186,0.468781,1.085915,0.051146,4.187672,0.046102,0.070932,0.484125,0.645483,0.047611,True,False,False,0.035400390625,0.5469917732470938,
amazon-computers,Dense Small,False,NVIDIA GeForce RTX 4090,12.1,0,50,200,10,13752,13752,491722,256,35.756399,1.966239,2992,COMMUNITY_TC,0.100254,13.41534,0.454432,13.869772,0.119332,0.520079,0.460186,0.468781,1.190292,0.037497,4.590186,0.033799,0.070932,0.484125,0.707526,0.034905,True,False,False,0.035400390625,0.5469917732470938,
amazon-computers,Dense Small,False,NVIDIA GeForce RTX 4090,12.1,0,50,200,10,13752,13752,491722,256,35.756399,1.966239,2992,SEGMENT_HYBRID,0.092242,10.06363,0.421472,10.485102,0.119332,0.520079,0.460186,0.468781,1.293683,0.049602,4.988899,0.044709,0.070932,0.484125,0.768983,0.046173,True,False,False,0.035404205322265625,0.5469917732470938,
amazon-computers,Dense Small,False,NVIDIA GeForce RTX 4090,12.1,0,50,200,10,13752,13752,491722,256,35.756399,1.966239,2992,TC_DIRECT_TF32,0.157885,9.901943,0.190397,10.09234,0.119332,0.520079,0.460186,0.468781,0.755813,0.051532,2.91468,0.046449,0.070932,0.484125,0.449265,0.04797,True,False,False,0.035400390625,0.5469917732470938,
amazon-computers,Dense Small,False,NVIDIA GeForce RTX 4090,12.1,0,50,200,10,13752,13752,491722,256,35.756399,1.966239,2992,COMMUNITY_TC_TF32,0.132931,13.781431,0.190544,13.971975,0.119332,0.520079,0.460186,0.468781,0.897701,0.037223,3.46185,0.033552,0.070932,0.484125,0.533606,0.03465,True,False,False,0.035400390625,0.5469917732470938,
amazon-computers,Dense Small,False,NVIDIA GeForce RTX 4090,12.1,0,50,200,10,13752,13752,491722,256,35.756399,1.966239,2992,SEGMENT_HYBRID_TF32,0.126356,10.426647,0.362653,10.7893,0.119332,0.520079,0.460186,0.468781,0.944406,0.048203,3.641963,0.043449,0.070932,0.484125,0.561368,0.044871,True,False,False,0.035404205322265625,0.5469917732470938,
amazon-computers,Dense Small,False,NVIDIA GeForce RTX 4090,12.1,0,50,200,10,13752,13752,491722,256,35.756399,1.966239,2992,CUSPARSE,0.119332,0.396082,0.123997,0.520079,0.119332,0.520079,0.460186,0.468781,1.0,1.0,3.856352,0.901365,0.070932,0.484125,,,True,False,False,0.0,0.0,
amazon-computers,Dense Small,False,NVIDIA GeForce RTX 4090,12.1,0,50,200,10,13752,13752,491722,512,35.756399,1.966239,2992,CSR_DIRECT,0.642928,0.0,0.646381,0.646381,0.232734,0.63229,0.642928,0.646381,0.361991,0.9782,1.0,1.0,0.135485,0.725767,,,True,False,False,0.0002593994140625,0.05469917732470938,
amazon-computers,Dense Small,False,NVIDIA GeForce RTX 4090,12.1,0,50,200,10,13752,13752,491722,512,35.756399,1.966239,2992,RODE_ENHANCED,0.259594,0.286465,0.268067,0.554532,0.232734,0.63229,0.642928,0.646381,0.896531,1.140222,2.476667,1.165633,0.135485,0.725767,,,True,False,False,7.62939453125e-05,0.05469917732470938,
amazon-computers,Dense Small,False,NVIDIA GeForce RTX 4090,12.1,0,50,200,10,13752,13752,491722,512,35.756399,1.966239,2992,ZERO_OVERHEAD_CSR,0.235433,0.155676,0.243258,0.398934,0.232734,0.63229,0.642928,0.646381,0.988537,1.58495,2.730834,1.620272,0.135485,0.725767,,,True,False,False,7.2479248046875e-05,0.05469917732470938,
amazon-computers,Dense Small,False,NVIDIA GeForce RTX 4090,12.1,0,50,200,10,13752,13752,491722,512,35.756399,1.966239,2992,TC_DIRECT,0.207386,9.974333,0.387978,10.36231,0.232734,0.63229,0.642928,0.646381,1.12223,0.061018,3.10016,0.062378,0.135485,0.725767,0.653302,0.070039,True,False,False,0.03683280944824219,0.5469917732470938,
amazon-computers,Dense Small,False,NVIDIA GeForce RTX 4090,12.1,0,50,200,10,13752,13752,491722,512,35.756399,1.966239,2992,COMMUNITY_TC,0.179016,13.650186,0.411568,14.061754,0.232734,0.63229,0.642928,0.646381,1.300077,0.044965,3.591465,0.045967,0.135485,0.725767,0.756836,0.051613,True,False,False,0.03683280944824219,0.5469917732470938,
amazon-computers,Dense Small,False,NVIDIA GeForce RTX 4090,12.1,0,50,200,10,13752,13752,491722,512,35.756399,1.966239,2992,SEGMENT_HYBRID,0.213453,10.126111,0.497443,10.623555,0.232734,0.63229,0.642928,0.646381,1.090331,0.059518,3.01204,0.060844,0.135485,0.725767,0.634733,0.068317,True,False,False,0.03683280944824219,0.5469917732470938,
amazon-computers,Dense Small,False,NVIDIA GeForce RTX 4090,12.1,0,50,200,10,13752,13752,491722,512,35.756399,1.966239,2992,TC_DIRECT_TF32,0.266767,9.769772,0.298416,10.068188,0.232734,0.63229,0.642928,0.646381,0.872424,0.062801,2.410072,0.0642,0.135485,0.725767,0.507879,0.072085,True,False,False,0.03683280944824219,0.5469917732470938,
amazon-computers,Dense Small,False,NVIDIA GeForce RTX 4090,12.1,0,50,200,10,13752,13752,491722,512,35.756399,1.966239,2992,COMMUNITY_TC_TF32,0.219515,12.849796,0.263382,13.113179,0.232734,0.63229,0.642928,0.646381,1.060221,0.048218,2.92886,0.049292,0.135485,0.725767,0.617204,0.055346,True,False,False,0.03683280944824219,0.5469917732470938,
amazon-computers,Dense Small,False,NVIDIA GeForce RTX 4090,12.1,0,50,200,10,13752,13752,491722,512,35.756399,1.966239,2992,SEGMENT_HYBRID_TF32,0.247148,10.194596,0.450637,10.645233,0.232734,0.63229,0.642928,0.646381,0.941678,0.059396,2.601387,0.06072,0.135485,0.725767,0.548195,0.068178,True,False,False,0.03683280944824219,0.5469917732470938,
amazon-computers,Dense Small,False,NVIDIA GeForce RTX 4090,12.1,0,50,200,10,13752,13752,491722,512,35.756399,1.966239,2992,CUSPARSE,0.232734,0.395425,0.236864,0.63229,0.232734,0.63229,0.642928,0.646381,1.0,1.0,2.7625,1.022286,0.135485,0.725767,,,True,False,False,0.0,0.0,
amazon-photo,Dense Small,False,NVIDIA GeForce RTX 4090,12.1,0,50,200,10,7650,7650,238162,64,31.132288,1.518504,1434,CSR_DIRECT,0.124099,0.0,0.13017,0.13017,0.0237,0.419984,0.124099,0.13017,0.190981,3.226439,1.0,1.0,0.019727,0.42602,,,True,False,False,9.918212890625e-05,0.03786819245752297,
amazon-photo,Dense Small,False,NVIDIA GeForce RTX 4090,12.1,0,50,200,10,7650,7650,238162,64,31.132288,1.518504,1434,RODE_ENHANCED,0.050063,0.216008,0.060832,0.27684,0.0237,0.419984,0.124099,0.13017,0.47341,1.517063,2.47883,0.470197,0.019727,0.42602,,,True,False,False,3.4332275390625e-05,0.03786819245752297,
amazon-photo,Dense Small,False,NVIDIA GeForce RTX 4090,12.1,0,50,200,10,7650,7650,238162,64,31.132288,1.518504,1434,ZERO_OVERHEAD_CSR,0.046505,0.094634,0.053942,0.148577,0.0237,0.419984,0.124099,0.13017,0.509633,2.826721,2.668502,0.876112,0.019727,0.42602,,,True,False,False,3.62396240234375e-05,0.03786819245752297,
amazon-photo,Dense Small,False,NVIDIA GeForce RTX 4090,12.1,0,50,200,10,7650,7650,238162,64,31.132288,1.518504,1434,TC_DIRECT,0.026614,5.886334,0.061904,5.948238,0.0237,0.419984,0.124099,0.13017,0.890535,0.070607,4.662947,0.021884,0.019727,0.42602,0.741217,0.071621,True,False,False,0.018495559692382812,0.37868192457522976,
amazon-photo,Dense Small,False,NVIDIA GeForce RTX 4090,12.1,0,50,200,10,7650,7650,238162,64,31.132288,1.518504,1434,COMMUNITY_TC,0.032512,5.524572,0.085734,5.610307,0.0237,0.419984,0.124099,0.13017,0.728976,0.074859,3.817008,0.023202,0.019727,0.42602,0.606747,0.075935,True,False,False,0.018495559692382812,0.37868192457522976,
amazon-photo,Dense Small,False,NVIDIA GeForce RTX 4090,12.1,0,50,200,10,7650,7650,238162,64,31.132288,1.518504,1434,SEGMENT_HYBRID,0.020608,3.720068,0.08199,3.802059,0.0237,0.419984,0.124099,0.13017,1.15008,0.110462,6.021957,0.034237,0.019727,0.42602,0.957243,0.11205,True,False,False,0.01849365234375,0.37868192457522976,
amazon-photo,Dense Small,False,NVIDIA GeForce RTX 4090,12.1,0,50,200,10,7650,7650,238162,64,31.132288,1.518504,1434,TC_DIRECT_TF32,0.036829,3.713555,0.063894,3.777449,0.0237,0.419984,0.124099,0.13017,0.643534,0.111182,3.369621,0.03446,0.019727,0.42602,0.535631,0.11278,True,False,False,0.018495559692382812,0.37868192457522976,
amazon-photo,Dense Small,False,NVIDIA GeForce RTX 4090,12.1,0,50,200,10,7650,7650,238162,64,31.132288,1.518504,1434,COMMUNITY_TC_TF32,0.043986,6.576578,0.106902,6.683481,0.0237,0.419984,0.124099,0.13017,0.53882,0.062839,2.821325,0.019476,0.019727,0.42602,0.448474,0.063742,True,False,False,0.018495559692382812,0.37868192457522976,
amazon-photo,Dense Small,False,NVIDIA GeForce RTX 4090,12.1,0,50,200,10,7650,7650,238162,64,31.132288,1.518504,1434,SEGMENT_HYBRID_TF32,0.025754,3.766212,0.222605,3.988817,0.0237,0.419984,0.124099,0.13017,0.920278,0.10529,4.818688,0.032634,0.019727,0.42602,0.765973,0.106804,True,False,False,0.01849365234375,0.37868192457522976,
amazon-photo,Dense Small,False,NVIDIA GeForce RTX 4090,12.1,0,50,200,10,7650,7650,238162,64,31.132288,1.518504,1434,CUSPARSE,0.0237,0.392461,0.027523,0.419984,0.0237,0.419984,0.124099,0.13017,1.0,1.0,5.23612,0.309939,0.019727,0.42602,,,True,False,False,0.0,0.0,
amazon-photo,Dense Small,False,NVIDIA GeForce RTX 4090,12.1,0,50,200,10,7650,7650,238162,128,31.132288,1.518504,1434,CSR_DIRECT,0.134026,0.0,0.139254,0.139254,0.035261,0.445878,0.134026,0.139254,0.263094,3.201899,1.0,1.0,0.022451,0.427048,,,True,False,False,0.00012969970703125,0.03786819245752297,
amazon-photo,Dense Small,False,NVIDIA GeForce RTX 4090,12.1,0,50,200,10,7650,7650,238162,128,31.132288,1.518504,1434,RODE_ENHANCED,0.063729,0.184903,0.072077,0.25698,0.035261,0.445878,0.134026,0.139254,0.553306,1.735072,2.103077,0.541889,0.022451,0.427048,,,True,False,False,4.57763671875e-05,0.03786819245752297,
amazon-photo,Dense Small,False,NVIDIA GeForce RTX 4090,12.1,0,50,200,10,7650,7650,238162,128,31.132288,1.518504,1434,ZERO_OVERHEAD_CSR,0.057584,0.087582,0.065126,0.152709,0.035261,0.445878,0.134026,0.139254,0.612353,2.919797,2.32751,0.911896,0.022451,0.427048,,,True,False,False,4.57763671875e-05,0.03786819245752297,
amazon-photo,Dense Small,False,NVIDIA GeForce RTX 4090,12.1,0,50,200,10,7650,7650,238162,128,31.132288,1.518504,1434,TC_DIRECT,0.035281,5.83941,0.198906,6.038316,0.035261,0.445878,0.134026,0.139254,0.999447,0.073842,3.798826,0.023062,0.022451,0.427048,0.636355,0.070723,True,False,False,0.01953887939453125,0.37868192457522976,
amazon-photo,Dense Small,False,NVIDIA GeForce RTX 4090,12.1,0,50,200,10,7650,7650,238162,128,31.132288,1.518504,1434,COMMUNITY_TC,0.036413,5.353279,0.261382,5.614661,0.035261,0.445878,0.134026,0.139254,0.968363,0.079413,3.680681,0.024802,0.022451,0.427048,0.616564,0.076059,True,False,False,0.01953887939453125,0.37868192457522976,
amazon-photo,Dense Small,False,NVIDIA GeForce RTX 4090,12.1,0,50,200,10,7650,7650,238162,128,31.132288,1.518504,1434,SEGMENT_HYBRID,0.029998,3.976976,0.273072,4.250048,0.035261,0.445878,0.134026,0.139254,1.175457,0.104911,4.467827,0.032765,0.022451,0.427048,0.748421,0.100481,True,False,False,0.019535064697265625,0.37868192457522976,
amazon-photo,Dense Small,False,NVIDIA GeForce RTX 4090,12.1,0,50,200,10,7650,7650,238162,128,31.132288,1.518504,1434,TC_DIRECT_TF32,0.04609,4.471295,0.073082,4.544376,0.035261,0.445878,0.134026,0.139254,0.765052,0.098117,2.907909,0.030643,0.022451,0.427048,0.487114,0.093973,True,False,False,0.01953887939453125,0.37868192457522976,
amazon-photo,Dense Small,False,NVIDIA GeForce RTX 4090,12.1,0,50,200,10,7650,7650,238162,128,31.132288,1.518504,1434,COMMUNITY_TC_TF32,0.048599,5.596169,0.089382,5.685551,0.035261,0.445878,0.134026,0.139254,0.725556,0.078423,2.757787,0.024493,0.022451,0.427048,0.461966,0.075111,True,False,False,0.01953887939453125,0.37868192457522976,
amazon-photo,Dense Small,False,NVIDIA GeForce RTX 4090,12.1,0,50,200,10,7650,7650,238162,128,31.132288,1.518504,1434,SEGMENT_HYBRID_TF32,0.039505,4.242691,0.086752,4.329443,0.035261,0.445878,0.134026,0.139254,0.892583,0.102987,3.392643,0.032165,0.022451,0.427048,0.568313,0.098638,True,False,False,0.019535064697265625,0.37868192457522976,
amazon-photo,Dense Small,False,NVIDIA GeForce RTX 4090,12.1,0,50,200,10,7650,7650,238162,128,31.132288,1.518504,1434,CUSPARSE,0.035261,0.405501,0.040378,0.445878,0.035261,0.445878,0.134026,0.139254,1.0,1.0,3.800929,0.312315,0.022451,0.427048,,,True,False,False,0.0,0.0,
amazon-photo,Dense Small,False,NVIDIA GeForce RTX 4090,12.1,0,50,200,10,7650,7650,238162,256,31.132288,1.518504,1434,CSR_DIRECT,0.216079,0.0,0.221392,0.221392,0.061599,0.455591,0.216079,0.221392,0.285075,2.057849,1.0,1.0,0.038651,0.442776,,,True,False,False,0.00011444091796875,0.03786819245752297,
amazon-photo,Dense Small,False,NVIDIA GeForce RTX 4090,12.1,0,50,200,10,7650,7650,238162,256,31.132288,1.518504,1434,RODE_ENHANCED,0.084224,0.181003,0.092534,0.273538,0.061599,0.455591,0.216079,0.221392,0.731368,1.665552,2.565532,0.809366,0.038651,0.442776,,,True,False,False,4.9591064453125e-05,0.03786819245752297,
amazon-photo,Dense Small,False,NVIDIA GeForce RTX 4090,12.1,0,50,200,10,7650,7650,238162,256,31.132288,1.518504,1434,ZERO_OVERHEAD_CSR,0.075981,0.088977,0.084509,0.173486,0.061599,0.455591,0.216079,0.221392,0.810711,2.626106,2.843856,1.276141,0.038651,0.442776,,,True,False,False,4.9591064453125e-05,0.03786819245752297,
amazon-photo,Dense Small,False,NVIDIA GeForce RTX 4090,12.1,0,50,200,10,7650,7650,238162,256,31.132288,1.518504,1434,TC_DIRECT,0.052091,5.895286,0.221354,6.116639,0.061599,0.455591,0.216079,0.221392,1.182524,0.074484,4.148123,0.036195,0.038651,0.442776,0.741989,0.072389,True,False,False,0.025229454040527344,0.37868192457522976,
amazon-photo,Dense Small,False,NVIDIA GeForce RTX 4090,12.1,0,50,200,10,7650,7650,238162,256,31.132288,1.518504,1434,COMMUNITY_TC,0.04969,5.801351,0.333632,6.134983,0.061599,0.455591,0.216079,0.221392,1.23967,0.074261,4.348584,0.036087,0.038651,0.442776,0.777847,0.072172,True,False,False,0.025229454040527344,0.37868192457522976,
amazon-photo,Dense Small,False,NVIDIA GeForce RTX 4090,12.1,0,50,200,10,7650,7650,238162,256,31.132288,1.518504,1434,SEGMENT_HYBRID,0.05015,4.988617,0.305286,5.293903,0.061599,0.455591,0.216079,0.221392,1.22828,0.08606,4.308627,0.04182,0.038651,0.442776,0.770699,0.083639,True,False,False,0.025224685668945312,0.37868192457522976,
amazon-photo,Dense Small,False,NVIDIA GeForce RTX 4090,12.1,0,50,200,10,7650,7650,238162,256,31.132288,1.518504,1434,TC_DIRECT_TF32,0.072166,6.215104,0.102531,6.317635,0.061599,0.455591,0.216079,0.221392,0.853565,0.072114,2.994182,0.035043,0.038651,0.442776,0.53558,0.070086,True,False,False,0.025229454040527344,0.37868192457522976,
amazon-photo,Dense Small,False,NVIDIA GeForce RTX 4090,12.1,0,50,200,10,7650,7650,238162,256,31.132288,1.518504,1434,COMMUNITY_TC_TF32,0.065254,6.875983,0.104346,6.980329,0.061599,0.455591,0.216079,0.221392,0.94399,0.065268,3.311378,0.031717,0.038651,0.442776,0.592318,0.063432,True,False,False,0.025229454040527344,0.37868192457522976,
amazon-photo,Dense Small,False,NVIDIA GeForce RTX 4090,12.1,0,50,200,10,7650,7650,238162,256,31.132288,1.518504,1434,SEGMENT_HYBRID_TF32,0.066084,5.720047,0.116496,5.836543,0.061599,0.455591,0.216079,0.221392,0.93213,0.078058,3.269776,0.037932,0.038651,0.442776,0.584876,0.075863,True,False,False,0.025224685668945312,0.37868192457522976,
amazon-photo,Dense Small,False,NVIDIA GeForce RTX 4090,12.1,0,50,200,10,7650,7650,238162,256,31.132288,1.518504,1434,CUSPARSE,0.061599,0.388599,0.066992,0.455591,0.061599,0.455591,0.216079,0.221392,1.0,1.0,3.507855,0.485944,0.038651,0.442776,,,True,False,False,0.0,0.0,
amazon-photo,Dense Small,False,NVIDIA GeForce RTX 4090,12.1,0,50,200,10,7650,7650,238162,512,31.132288,1.518504,1434,CSR_DIRECT,0.29569,0.0,0.301053,0.301053,0.118129,0.510433,0.29569,0.301053,0.399501,1.695495,1.0,1.0,0.068312,0.473013,,,True,False,False,0.00012969970703125,0.03786819245752297,
amazon-photo,Dense Small,False,NVIDIA GeForce RTX 4090,12.1,0,50,200,10,7650,7650,238162,512,31.132288,1.518504,1434,RODE_ENHANCED,0.13694,0.183542,0.145366,0.328908,0.118129,0.510433,0.29569,0.301053,0.862634,1.551904,2.159276,0.91531,0.068312,0.473013,,,True,False,False,4.57763671875e-05,0.03786819245752297,
amazon-photo,Dense Small,False,NVIDIA GeForce RTX 4090,12.1,0,50,200,10,7650,7650,238162,512,31.132288,1.518504,1434,ZERO_OVERHEAD_CSR,0.120407,0.088817,0.128938,0.217754,0.118129,0.510433,0.29569,0.301053,0.981078,2.344079,2.455755,1.382534,0.068312,0.473013,,,True,False,False,4.1961669921875e-05,0.03786819245752297,
amazon-photo,Dense Small,False,NVIDIA GeForce RTX 4090,12.1,0,50,200,10,7650,7650,238162,512,31.132288,1.518504,1434,TC_DIRECT,0.090476,6.166474,0.253862,6.420336,0.118129,0.510433,0.29569,0.301053,1.305642,0.079503,3.268179,0.046891,0.068312,0.473013,0.755029,0.073674,True,False,False,0.028924942016601562,0.37868192457522976,
amazon-photo,Dense Small,False,NVIDIA GeForce RTX 4090,12.1,0,50,200,10,7650,7650,238162,512,31.132288,1.518504,1434,COMMUNITY_TC,0.078531,7.540477,0.267475,7.807953,0.118129,0.510433,0.29569,0.301053,1.504238,0.065374,3.765289,0.038557,0.068312,0.473013,0.869874,0.060581,True,False,False,0.028924942016601562,0.37868192457522976,
amazon-photo,Dense Small,False,NVIDIA GeForce RTX 4090,12.1,0,50,200,10,7650,7650,238162,512,31.132288,1.518504,1434,SEGMENT_HYBRID,0.090947,5.86545,0.347955,6.213405,0.118129,0.510433,0.29569,0.301053,1.29888,0.08215,3.251253,0.048452,0.068312,0.473013,0.751119,0.076128,True,False,False,0.028924942016601562,0.37868192457522976,
amazon-photo,Dense Small,False,NVIDIA GeForce RTX 4090,12.1,0,50,200,10,7650,7650,238162,512,31.132288,1.518504,1434,TC_DIRECT_TF32,0.127892,6.345696,0.157402,6.503098,0.118129,0.510433,0.29569,0.301053,0.923656,0.078491,2.312022,0.046294,0.068312,0.473013,0.534134,0.072737,True,False,False,0.028924942016601562,0.37868192457522976,
amazon-photo,Dense Small,False,NVIDIA GeForce RTX 4090,12.1,0,50,200,10,7650,7650,238162,512,31.132288,1.518504,1434,COMMUNITY_TC_TF32,0.106429,7.396615,0.144995,7.54161,0.118129,0.510433,0.29569,0.301053,1.109924,0.067682,2.778275,0.039919,0.068312,0.473013,0.641849,0.06272,True,False,False,0.028924942016601562,0.37868192457522976,
amazon-photo,Dense Small,False,NVIDIA GeForce RTX 4090,12.1,0,50,200,10,7650,7650,238162,512,31.132288,1.518504,1434,SEGMENT_HYBRID_TF32,0.124708,6.06382,0.173453,6.237273,0.118129,0.510433,0.29569,0.301053,0.947243,0.081836,2.371064,0.048267,0.068312,0.473013,0.547774,0.075836,True,False,False,0.028924942016601562,0.37868192457522976,
amazon-photo,Dense Small,False,NVIDIA GeForce RTX 4090,12.1,0,50,200,10,7650,7650,238162,512,31.132288,1.518504,1434,CUSPARSE,0.118129,0.387998,0.122435,0.510433,0.118129,0.510433,0.29569,0.301053,1.0,1.0,2.503121,0.589798,0.068312,0.473013,,,True,False,False,0.0,0.0,
ca-CondMat,Dense Small,False,NVIDIA GeForce RTX 4090,12.1,0,50,200,10,23133,23133,186936,64,8.080923,1.316186,280,CSR_DIRECT,0.032492,0.0,0.038739,0.038739,0.022533,0.531581,0.032492,0.038739,0.693493,13.722036,1.0,1.0,0.020941,0.514983,,,True,False,False,1.9073486328125e-05,0.016733200530681513,
ca-CondMat,Dense Small,False,NVIDIA GeForce RTX 4090,12.1,0,50,200,10,23133,23133,186936,64,8.080923,1.316186,280,RODE_ENHANCED,0.042414,0.309107,0.049891,0.358999,0.022533,0.531581,0.032492,0.038739,0.531254,1.480732,0.766055,0.107909,0.020941,0.514983,,,True,False,False,1.9073486328125e-05,0.016733200530681513,
ca-CondMat,Dense Small,False,NVIDIA GeForce RTX 4090,12.1,0,50,200,10,23133,23133,186936,64,8.080923,1.316186,280,ZERO_OVERHEAD_CSR,0.045635,0.244005,0.054163,0.298168,0.022533,0.531581,0.032492,0.038739,0.493763,1.782822,0.711994,0.129924,0.020941,0.514983,,,True,False,False,1.9073486328125e-05,0.016733200530681513,
ca-CondMat,Dense Small,False,NVIDIA GeForce RTX 4090,12.1,0,50,200,10,23133,23133,186936,64,8.080923,1.316186,280,TC_DIRECT,0.016876,4.604556,0.228029,4.832585,0.022533,0.531581,0.032492,0.038739,1.335226,0.109999,1.925364,0.008016,0.020941,0.514983,1.240917,0.106565,True,False,False,0.010345458984375,0.16733200530681513,
ca-CondMat,Dense Small,False,NVIDIA GeForce RTX 4090,12.1,0,50,200,10,23133,23133,186936,64,8.080923,1.316186,280,COMMUNITY_TC,0.019139,6.676336,0.293162,6.969498,0.022533,0.531581,0.032492,0.038739,1.177342,0.076272,1.697699,0.005558,0.020941,0.514983,1.094185,0.073891,True,False,False,0.010345458984375,0.16733200530681513,
ca-CondMat,Dense Small,False,NVIDIA GeForce RTX 4090,12.1,0,50,200,10,23133,23133,186936,64,8.080923,1.316186,280,SEGMENT_HYBRID,0.02046,3.412565,0.251082,3.663647,0.022533,0.531581,0.032492,0.038739,1.101328,0.145096,1.588088,0.010574,0.020941,0.514983,1.023539,0.140566,True,False,False,0.010345458984375,0.16733200530681513,
ca-CondMat,Dense Small,False,NVIDIA GeForce RTX 4090,12.1,0,50,200,10,23133,23133,186936,64,8.080923,1.316186,280,TC_DIRECT_TF32,0.018345,3.398817,0.050067,3.448885,0.022533,0.531581,0.032492,0.038739,1.228274,0.154131,1.771141,0.011232,0.020941,0.514983,1.141519,0.149319,True,False,False,0.010345458984375,0.16733200530681513,
ca-CondMat,Dense Small,False,NVIDIA GeForce RTX 4090,12.1,0,50,200,10,23133,23133,186936,64,8.080923,1.316186,280,COMMUNITY_TC_TF32,0.02029,6.04439,0.065046,6.109436,0.022533,0.531581,0.032492,0.038739,1.110525,0.08701,1.60135,0.006341,0.020941,0.514983,1.032087,0.084293,True,False,False,0.010345458984375,0.16733200530681513,
ca-CondMat,Dense Small,False,NVIDIA GeForce RTX 4090,12.1,0,50,200,10,23133,23133,186936,64,8.080923,1.316186,280,SEGMENT_HYBRID_TF32,0.022885,3.25178,0.071136,3.322916,0.022533,0.531581,0.032492,0.038739,0.984591,0.159974,1.419756,0.011658,0.020941,0.514983,0.915048,0.154979,True,False,False,0.010345458984375,0.16733200530681513,
ca-CondMat,Dense Small,False,NVIDIA GeForce RTX 4090,12.1,0,50,200,10,23133,23133,186936,64,8.080923,1.316186,280,CUSPARSE,0.022533,0.505347,0.026234,0.531581,0.022533,0.531581,0.032492,0.038739,1.0,1.0,1.441976,0.072875,0.020941,0.514983,,,True,False,False,0.0,0.0,
ca-CondMat,Dense Small,False,NVIDIA GeForce RTX 4090,12.1,0,50,200,10,23133,23133,186936,128,8.080923,1.316186,280,CSR_DIRECT,0.042086,0.0,0.047501,0.047501,0.036689,0.43547,0.042086,0.047501,0.871753,9.16764,1.0,1.0,0.027315,0.436324,,,True,False,False,2.288818359375e-05,0.016733200530681513,
ca-CondMat,Dense Small,False,NVIDIA GeForce RTX 4090,12.1,0,50,200,10,23133,23133,186936,128,8.080923,1.316186,280,RODE_ENHANCED,0.053775,0.27996,0.060202,0.340161,0.036689,0.43547,0.042086,0.047501,0.682263,1.280187,0.782634,0.139642,0.027315,0.436324,,,True,False,False,2.09808349609375e-05,0.016733200530681513,
ca-CondMat,Dense Small,False,NVIDIA GeForce RTX 4090,12.1,0,50,200,10,23133,23133,186936,128,8.080923,1.316186,280,ZERO_OVERHEAD_CSR,0.05631,0.226774,0.06448,0.291254,0.036689,0.43547,0.042086,0.047501,0.651556,1.495158,0.747409,0.163091,0.027315,0.436324,,,True,False,False,2.288818359375e-05,0.016733200530681513,
ca-CondMat,Dense Small,False,NVIDIA GeForce RTX 4090,12.1,0,50,200,10,23133,23133,186936,128,8.080923,1.316186,280,TC_DIRECT,0.02711,4.683913,0.258333,4.942246,0.036689,0.43547,0.042086,0.047501,1.353317,0.088112,1.552408,0.009611,0.027315,0.436324,1.007554,0.088285,True,False,False,0.009485244750976562,0.16733200530681513,
ca-CondMat,Dense Small,False,NVIDIA GeForce RTX 4090,12.1,0,50,200,10,23133,23133,186936,128,8.080923,1.316186,280,COMMUNITY_TC,0.029179,6.5324,0.245334,6.777734,0.036689,0.43547,0.042086,0.047501,1.257381,0.06425,1.442358,0.007008,0.027315,0.436324,0.936129,0.064376,True,False,False,0.009485244750976562,0.16733200530681513,
ca-CondMat,Dense Small,False,NVIDIA GeForce RTX 4090,12.1,0,50,200,10,23133,23133,186936,128,8.080923,1.316186,280,SEGMENT_HYBRID,0.033577,3.671468,0.251482,3.922949,0.036689,0.43547,0.042086,0.047501,1.092683,0.111006,1.253431,0.012108,0.027315,0.436324,0.81351,0.111224,True,False,False,0.009485244750976562,0.16733200530681513,
ca-CondMat,Dense Small,False,NVIDIA GeForce RTX 4090,12.1,0,50,200,10,23133,23133,186936,128,8.080923,1.316186,280,TC_DIRECT_TF32,0.031109,3.429714,0.062342,3.492057,0.036689,0.43547,0.042086,0.047501,1.179363,0.124703,1.352864,0.013603,0.027315,0.436324,0.878045,0.124948,True,False,False,0.009485244750976562,0.16733200530681513,
ca-CondMat,Dense Small,False,NVIDIA GeForce RTX 4090,12.1,0,50,200,10,23133,23133,186936,128,8.080923,1.316186,280,COMMUNITY_TC_TF32,0.031708,6.345802,0.07504,6.420842,0.036689,0.43547,0.042086,0.047501,1.157083,0.067821,1.327305,0.007398,0.027315,0.436324,0.861456,0.067954,True,False,False,0.009485244750976562,0.16733200530681513,
ca-CondMat,Dense Small,False,NVIDIA GeForce RTX 4090,12.1,0,50,200,10,23133,23133,186936,128,8.080923,1.316186,280,SEGMENT_HYBRID_TF32,0.037878,3.678392,0.082214,3.760606,0.036689,0.43547,0.042086,0.047501,0.968615,0.115798,1.111111,0.012631,0.027315,0.436324,0.721141,0.116025,True,False,False,0.009485244750976562,0.16733200530681513,
ca-CondMat,Dense Small,False,NVIDIA GeForce RTX 4090,12.1,0,50,200,10,23133,23133,186936,128,8.080923,1.316186,280,CUSPARSE,0.036689,0.395032,0.040438,0.43547,0.036689,0.43547,0.042086,0.047501,1.0,1.0,1.147113,0.109079,0.027315,0.436324,,,True,False,False,0.0,0.0,
ca-CondMat,Dense Small,False,NVIDIA GeForce RTX 4090,12.1,0,50,200,10,23133,23133,186936,256,8.080923,1.316186,280,CSR_DIRECT,0.077138,0.0,0.082912,0.082912,0.059955,0.45771,0.077138,0.082912,0.777247,5.520436,1.0,1.0,0.043658,0.453754,,,True,False,False,3.0517578125e-05,0.016733200530681513,
ca-CondMat,Dense Small,False,NVIDIA GeForce RTX 4090,12.1,0,50,200,10,23133,23133,186936,256,8.080923,1.316186,280,RODE_ENHANCED,0.076493,0.278525,0.083062,0.361587,0.059955,0.45771,0.077138,0.082912,0.783802,1.265836,1.008434,0.2293,0.043658,0.453754,,,True,False,False,2.6702880859375e-05,0.016733200530681513,
ca-CondMat,Dense Small,False,NVIDIA GeForce RTX 4090,12.1,0,50,200,10,23133,23133,186936,256,8.080923,1.316186,280,ZERO_OVERHEAD_CSR,0.079775,0.227424,0.087834,0.315258,0.059955,0.45771,0.077138,0.082912,0.751556,1.451859,0.966947,0.262997,0.043658,0.453754,,,True,False,False,3.0517578125e-05,0.016733200530681513,
ca-CondMat,Dense Small,False,NVIDIA GeForce RTX 4090,12.1,0,50,200,10,23133,23133,186936,256,8.080923,1.316186,280,TC_DIRECT,0.047211,4.404262,0.254464,4.658726,0.059955,0.45771,0.077138,0.082912,1.269953,0.098248,1.633912,0.017797,0.043658,0.453754,0.924756,0.097399,True,False,False,0.012598037719726562,0.16733200530681513,
ca-CondMat,Dense Small,False,NVIDIA GeForce RTX 4090,12.1,0,50,200,10,23133,23133,186936,256,8.080923,1.316186,280,COMMUNITY_TC,0.051333,6.951004,0.265501,7.216505,0.059955,0.45771,0.077138,0.082912,1.167963,0.063425,1.502693,0.011489,0.043658,0.453754,0.850489,0.062877,True,False,False,0.012598037719726562,0.16733200530681513,
ca-CondMat,Dense Small,False,NVIDIA GeForce RTX 4090,12.1,0,50,200,10,23133,23133,186936,256,8.080923,1.316186,280,SEGMENT_HYBRID,0.055726,4.072688,0.281846,4.354534,0.059955,0.45771,0.077138,0.082912,1.075891,0.105111,1.384234,0.01904,0.043658,0.453754,0.783444,0.104203,True,False,False,0.012598037719726562,0.16733200530681513,
ca-CondMat,Dense Small,False,NVIDIA GeForce RTX 4090,12.1,0,50,200,10,23133,23133,186936,256,8.080923,1.316186,280,TC_DIRECT_TF32,0.050376,4.364148,0.085693,4.449841,0.059955,0.45771,0.077138,0.082912,1.190162,0.10286,1.531253,0.018633,0.043658,0.453754,0.866653,0.101971,True,False,False,0.012598037719726562,0.16733200530681513,
ca-CondMat,Dense Small,False,NVIDIA GeForce RTX 4090,12.1,0,50,200,10,23133,23133,186936,256,8.080923,1.316186,280,COMMUNITY_TC_TF32,0.050411,7.144948,0.092038,7.236986,0.059955,0.45771,0.077138,0.082912,1.189323,0.063246,1.530174,0.011457,0.043658,0.453754,0.866042,0.062699,True,False,False,0.012598037719726562,0.16733200530681513,
ca-CondMat,Dense Small,False,NVIDIA GeForce RTX 4090,12.1,0,50,200,10,23133,23133,186936,256,8.080923,1.316186,280,SEGMENT_HYBRID_TF32,0.062515,4.512514,0.1072,4.619714,0.059955,0.45771,0.077138,0.082912,0.95905,0.099078,1.233907,0.017947,0.043658,0.453754,0.698362,0.098221,True,False,False,0.012598037719726562,0.16733200530681513,
ca-CondMat,Dense Small,False,NVIDIA GeForce RTX 4090,12.1,0,50,200,10,23133,23133,186936,256,8.080923,1.316186,280,CUSPARSE,0.059955,0.393301,0.06441,0.45771,0.059955,0.45771,0.077138,0.082912,1.0,1.0,1.286593,0.181145,0.043658,0.453754,,,True,False,False,0.0,0.0,
ca-CondMat,Dense Small,False,NVIDIA GeForce RTX 4090,12.1,0,50,200,10,23133,23133,186936,512,8.080923,1.316186,280,CSR_DIRECT,0.137917,0.0,0.144749,0.144749,0.134179,0.70203,0.137917,0.144749,0.972895,4.849985,1.0,1.0,0.086369,0.526733,,,True,False,False,2.6702880859375e-05,0.016733200530681513,
ca-CondMat,Dense Small,False,NVIDIA GeForce RTX 4090,12.1,0,50,200,10,23133,23133,186936,512,8.080923,1.316186,280,RODE_ENHANCED,0.126618,0.281876,0.132934,0.41481,0.134179,0.70203,0.137917,0.144749,1.05972,1.692412,1.089244,0.348952,0.086369,0.526733,,,True,False,False,3.4332275390625e-05,0.016733200530681513,
ca-CondMat,Dense Small,False,NVIDIA GeForce RTX 4090,12.1,0,50,200,10,23133,23133,186936,512,8.080923,1.316186,280,ZERO_OVERHEAD_CSR,0.14142,0.230814,0.150733,0.381546,0.134179,0.70203,0.137917,0.144749,0.948803,1.839958,0.975236,0.379374,0.086369,0.526733,,,True,False,False,2.6702880859375e-05,0.016733200530681513,
ca-CondMat,Dense Small,False,NVIDIA GeForce RTX 4090,12.1,0,50,200,10,23133,23133,186936,512,8.080923,1.316186,280,TC_DIRECT,0.150569,4.717292,0.348944,5.066236,0.134179,0.70203,0.137917,0.144749,0.891148,0.13857,0.915975,0.028571,0.086369,0.526733,0.573619,0.103969,True,False,False,0.011957168579101562,0.16733200530681513,
ca-CondMat,Dense Small,False,NVIDIA GeForce RTX 4090,12.1,0,50,200,10,23133,23133,186936,512,8.080923,1.316186,280,COMMUNITY_TC,0.16746,7.420427,0.428525,7.848952,0.134179,0.70203,0.137917,0.144749,0.801262,0.089442,0.823585,0.018442,0.086369,0.526733,0.515761,0.067109,True,False,False,0.011957168579101562,0.16733200530681513,
ca-CondMat,Dense Small,False,NVIDIA GeForce RTX 4090,12.1,0,50,200,10,23133,23133,186936,512,8.080923,1.316186,280,SEGMENT_HYBRID,0.178089,4.700578,0.384598,5.085177,0.134179,0.70203,0.137917,0.144749,0.753439,0.138054,0.77443,0.028465,0.086369,0.526733,0.484978,0.103582,True,False,False,0.011957168579101562,0.16733200530681513,
ca-CondMat,Dense Small,False,NVIDIA GeForce RTX 4090,12.1,0,50,200,10,23133,23133,186936,512,8.080923,1.316186,280,TC_DIRECT_TF32,0.10987,4.677477,0.142246,4.819723,0.134179,0.70203,0.137917,0.144749,1.221253,0.145658,1.255278,0.030033,0.086369,0.526733,0.786104,0.109287,True,False,False,0.011957168579101562,0.16733200530681513,
ca-CondMat,Dense Small,False,NVIDIA GeForce RTX 4090,12.1,0,50,200,10,23133,23133,186936,512,8.080923,1.316186,280,COMMUNITY_TC_TF32,0.117068,7.361044,0.158499,7.519544,0.134179,0.70203,0.137917,0.144749,1.146166,0.093361,1.178098,0.01925,0.086369,0.526733,0.737771,0.070049,True,False,False,0.011957168579101562,0.16733200530681513,
ca-CondMat,Dense Small,False,NVIDIA GeForce RTX 4090,12.1,0,50,200,10,23133,23133,186936,512,8.080923,1.316186,280,SEGMENT_HYBRID_TF32,0.131446,4.815748,0.176026,4.991774,0.134179,0.70203,0.137917,0.144749,1.020795,0.140637,1.049235,0.028997,0.086369,0.526733,0.657072,0.10552,True,False,False,0.011957168579101562,0.16733200530681513,
ca-CondMat,Dense Small,False,NVIDIA GeForce RTX 4090,12.1,0,50,200,10,23133,23133,186936,512,8.080923,1.316186,280,CUSPARSE,0.134179,0.566586,0.135443,0.70203,0.134179,0.70203,0.137917,0.144749,1.0,1.0,1.02786,0.206186,0.086369,0.526733,,,True,False,False,0.0,0.0,
ca-GrQc,Dense Small,False,NVIDIA GeForce RTX 4090,12.1,0,50,200,10,5242,5242,28980,64,5.528424,1.432218,81,CSR_DIRECT,0.009845,0.0,0.01616,0.01616,0.011863,0.417075,0.009845,0.01616,1.205006,25.809121,1.0,1.0,0.011971,0.57857,,,True,False,False,7.62939453125e-06,0.009000000000000001,
ca-GrQc,Dense Small,False,NVIDIA GeForce RTX 4090,12.1,0,50,200,10,5242,5242,28980,64,5.528424,1.432218,81,RODE_ENHANCED,0.010327,0.115604,0.01879,0.134394,0.011863,0.417075,0.009845,0.01616,1.148736,3.103376,0.953303,0.120243,0.011971,0.57857,,,True,False,False,5.7220458984375e-06,0.009000000000000001,
ca-GrQc,Dense Small,False,NVIDIA GeForce RTX 4090,12.1,0,50,200,10,5242,5242,28980,64,5.528424,1.432218,81,ZERO_OVERHEAD_CSR,0.018586,0.064841,0.024739,0.08958,0.011863,0.417075,0.009845,0.01616,0.638292,4.655878,0.5297,0.180397,0.011971,0.57857,,,True,False,False,7.62939453125e-06,0.009000000000000001,
ca-GrQc,Dense Small,False,NVIDIA GeForce RTX 4090,12.1,0,50,200,10,5242,5242,28980,64,5.528424,1.432218,81,TC_DIRECT,0.010931,0.906708,0.235878,1.142587,0.011863,0.417075,0.009845,0.01616,1.085246,0.365027,0.900615,0.014143,0.011971,0.57857,1.095082,0.506369,True,False,False,0.00592803955078125,0.09000000000000001,
ca-GrQc,Dense Small,False,NVIDIA GeForce RTX 4090,12.1,0,50,200,10,5242,5242,28980,64,5.528424,1.432218,81,COMMUNITY_TC,0.016164,1.62749,0.197926,1.825416,0.011863,0.417075,0.009845,0.01616,0.733896,0.228482,0.609039,0.008853,0.011971,0.57857,0.740547,0.316953,True,False,False,0.00592803955078125,0.09000000000000001,
ca-GrQc,Dense Small,False,NVIDIA GeForce RTX 4090,12.1,0,50,200,10,5242,5242,28980,64,5.528424,1.432218,81,SEGMENT_HYBRID,0.01642,0.760644,0.191149,0.951793,0.011863,0.417075,0.009845,0.01616,0.722496,0.4382,0.599579,0.016978,0.011971,0.57857,0.729044,0.607874,True,False,False,0.00592803955078125,0.09000000000000001,
ca-GrQc,Dense Small,False,NVIDIA GeForce RTX 4090,12.1,0,50,200,10,5242,5242,28980,64,5.528424,1.432218,81,TC_DIRECT_TF32,0.007301,0.694882,0.01992,0.714802,0.011863,0.417075,0.009845,0.01616,1.624825,0.583484,1.348396,0.022608,0.011971,0.57857,1.639551,0.809413,True,False,False,0.00592803955078125,0.09000000000000001,
ca-GrQc,Dense Small,False,NVIDIA GeForce RTX 4090,12.1,0,50,200,10,5242,5242,28980,64,5.528424,1.432218,81,COMMUNITY_TC_TF32,0.012574,1.338596,0.027725,1.366321,0.011863,0.417075,0.009845,0.01616,0.94344,0.305254,0.782934,0.011827,0.011971,0.57857,0.951991,0.423451,True,False,False,0.00592803955078125,0.09000000000000001,
ca-GrQc,Dense Small,False,NVIDIA GeForce RTX 4090,12.1,0,50,200,10,5242,5242,28980,64,5.528424,1.432218,81,SEGMENT_HYBRID_TF32,0.012719,0.646811,0.027085,0.673896,0.011863,0.417075,0.009845,0.01616,0.932699,0.618902,0.774021,0.02398,0.011971,0.57857,0.941153,0.858546,True,False,False,0.00592803955078125,0.09000000000000001,
ca-GrQc,Dense Small,False,NVIDIA GeForce RTX 4090,12.1,0,50,200,10,5242,5242,28980,64,5.528424,1.432218,81,CUSPARSE,0.011863,0.400807,0.016269,0.417075,0.011863,0.417075,0.009845,0.01616,1.0,1.0,0.829872,0.038746,0.011971,0.57857,,,True,False,False,0.0,0.0,
ca-GrQc,Dense Small,False,NVIDIA GeForce RTX 4090,12.1,0,50,200,10,5242,5242,28980,128,5.528424,1.432218,81,CSR_DIRECT,0.010184,0.0,0.015555,0.015555,0.012416,0.424711,0.010184,0.015555,1.219206,27.303476,1.0,1.0,0.012191,0.418307,,,True,False,False,7.62939453125e-06,0.009000000000000001,
ca-GrQc,Dense Small,False,NVIDIA GeForce RTX 4090,12.1,0,50,200,10,5242,5242,28980,128,5.528424,1.432218,81,RODE_ENHANCED,0.011924,0.092565,0.01783,0.110395,0.012416,0.424711,0.010184,0.015555,1.041219,3.84718,0.854015,0.140904,0.012191,0.418307,,,True,False,False,5.7220458984375e-06,0.009000000000000001,
ca-GrQc,Dense Small,False,NVIDIA GeForce RTX 4090,12.1,0,50,200,10,5242,5242,28980,128,5.528424,1.432218,81,ZERO_OVERHEAD_CSR,0.019692,0.055714,0.025533,0.081247,0.012416,0.424711,0.010184,0.015555,0.630525,5.227399,0.517161,0.191455,0.012191,0.418307,,,True,False,False,7.62939453125e-06,0.009000000000000001,
ca-GrQc,Dense Small,False,NVIDIA GeForce RTX 4090,12.1,0,50,200,10,5242,5242,28980,128,5.528424,1.432218,81,TC_DIRECT,0.010547,1.016372,0.032042,1.048414,0.012416,0.424711,0.010184,0.015555,1.177184,0.405099,0.965534,0.014837,0.012191,0.418307,1.155825,0.398991,True,False,False,0.0065250396728515625,0.09000000000000001,
ca-GrQc,Dense Small,False,NVIDIA GeForce RTX 4090,12.1,0,50,200,10,5242,5242,28980,128,5.528424,1.432218,81,COMMUNITY_TC,0.016071,1.817924,0.045456,1.86338,0.012416,0.424711,0.010184,0.015555,0.772554,0.227925,0.633654,0.008348,0.012191,0.418307,0.758537,0.224488,True,False,False,0.0065250396728515625,0.09000000000000001,
ca-GrQc,Dense Small,False,NVIDIA GeForce RTX 4090,12.1,0,50,200,10,5242,5242,28980,128,5.528424,1.432218,81,SEGMENT_HYBRID,0.016061,0.92803,0.043722,0.971751,0.012416,0.424711,0.010184,0.015555,0.773032,0.437057,0.634045,0.016007,0.012191,0.418307,0.759005,0.430467,True,False,False,0.0065250396728515625,0.09000000000000001,
ca-GrQc,Dense Small,False,NVIDIA GeForce RTX 4090,12.1,0,50,200,10,5242,5242,28980,128,5.528424,1.432218,81,TC_DIRECT_TF32,0.007281,0.682168,0.020643,0.702811,0.012416,0.424711,0.010184,0.015555,1.705345,0.604303,1.398734,0.022133,0.012191,0.418307,1.674402,0.595191,True,False,False,0.0065250396728515625,0.09000000000000001,
ca-GrQc,Dense Small,False,NVIDIA GeForce RTX 4090,12.1,0,50,200,10,5242,5242,28980,128,5.528424,1.432218,81,COMMUNITY_TC_TF32,0.012483,1.788528,0.029011,1.81754,0.012416,0.424711,0.010184,0.015555,0.994668,0.233674,0.815833,0.008558,0.012191,0.418307,0.97662,0.23015,True,False,False,0.0065250396728515625,0.09000000000000001,
ca-GrQc,Dense Small,False,NVIDIA GeForce RTX 4090,12.1,0,50,200,10,5242,5242,28980,128,5.528424,1.432218,81,SEGMENT_HYBRID_TF32,0.012744,0.636945,0.026742,0.663688,0.012416,0.424711,0.010184,0.015555,0.974287,0.639926,0.799116,0.023438,0.012191,0.418307,0.956609,0.630277,True,False,False,0.0065250396728515625,0.09000000000000001,
ca-GrQc,Dense Small,False,NVIDIA GeForce RTX 4090,12.1,0,50,200,10,5242,5242,28980,128,5.528424,1.432218,81,CUSPARSE,0.012416,0.407831,0.01688,0.424711,0.012416,0.424711,0.010184,0.015555,1.0,1.0,0.820206,0.036625,0.012191,0.418307,,,True,False,False,0.0,0.0,
ca-GrQc,Dense Small,False,NVIDIA GeForce RTX 4090,12.1,0,50,200,10,5242,5242,28980,256,5.528424,1.432218,81,CSR_DIRECT,0.016455,0.0,0.021901,0.021901,0.016573,0.412565,0.016455,0.021901,1.007195,18.83791,1.0,1.0,0.014659,0.435372,,,True,False,False,1.1920928955078125e-05,0.009000000000000001,
ca-GrQc,Dense Small,False,NVIDIA GeForce RTX 4090,12.1,0,50,200,10,5242,5242,28980,256,5.528424,1.432218,81,RODE_ENHANCED,0.015159,0.093343,0.021171,0.114514,0.016573,0.412565,0.016455,0.021901,1.093271,3.602747,1.085461,0.19125,0.014659,0.435372,,,True,False,False,1.0967254638671875e-05,0.009000000000000001,
ca-GrQc,Dense Small,False,NVIDIA GeForce RTX 4090,12.1,0,50,200,10,5242,5242,28980,256,5.528424,1.432218,81,ZERO_OVERHEAD_CSR,0.025144,0.055443,0.031126,0.08657,0.016573,0.412565,0.016455,0.021901,0.659137,4.765695,0.654428,0.252984,0.014659,0.435372,,,True,False,False,1.1920928955078125e-05,0.009000000000000001,
ca-GrQc,Dense Small,False,NVIDIA GeForce RTX 4090,12.1,0,50,200,10,5242,5242,28980,256,5.528424,1.432218,81,TC_DIRECT,0.011863,0.893821,0.171818,1.065638,0.016573,0.412565,0.016455,0.021901,1.397038,0.387153,1.387058,0.020552,0.014659,0.435372,1.23565,0.408555,True,False,False,0.006847262382507324,0.09000000000000001,
ca-GrQc,Dense Small,False,NVIDIA GeForce RTX 4090,12.1,0,50,200,10,5242,5242,28980,256,5.528424,1.432218,81,COMMUNITY_TC,0.016297,1.642632,0.195664,1.838296,0.016573,0.412565,0.016455,0.021901,1.016945,0.224428,1.00968,0.011914,0.014659,0.435372,0.899466,0.236834,True,False,False,0.006847262382507324,0.09000000000000001,
ca-GrQc,Dense Small,False,NVIDIA GeForce RTX 4090,12.1,0,50,200,10,5242,5242,28980,256,5.528424,1.432218,81,SEGMENT_HYBRID,0.016122,0.77821,0.195875,0.974085,0.016573,0.412565,0.016455,0.021901,1.027997,0.423541,1.020653,0.022483,0.014659,0.435372,0.909241,0.446955,True,False,False,0.006847262382507324,0.09000000000000001,
ca-GrQc,Dense Small,False,NVIDIA GeForce RTX 4090,12.1,0,50,200,10,5242,5242,28980,256,5.528424,1.432218,81,TC_DIRECT_TF32,0.011571,0.654055,0.02088,0.674935,0.016573,0.412565,0.016455,0.021901,1.432273,0.611267,1.422041,0.032449,0.014659,0.435372,1.266814,0.645057,True,False,False,0.006847262382507324,0.09000000000000001,
ca-GrQc,Dense Small,False,NVIDIA GeForce RTX 4090,12.1,0,50,200,10,5242,5242,28980,256,5.528424,1.432218,81,COMMUNITY_TC_TF32,0.012784,1.341968,0.02865,1.370617,0.016573,0.412565,0.016455,0.021901,1.296347,0.301007,1.287086,0.015979,0.014659,0.435372,1.14659,0.317646,True,False,False,0.006847262382507324,0.09000000000000001,
ca-GrQc,Dense Small,False,NVIDIA GeForce RTX 4090,12.1,0,50,200,10,5242,5242,28980,256,5.528424,1.432218,81,SEGMENT_HYBRID_TF32,0.015427,0.669669,0.028742,0.698411,0.016573,0.412565,0.016455,0.021901,1.074324,0.59072,1.066649,0.031358,0.014659,0.435372,0.950216,0.623374,True,False,False,0.006847262382507324,0.09000000000000001,
ca-GrQc,Dense Small,False,NVIDIA GeForce RTX 4090,12.1,0,50,200,10,5242,5242,28980,256,5.528424,1.432218,81,CUSPARSE,0.016573,0.392904,0.019661,0.412565,0.016573,0.412565,0.016455,0.021901,1.0,1.0,0.992856,0.053084,0.014659,0.435372,,,True,False,False,0.0,0.0,
ca-GrQc,Dense Small,False,NVIDIA GeForce RTX 4090,12.1,0,50,200,10,5242,5242,28980,512,5.528424,1.432218,81,CSR_DIRECT,0.024259,0.0,0.029558,0.029558,0.026076,0.597925,0.024259,0.029558,1.074926,20.228614,1.0,1.0,0.021704,0.426961,,,True,False,False,1.33514404296875e-05,0.009000000000000001,
ca-GrQc,Dense Small,False,NVIDIA GeForce RTX 4090,12.1,0,50,200,10,5242,5242,28980,512,5.528424,1.432218,81,RODE_ENHANCED,0.021882,0.098664,0.027926,0.126591,0.026076,0.597925,0.024259,0.029558,1.19165,4.723301,1.108588,0.233496,0.021704,0.426961,,,True,False,False,1.1444091796875e-05,0.009000000000000001,
ca-GrQc,Dense Small,False,NVIDIA GeForce RTX 4090,12.1,0,50,200,10,5242,5242,28980,512,5.528424,1.432218,81,ZERO_OVERHEAD_CSR,0.033116,0.056289,0.03944,0.095729,0.026076,0.597925,0.024259,0.029558,0.787415,6.246035,0.732529,0.308772,0.021704,0.426961,,,True,False,False,1.33514404296875e-05,0.009000000000000001,
ca-GrQc,Dense Small,False,NVIDIA GeForce RTX 4090,12.1,0,50,200,10,5242,5242,28980,512,5.528424,1.432218,81,TC_DIRECT,0.019094,0.881044,0.282506,1.163549,0.026076,0.597925,0.024259,0.029558,1.365702,0.513881,1.270507,0.025404,0.021704,0.426961,1.136699,0.366947,True,False,False,0.006504058837890625,0.09000000000000001,
ca-GrQc,Dense Small,False,NVIDIA GeForce RTX 4090,12.1,0,50,200,10,5242,5242,28980,512,5.528424,1.432218,81,COMMUNITY_TC,0.022205,1.712959,0.198237,1.911196,0.026076,0.597925,0.024259,0.029558,1.174314,0.312854,1.09246,0.015466,0.021704,0.426961,0.977404,0.2234,True,False,False,0.006504058837890625,0.09000000000000001,
ca-GrQc,Dense Small,False,NVIDIA GeForce RTX 4090,12.1,0,50,200,10,5242,5242,28980,512,5.528424,1.432218,81,SEGMENT_HYBRID,0.025083,0.735757,0.18768,0.923437,0.026076,0.597925,0.024259,0.029558,1.0396,0.6475,0.967136,0.032009,0.021704,0.426961,0.865279,0.462361,True,False,False,0.006504058837890625,0.09000000000000001,
ca-GrQc,Dense Small,False,NVIDIA GeForce RTX 4090,12.1,0,50,200,10,5242,5242,28980,512,5.528424,1.432218,81,TC_DIRECT_TF32,0.018812,0.657541,0.028346,0.685886,0.026076,0.597925,0.024259,0.029558,1.38618,0.871756,1.289559,0.043095,0.021704,0.426961,1.153744,0.622496,True,False,False,0.006504058837890625,0.09000000000000001,
ca-GrQc,Dense Small,False,NVIDIA GeForce RTX 4090,12.1,0,50,200,10,5242,5242,28980,512,5.528424,1.432218,81,COMMUNITY_TC_TF32,0.02026,1.392975,0.03359,1.426565,0.026076,0.597925,0.024259,0.029558,1.287086,0.419136,1.197372,0.02072,0.021704,0.426961,1.071266,0.299293,True,False,False,0.006504058837890625,0.09000000000000001,
ca-GrQc,Dense Small,False,NVIDIA GeForce RTX 4090,12.1,0,50,200,10,5242,5242,28980,512,5.528424,1.432218,81,SEGMENT_HYBRID_TF32,0.024939,0.656771,0.037693,0.694464,0.026076,0.597925,0.024259,0.029558,1.045609,0.860989,0.972727,0.042563,0.021704,0.426961,0.87028,0.614807,True,False,False,0.006504058837890625,0.09000000000000001,
ca-GrQc,Dense Small,False,NVIDIA GeForce RTX 4090,12.1,0,50,200,10,5242,5242,28980,512,5.528424,1.432218,81,CUSPARSE,0.026076,0.568245,0.02968,0.597925,0.026076,0.597925,0.024259,0.029558,1.0,1.0,0.930297,0.049435,0.021704,0.426961,,,True,False,False,0.0,0.0,
ca-HepTh,Dense Small,False,NVIDIA GeForce RTX 4090,12.1,0,50,200,10,9877,9877,51971,64,5.26182,1.175713,65,CSR_DIRECT,0.008653,0.0,0.015962,0.015962,0.013204,0.4135,0.008653,0.015962,1.526036,25.905912,1.0,1.0,0.01323,0.527504,,,True,False,False,5.7220458984375e-06,0.00806225774829855,
ca-HepTh,Dense Small,False,NVIDIA GeForce RTX 4090,12.1,0,50,200,10,9877,9877,51971,64,5.26182,1.175713,65,RODE_ENHANCED,0.012115,0.172472,0.018838,0.19131,0.013204,0.4135,0.008653,0.015962,1.089925,2.161412,0.71422,0.083433,0.01323,0.527504,,,True,False,False,5.7220458984375e-06,0.00806225774829855,
ca-HepTh,Dense Small,False,NVIDIA GeForce RTX 4090,12.1,0,50,200,10,9877,9877,51971,64,5.26182,1.175713,65,ZERO_OVERHEAD_CSR,0.01905,0.106536,0.025398,0.131934,0.013204,0.4135,0.008653,0.015962,0.693134,3.134137,0.454206,0.120982,0.01323,0.527504,,,True,False,False,5.7220458984375e-06,0.00806225774829855,
ca-HepTh,Dense Small,False,NVIDIA GeForce RTX 4090,12.1,0,50,200,10,9877,9877,51971,64,5.26182,1.175713,65,TC_DIRECT,0.011156,1.696323,0.171411,1.867734,0.013204,0.4135,0.008653,0.015962,1.18357,0.221391,0.775585,0.008546,0.01323,0.527504,1.185865,0.28243,True,False,False,0.005460262298583984,0.0806225774829855,
ca-HepTh,Dense Small,False,NVIDIA GeForce RTX 4090,12.1,0,50,200,10,9877,9877,51971,64,5.26182,1.175713,65,COMMUNITY_TC,0.01602,2.429287,0.251786,2.681072,0.013204,0.4135,0.008653,0.015962,0.824225,0.154229,0.540109,0.005953,0.01323,0.527504,0.825823,0.196751,True,False,False,0.005460262298583984,0.0806225774829855,
ca-HepTh,Dense Small,False,NVIDIA GeForce RTX 4090,12.1,0,50,200,10,9877,9877,51971,64,5.26182,1.175713,65,SEGMENT_HYBRID,0.016276,1.370051,0.194778,1.564829,0.013204,0.4135,0.008653,0.015962,0.811261,0.264246,0.531614,0.0102,0.01323,0.527504,0.812834,0.3371,True,False,False,0.005460262298583984,0.0806225774829855,
ca-HepTh,Dense Small,False,NVIDIA GeForce RTX 4090,12.1,0,50,200,10,9877,9877,51971,64,5.26182,1.175713,65,TC_DIRECT_TF32,0.007132,1.35052,0.030944,1.381464,0.013204,0.4135,0.008653,0.015962,1.8514,0.29932,1.213209,0.011554,0.01323,0.527504,1.854989,0.381844,True,False,False,0.005460262298583984,0.0806225774829855,
ca-HepTh,Dense Small,False,NVIDIA GeForce RTX 4090,12.1,0,50,200,10,9877,9877,51971,64,5.26182,1.175713,65,COMMUNITY_TC_TF32,0.01258,2.340836,0.051776,2.392612,0.013204,0.4135,0.008653,0.015962,1.049654,0.172824,0.687831,0.006671,0.01323,0.527504,1.051689,0.220472,True,False,False,0.005460262298583984,0.0806225774829855,
ca-HepTh,Dense Small,False,NVIDIA GeForce RTX 4090,12.1,0,50,200,10,9877,9877,51971,64,5.26182,1.175713,65,SEGMENT_HYBRID_TF32,0.0128,1.341285,0.047818,1.389103,0.013204,0.4135,0.008653,0.015962,1.0316,0.297674,0.676,0.011491,0.01323,0.527504,1.0336,0.379744,True,False,False,0.005460262298583984,0.0806225774829855,
ca-HepTh,Dense Small,False,NVIDIA GeForce RTX 4090,12.1,0,50,200,10,9877,9877,51971,64,5.26182,1.175713,65,CUSPARSE,0.013204,0.396921,0.016579,0.4135,0.013204,0.4135,0.008653,0.015962,1.0,1.0,0.655293,0.038601,0.01323,0.527504,,,True,False,False,0.0,0.0,
ca-HepTh,Dense Small,False,NVIDIA GeForce RTX 4090,12.1,0,50,200,10,9877,9877,51971,128,5.26182,1.175713,65,CSR_DIRECT,0.011099,0.0,0.016349,0.016349,0.015683,0.480143,0.011099,0.016349,1.412925,29.368669,1.0,1.0,0.014331,0.421497,,,True,False,False,7.62939453125e-06,0.00806225774829855,
ca-HepTh,Dense Small,False,NVIDIA GeForce RTX 4090,12.1,0,50,200,10,9877,9877,51971,128,5.26182,1.175713,65,RODE_ENHANCED,0.014812,0.140088,0.022739,0.162827,0.015683,0.480143,0.011099,0.016349,1.058763,2.948782,0.749341,0.100406,0.014331,0.421497,,,True,False,False,5.7220458984375e-06,0.00806225774829855,
ca-HepTh,Dense Small,False,NVIDIA GeForce RTX 4090,12.1,0,50,200,10,9877,9877,51971,128,5.26182,1.175713,65,ZERO_OVERHEAD_CSR,0.021391,0.093689,0.027325,0.121013,0.015683,0.480143,0.011099,0.016349,0.733131,3.96768,0.518875,0.135099,0.014331,0.421497,,,True,False,False,7.62939453125e-06,0.00806225774829855,
ca-HepTh,Dense Small,False,NVIDIA GeForce RTX 4090,12.1,0,50,200,10,9877,9877,51971,128,5.26182,1.175713,65,TC_DIRECT,0.01131,1.694198,0.169443,1.863641,0.015683,0.480143,0.011099,0.016349,1.3866,0.257637,0.981369,0.008773,0.014331,0.421497,1.267089,0.226169,True,False,False,0.006246328353881836,0.0806225774829855,
ca-HepTh,Dense Small,False,NVIDIA GeForce RTX 4090,12.1,0,50,200,10,9877,9877,51971,128,5.26182,1.175713,65,COMMUNITY_TC,0.016128,2.734891,0.338941,3.073832,0.015683,0.480143,0.011099,0.016349,0.972381,0.156203,0.688204,0.005319,0.014331,0.421497,0.888571,0.137124,True,False,False,0.006246328353881836,0.0806225774829855,
ca-HepTh,Dense Small,False,NVIDIA GeForce RTX 4090,12.1,0,50,200,10,9877,9877,51971,128,5.26182,1.175713,65,SEGMENT_HYBRID,0.016424,1.382479,0.189664,1.572143,0.015683,0.480143,0.011099,0.016349,0.954866,0.305406,0.675808,0.010399,0.014331,0.421497,0.872566,0.268104,True,False,False,0.006246328353881836,0.0806225774829855,
ca-HepTh,Dense Small,False,NVIDIA GeForce RTX 4090,12.1,0,50,200,10,9877,9877,51971,128,5.26182,1.175713,65,TC_DIRECT_TF32,0.010383,1.245845,0.031005,1.27685,0.015683,0.480143,0.011099,0.016349,1.510378,0.376037,1.068973,0.012804,0.014331,0.421497,1.380199,0.330107,True,False,False,0.006246328353881836,0.0806225774829855,
ca-HepTh,Dense Small,False,NVIDIA GeForce RTX 4090,12.1,0,50,200,10,9877,9877,51971,128,5.26182,1.175713,65,COMMUNITY_TC_TF32,0.013148,2.340726,0.051565,2.392291,0.015683,0.480143,0.011099,0.016349,1.192757,0.200704,0.844176,0.006834,0.014331,0.421497,1.089953,0.17619,True,False,False,0.006246328353881836,0.0806225774829855,
ca-HepTh,Dense Small,False,NVIDIA GeForce RTX 4090,12.1,0,50,200,10,9877,9877,51971,128,5.26182,1.175713,65,SEGMENT_HYBRID_TF32,0.014008,1.245384,0.047094,1.292478,0.015683,0.480143,0.011099,0.016349,1.119517,0.37149,0.792341,0.012649,0.014331,0.421497,1.023026,0.326115,True,False,False,0.006246328353881836,0.0806225774829855,
ca-HepTh,Dense Small,False,NVIDIA GeForce RTX 4090,12.1,0,50,200,10,9877,9877,51971,128,5.26182,1.175713,65,CUSPARSE,0.015683,0.46091,0.019232,0.480143,0.015683,0.480143,0.011099,0.016349,1.0,1.0,0.707752,0.03405,0.014331,0.421497,,,True,False,False,0.0,0.0,
ca-HepTh,Dense Small,False,NVIDIA GeForce RTX 4090,12.1,0,50,200,10,9877,9877,51971,256,5.26182,1.175713,65,CSR_DIRECT,0.019395,0.0,0.024947,0.024947,0.024489,0.600953,0.019395,0.024947,1.262696,24.088995,1.0,1.0,0.020639,0.430562,,,True,False,False,7.62939453125e-06,0.00806225774829855,
ca-HepTh,Dense Small,False,NVIDIA GeForce RTX 4090,12.1,0,50,200,10,9877,9877,51971,256,5.26182,1.175713,65,RODE_ENHANCED,0.020716,0.134073,0.0268,0.160873,0.024489,0.600953,0.019395,0.024947,1.182178,3.735574,0.936233,0.155074,0.020639,0.430562,,,True,False,False,6.198883056640625e-06,0.00806225774829855,
ca-HepTh,Dense Small,False,NVIDIA GeForce RTX 4090,12.1,0,50,200,10,9877,9877,51971,256,5.26182,1.175713,65,ZERO_OVERHEAD_CSR,0.029885,0.092026,0.03641,0.128435,0.024489,0.600953,0.019395,0.024947,0.819444,4.67904,0.648964,0.19424,0.020639,0.430562,,,True,False,False,7.62939453125e-06,0.00806225774829855,
ca-HepTh,Dense Small,False,NVIDIA GeForce RTX 4090,12.1,0,50,200,10,9877,9877,51971,256,5.26182,1.175713,65,TC_DIRECT,0.017961,1.754131,0.170986,1.925117,0.024489,0.600953,0.019395,0.024947,1.363482,0.312164,1.079818,0.012959,0.020639,0.430562,1.149106,0.223655,True,False,False,0.005841732025146484,0.0806225774829855,
ca-HepTh,Dense Small,False,NVIDIA GeForce RTX 4090,12.1,0,50,200,10,9877,9877,51971,256,5.26182,1.175713,65,COMMUNITY_TC,0.02219,2.643451,0.2044,2.847851,0.024489,0.600953,0.019395,0.024947,1.103621,0.21102,0.874019,0.00876,0.020639,0.430562,0.930102,0.151188,True,False,False,0.005841732025146484,0.0806225774829855,
ca-HepTh,Dense Small,False,NVIDIA GeForce RTX 4090,12.1,0,50,200,10,9877,9877,51971,256,5.26182,1.175713,65,SEGMENT_HYBRID,0.02368,1.410189,0.213299,1.623488,0.024489,0.600953,0.019395,0.024947,1.034182,0.370162,0.819027,0.015366,0.020639,0.430562,0.871581,0.265208,True,False,False,0.005841732025146484,0.0806225774829855,
ca-HepTh,Dense Small,False,NVIDIA GeForce RTX 4090,12.1,0,50,200,10,9877,9877,51971,256,5.26182,1.175713,65,TC_DIRECT_TF32,0.017403,1.245167,0.035619,1.280786,0.024489,0.600953,0.019395,0.024947,1.407206,0.469206,1.114445,0.019478,0.020639,0.430562,1.185955,0.33617,True,False,False,0.005841732025146484,0.0806225774829855,
ca-HepTh,Dense Small,False,NVIDIA GeForce RTX 4090,12.1,0,50,200,10,9877,9877,51971,256,5.26182,1.175713,65,COMMUNITY_TC_TF32,0.021202,2.349602,0.055341,2.404943,0.024489,0.600953,0.019395,0.024947,1.155058,0.249882,0.914755,0.010373,0.020639,0.430562,0.973451,0.179032,True,False,False,0.005841732025146484,0.0806225774829855,
ca-HepTh,Dense Small,False,NVIDIA GeForce RTX 4090,12.1,0,50,200,10,9877,9877,51971,256,5.26182,1.175713,65,SEGMENT_HYBRID_TF32,0.023562,1.252588,0.051098,1.303685,0.024489,0.600953,0.019395,0.024947,1.039351,0.460965,0.82312,0.019136,0.020639,0.430562,0.875937,0.330265,True,False,False,0.005841732025146484,0.0806225774829855,
ca-HepTh,Dense Small,False,NVIDIA GeForce RTX 4090,12.1,0,50,200,10,9877,9877,51971,256,5.26182,1.175713,65,CUSPARSE,0.024489,0.57262,0.028333,0.600953,0.024489,0.600953,0.019395,0.024947,1.0,1.0,0.791956,0.041513,0.020639,0.430562,,,True,False,False,0.0,0.0,
ca-HepTh,Dense Small,False,NVIDIA GeForce RTX 4090,12.1,0,50,200,10,9877,9877,51971,512,5.26182,1.175713,65,CSR_DIRECT,0.031672,0.0,0.036947,0.036947,0.040806,0.518295,0.031672,0.036947,1.288373,14.028002,1.0,1.0,0.034371,0.445525,,,True,False,False,7.62939453125e-06,0.00806225774829855,
ca-HepTh,Dense Small,False,NVIDIA GeForce RTX 4090,12.1,0,50,200,10,9877,9877,51971,512,5.26182,1.175713,65,RODE_ENHANCED,0.031882,0.135953,0.038787,0.17474,0.040806,0.518295,0.031672,0.036947,1.27989,2.966088,0.993416,0.211441,0.034371,0.445525,,,True,False,False,7.62939453125e-06,0.00806225774829855,
ca-HepTh,Dense Small,False,NVIDIA GeForce RTX 4090,12.1,0,50,200,10,9877,9877,51971,512,5.26182,1.175713,65,ZERO_OVERHEAD_CSR,0.042824,0.092438,0.049357,0.141794,0.040806,0.518295,0.031672,0.036947,0.952878,3.655263,0.739598,0.260569,0.034371,0.445525,,,True,False,False,7.62939453125e-06,0.00806225774829855,
ca-HepTh,Dense Small,False,NVIDIA GeForce RTX 4090,12.1,0,50,200,10,9877,9877,51971,512,5.26182,1.175713,65,TC_DIRECT,0.03136,1.771634,0.230688,2.002322,0.040806,0.518295,0.031672,0.036947,1.301204,0.258847,1.009959,0.018452,0.034371,0.445525,1.096,0.222504,True,False,False,0.0064678192138671875,0.0806225774829855,
ca-HepTh,Dense Small,False,NVIDIA GeForce RTX 4090,12.1,0,50,200,10,9877,9877,51971,512,5.26182,1.175713,65,COMMUNITY_TC,0.038605,2.61109,0.208992,2.820082,0.040806,0.518295,0.031672,0.036947,1.057013,0.183787,0.820424,0.013101,0.034371,0.445525,0.890318,0.157983,True,False,False,0.0064678192138671875,0.0806225774829855,
ca-HepTh,Dense Small,False,NVIDIA GeForce RTX 4090,12.1,0,50,200,10,9877,9877,51971,512,5.26182,1.175713,65,SEGMENT_HYBRID,0.041411,1.33393,0.207562,1.541491,0.040806,0.518295,0.031672,0.036947,0.985395,0.33623,0.764837,0.023968,0.034371,0.445525,0.829995,0.289022,True,False,False,0.0064678192138671875,0.0806225774829855,
ca-HepTh,Dense Small,False,NVIDIA GeForce RTX 4090,12.1,0,50,200,10,9877,9877,51971,512,5.26182,1.175713,65,TC_DIRECT_TF32,0.030643,1.261053,0.050522,1.311575,0.040806,0.518295,0.031672,0.036947,1.331642,0.39517,1.033584,0.02817,0.034371,0.445525,1.121637,0.339687,True,False,False,0.0064678192138671875,0.0806225774829855,
ca-HepTh,Dense Small,False,NVIDIA GeForce RTX 4090,12.1,0,50,200,10,9877,9877,51971,512,5.26182,1.175713,65,COMMUNITY_TC_TF32,0.036859,2.38592,0.070022,2.455942,0.040806,0.518295,0.031672,0.036947,1.107081,0.211037,0.859286,0.015044,0.034371,0.445525,0.932491,0.181407,True,False,False,0.0064678192138671875,0.0806225774829855,
ca-HepTh,Dense Small,False,NVIDIA GeForce RTX 4090,12.1,0,50,200,10,9877,9877,51971,512,5.26182,1.175713,65,SEGMENT_HYBRID_TF32,0.041201,1.339489,0.06745,1.406939,0.040806,0.518295,0.031672,0.036947,0.990416,0.368385,0.768734,0.026261,0.034371,0.445525,0.834224,0.316663,True,False,False,0.0064678192138671875,0.0806225774829855,
ca-HepTh,Dense Small,False,NVIDIA GeForce RTX 4090,12.1,0,50,200,10,9877,9877,51971,512,5.26182,1.175713,65,CUSPARSE,0.040806,0.473745,0.04455,0.518295,0.040806,0.518295,0.031672,0.036947,1.0,1.0,0.776173,0.071286,0.034371,0.445525,,,True,False,False,0.0,0.0,
com-Amazon,Community,False,NVIDIA GeForce RTX 4090,12.1,0,50,200,10,334863,334863,1851744,64,5.529855,1.041913,549,CSR_DIRECT,0.369874,0.0,0.376733,0.376733,0.442962,0.87379,0.369874,0.376733,1.197602,2.31939,1.0,1.0,0.288077,0.728792,,,True,False,False,3.0517578125e-05,0.023430749027719962,
com-Amazon,Community,False,NVIDIA GeForce RTX 4090,12.1,0,50,200,10,334863,334863,1851744,64,5.529855,1.041913,549,RODE_ENHANCED,0.348186,5.42614,0.375206,5.801347,0.442962,0.87379,0.369874,0.376733,1.272201,0.150619,1.06229,0.064939,0.288077,0.728792,,,True,False,False,2.6702880859375e-05,0.023430749027719962,
com-Amazon,Community,False,NVIDIA GeForce RTX 4090,12.1,0,50,200,10,334863,334863,1851744,64,5.529855,1.041913,549,ZERO_OVERHEAD_CSR,0.347971,3.088219,0.374451,3.462671,0.442962,0.87379,0.369874,0.376733,1.272987,0.252346,1.062946,0.108798,0.288077,0.728792,,,True,False,False,2.6702880859375e-05,0.023430749027719962,
com-Amazon,Community,False,NVIDIA GeForce RTX 4090,12.1,0,50,200,10,334863,334863,1851744,64,5.529855,1.041913,549,TC_DIRECT,0.342656,34.206262,0.597805,34.804067,0.442962,0.87379,0.369874,0.376733,1.292731,0.025106,1.079432,0.010824,0.288077,0.728792,0.840717,0.02094,True,False,False,0.011754512786865234,0.23430749027719963,
com-Amazon,Community,False,NVIDIA GeForce RTX 4090,12.1,0,50,200,10,334863,334863,1851744,64,5.529855,1.041913,549,COMMUNITY_TC,0.394839,69.911543,0.752278,70.663821,0.442962,0.87379,0.369874,0.376733,1.12188,0.012365,0.936771,0.005331,0.288077,0.728792,0.729606,0.010314,True,False,False,0.011754512786865234,0.23430749027719963,
com-Amazon,Community,False,NVIDIA GeForce RTX 4090,12.1,0,50,200,10,334863,334863,1851744,64,5.529855,1.041913,549,SEGMENT_HYBRID,0.42836,37.289841,0.72336,38.013201,0.442962,0.87379,0.369874,0.376733,1.034089,0.022986,0.863466,0.009911,0.288077,0.728792,0.672511,0.019172,True,False,False,0.011754512786865234,0.23430749027719963,
com-Amazon,Community,False,NVIDIA GeForce RTX 4090,12.1,0,50,200,10,334863,334863,1851744,64,5.529855,1.041913,549,TC_DIRECT_TF32,0.332672,35.46065,0.422387,35.883038,0.442962,0.87379,0.369874,0.376733,1.331528,0.024351,1.111828,0.010499,0.288077,0.728792,0.865948,0.02031,True,False,False,0.011754512786865234,0.23430749027719963,
com-Amazon,Community,False,NVIDIA GeForce RTX 4090,12.1,0,50,200,10,334863,334863,1851744,64,5.529855,1.041913,549,COMMUNITY_TC_TF32,0.369085,67.201813,0.489677,67.691489,0.442962,0.87379,0.369874,0.376733,1.200161,0.012908,1.002136,0.005565,0.288077,0.728792,0.780515,0.010766,True,False,False,0.011754512786865234,0.23430749027719963,
com-Amazon,Community,False,NVIDIA GeForce RTX 4090,12.1,0,50,200,10,334863,334863,1851744,64,5.529855,1.041913,549,SEGMENT_HYBRID_TF32,0.467292,35.644544,0.556979,36.201523,0.442962,0.87379,0.369874,0.376733,0.947934,0.024137,0.791526,0.010407,0.288077,0.728792,0.616481,0.020132,True,False,False,0.011754512786865234,0.23430749027719963,
com-Amazon,Community,False,NVIDIA GeForce RTX 4090,12.1,0,50,200,10,334863,334863,1851744,64,5.529855,1.041913,549,CUSPARSE,0.442962,0.406523,0.467267,0.87379,0.442962,0.87379,0.369874,0.376733,1.0,1.0,0.835002,0.431148,0.288077,0.728792,,,True,False,False,0.0,0.0,
com-Amazon,Community,False,NVIDIA GeForce RTX 4090,12.1,0,50,200,10,334863,334863,1851744,128,5.529855,1.041913,549,CSR_DIRECT,0.827894,0.0,0.837853,0.837853,1.033446,1.445349,0.827894,0.837853,1.248284,1.725064,1.0,1.0,0.67735,1.163326,,,True,False,False,4.9591064453125e-05,0.023430749027719962,
com-Amazon,Community,False,NVIDIA GeForce RTX 4090,12.1,0,50,200,10,334863,334863,1851744,128,5.529855,1.041913,549,RODE_ENHANCED,0.810424,4.139445,0.835926,4.975372,1.033446,1.445349,0.827894,0.837853,1.275192,0.290501,1.021556,0.1684,0.67735,1.163326,,,True,False,False,2.47955322265625e-05,0.023430749027719962,
com-Amazon,Community,False,NVIDIA GeForce RTX 4090,12.1,0,50,200,10,334863,334863,1851744,128,5.529855,1.041913,549,ZERO_OVERHEAD_CSR,0.804367,3.085729,0.83585,3.921579,1.033446,1.445349,0.827894,0.837853,1.284794,0.368563,1.029248,0.213652,0.67735,1.163326,,,True,False,False,2.6702880859375e-05,0.023430749027719962,
com-Amazon,Community,False,NVIDIA GeForce RTX 4090,12.1,0,50,200,10,334863,334863,1851744,128,5.529855,1.041913,549,TC_DIRECT,0.743055,35.659949,1.00488,36.664829,1.033446,1.445349,0.827894,0.837853,1.390807,0.039421,1.114175,0.022852,0.67735,1.163326,0.911575,0.031729,True,False,False,0.014204025268554688,0.23430749027719963,
com-Amazon,Community,False,NVIDIA GeForce RTX 4090,12.1,0,50,200,10,334863,334863,1851744,128,5.529855,1.041913,549,COMMUNITY_TC,0.8691,69.254408,1.04367,70.298078,1.033446,1.445349,0.827894,0.837853,1.1891,0.02056,0.952588,0.011919,0.67735,1.163326,0.77937,0.016548,True,False,False,0.014204025268554688,0.23430749027719963,
com-Amazon,Community,False,NVIDIA GeForce RTX 4090,12.1,0,50,200,10,334863,334863,1851744,128,5.529855,1.041913,549,SEGMENT_HYBRID,0.909348,36.63838,1.052259,37.69064,1.033446,1.445349,0.827894,0.837853,1.13647,0.038348,0.910426,0.02223,0.67735,1.163326,0.744875,0.030865,True,False,False,0.014204025268554688,0.23430749027719963,
com-Amazon,Community,False,NVIDIA GeForce RTX 4090,12.1,0,50,200,10,334863,334863,1851744,128,5.529855,1.041913,549,TC_DIRECT_TF32,0.693781,34.461187,0.768227,35.229414,1.033446,1.445349,0.827894,0.837853,1.489587,0.041027,1.193308,0.023783,0.67735,1.163326,0.976318,0.033021,True,False,False,0.014204025268554688,0.23430749027719963,
com-Amazon,Community,False,NVIDIA GeForce RTX 4090,12.1,0,50,200,10,334863,334863,1851744,128,5.529855,1.041913,549,COMMUNITY_TC_TF32,0.765251,69.630661,0.879702,70.510363,1.033446,1.445349,0.827894,0.837853,1.350468,0.020498,1.08186,0.011883,0.67735,1.163326,0.885135,0.016499,True,False,False,0.014204025268554688,0.23430749027719963,
com-Amazon,Community,False,NVIDIA GeForce RTX 4090,12.1,0,50,200,10,334863,334863,1851744,128,5.529855,1.041913,549,SEGMENT_HYBRID_TF32,0.896251,36.650832,0.987546,37.638377,1.033446,1.445349,0.827894,0.837853,1.153077,0.038401,0.92373,0.022261,0.67735,1.163326,0.75576,0.030908,True,False,False,0.014204025268554688,0.23430749027719963,
com-Amazon,Community,False,NVIDIA GeForce RTX 4090,12.1,0,50,200,10,334863,334863,1851744,128,5.529855,1.041913,549,CUSPARSE,1.033446,0.402818,1.042531,1.445349,1.033446,1.445349,0.827894,0.837853,1.0,1.0,0.8011,0.579689,0.67735,1.163326,,,True,False,False,0.0,0.0,
com-Amazon,Community,False,NVIDIA GeForce RTX 4090,12.1,0,50,200,10,334863,334863,1851744,256,5.529855,1.041913,549,CSR_DIRECT,1.990108,0.0,1.998624,1.998624,2.049372,2.498549,1.990108,1.998624,1.029779,1.250134,1.0,1.0,1.349852,2.289742,,,True,False,False,3.4332275390625e-05,0.023430749027719962,
com-Amazon,Community,False,NVIDIA GeForce RTX 4090,12.1,0,50,200,10,334863,334863,1851744,256,5.529855,1.041913,549,RODE_ENHANCED,1.912673,4.538252,1.943523,6.481775,2.049372,2.498549,1.990108,1.998624,1.07147,0.385473,1.040485,0.308345,1.349852,2.289742,,,True,False,False,4.57763671875e-05,0.023430749027719962,
com-Amazon,Community,False,NVIDIA GeForce RTX 4090,12.1,0,50,200,10,334863,334863,1851744,256,5.529855,1.041913,549,ZERO_OVERHEAD_CSR,1.878507,3.192218,1.910442,5.10266,2.049372,2.498549,1.990108,1.998624,1.090958,0.489656,1.059409,0.391683,1.349852,2.289742,,,True,False,False,4.1961669921875e-05,0.023430749027719962,
com-Amazon,Community,False,NVIDIA GeForce RTX 4090,12.1,0,50,200,10,334863,334863,1851744,256,5.529855,1.041913,549,TC_DIRECT,1.556787,36.696845,1.833594,38.530438,2.049372,2.498549,1.990108,1.998624,1.316411,0.064846,1.278343,0.051871,1.349852,2.289742,0.867075,0.059427,True,False,False,0.012841224670410156,0.23430749027719963,
com-Amazon,Community,False,NVIDIA GeForce RTX 4090,12.1,0,50,200,10,334863,334863,1851744,256,5.529855,1.041913,549,COMMUNITY_TC,1.799798,70.603934,1.903792,72.507726,2.049372,2.498549,1.990108,1.998624,1.138668,0.034459,1.10574,0.027564,1.349852,2.289742,0.750002,0.031579,True,False,False,0.012841224670410156,0.23430749027719963,
com-Amazon,Community,False,NVIDIA GeForce RTX 4090,12.1,0,50,200,10,334863,334863,1851744,256,5.529855,1.041913,549,SEGMENT_HYBRID,1.891185,37.823449,1.977766,39.801215,2.049372,2.498549,1.990108,1.998624,1.083645,0.062776,1.052308,0.050215,1.349852,2.289742,0.71376,0.057529,True,False,False,0.012841224670410156,0.23430749027719963,
com-Amazon,Community,False,NVIDIA GeForce RTX 4090,12.1,0,50,200,10,334863,334863,1851744,256,5.529855,1.041913,549,TC_DIRECT_TF32,1.384924,36.471954,1.461536,37.93349,2.049372,2.498549,1.990108,1.998624,1.479772,0.065867,1.43698,0.052688,1.349852,2.289742,0.974676,0.060362,True,False,False,0.012841224670410156,0.23430749027719963,
com-Amazon,Community,False,NVIDIA GeForce RTX 4090,12.1,0,50,200,10,334863,334863,1851744,256,5.529855,1.041913,549,COMMUNITY_TC_TF32,1.537341,71.199925,1.645334,72.845259,2.049372,2.498549,1.990108,1.998624,1.333062,0.034299,1.294513,0.027437,1.349852,2.289742,0.878043,0.031433,True,False,False,0.012841224670410156,0.23430749027719963,
com-Amazon,Community,False,NVIDIA GeForce RTX 4090,12.1,0,50,200,10,334863,334863,1851744,256,5.529855,1.041913,549,SEGMENT_HYBRID_TF32,1.761551,36.773105,1.850589,38.623694,2.049372,2.498549,1.990108,1.998624,1.16339,0.06469,1.129747,0.051746,1.349852,2.289742,0.766286,0.059283,True,False,False,0.012841224670410156,0.23430749027719963,
com-Amazon,Community,False,NVIDIA GeForce RTX 4090,12.1,0,50,200,10,334863,334863,1851744,256,5.529855,1.041913,549,CUSPARSE,2.049372,0.413089,2.085459,2.498549,2.049372,2.498549,1.990108,1.998624,1.0,1.0,0.971082,0.799914,1.349852,2.289742,,,True,False,False,0.0,0.0,
com-Amazon,Community,False,NVIDIA GeForce RTX 4090,12.1,0,50,200,10,334863,334863,1851744,512,5.529855,1.041913,549,CSR_DIRECT,4.322355,0.0,4.330176,4.330176,4.083722,4.816792,4.322355,4.330176,0.944791,1.112378,1.0,1.0,2.672558,4.520515,,,True,False,False,6.103515625e-05,0.023430749027719962,
com-Amazon,Community,False,NVIDIA GeForce RTX 4090,12.1,0,50,200,10,334863,334863,1851744,512,5.529855,1.041913,549,RODE_ENHANCED,4.215255,4.409802,4.245571,8.655373,4.083722,4.816792,4.322355,4.330176,0.968796,0.556509,1.025408,0.500288,2.672558,4.520515,,,True,False,False,2.6702880859375e-05,0.023430749027719962,
com-Amazon,Community,False,NVIDIA GeForce RTX 4090,12.1,0,50,200,10,334863,334863,1851744,512,5.529855,1.041913,549,ZERO_OVERHEAD_CSR,4.169789,3.010932,4.19871,7.209643,4.083722,4.816792,4.322355,4.330176,0.979359,0.668104,1.036588,0.600609,2.672558,4.520515,,,True,False,False,3.0517578125e-05,0.023430749027719962,
com-Amazon,Community,False,NVIDIA GeForce RTX 4090,12.1,0,50,200,10,334863,334863,1851744,512,5.529855,1.041913,549,TC_DIRECT,3.138539,35.507524,3.408579,38.916103,4.083722,4.816792,4.322355,4.330176,1.301154,0.123774,1.377187,0.11127,2.672558,4.520515,0.851529,0.116161,True,False,False,0.01581430435180664,0.23430749027719963,
com-Amazon,Community,False,NVIDIA GeForce RTX 4090,12.1,0,50,200,10,334863,334863,1851744,512,5.529855,1.041913,549,COMMUNITY_TC,3.638497,70.729357,3.742486,74.471844,4.083722,4.816792,4.322355,4.330176,1.122365,0.064679,1.187951,0.058145,2.672558,4.520515,0.734522,0.060701,True,False,False,0.01581430435180664,0.23430749027719963,
com-Amazon,Community,False,NVIDIA GeForce RTX 4090,12.1,0,50,200,10,334863,334863,1851744,512,5.529855,1.041913,549,SEGMENT_HYBRID,3.8225,37.321204,3.900605,41.221809,4.083722,4.816792,4.322355,4.330176,1.068338,0.116851,1.130767,0.105046,2.672558,4.520515,0.699165,0.109663,True,False,False,0.01581430435180664,0.23430749027719963,
com-Amazon,Community,False,NVIDIA GeForce RTX 4090,12.1,0,50,200,10,334863,334863,1851744,512,5.529855,1.041913,549,TC_DIRECT_TF32,2.778844,35.071081,2.85241,37.923491,4.083722,4.816792,4.322355,4.330176,1.469576,0.127013,1.555451,0.114182,2.672558,4.520515,0.961752,0.119201,True,False,False,0.01581430435180664,0.23430749027719963,
com-Amazon,Community,False,NVIDIA GeForce RTX 4090,12.1,0,50,200,10,334863,334863,1851744,512,5.529855,1.041913,549,COMMUNITY_TC_TF32,3.086024,71.600956,3.193853,74.794809,4.083722,4.816792,4.322355,4.330176,1.323296,0.0644,1.400623,0.057894,2.672558,4.520515,0.86602,0.060439,True,False,False,0.01581430435180664,0.23430749027719963,
com-Amazon,Community,False,NVIDIA GeForce RTX 4090,12.1,0,50,200,10,334863,334863,1851744,512,5.529855,1.041913,549,SEGMENT_HYBRID_TF32,3.500058,39.079664,3.595235,42.674899,4.083722,4.816792,4.322355,4.330176,1.166759,0.112872,1.234938,0.101469,2.672558,4.520515,0.763575,0.105929,True,False,False,0.01581430435180664,0.23430749027719963,
com-Amazon,Community,False,NVIDIA GeForce RTX 4090,12.1,0,50,200,10,334863,334863,1851744,512,5.529855,1.041913,549,CUSPARSE,4.083722,0.695385,4.121408,4.816792,4.083722,4.816792,4.322355,4.330176,1.0,1.0,1.058435,0.898975,2.672558,4.520515,,,True,False,False,0.0,0.0,
com-DBLP,Community,False,NVIDIA GeForce RTX 4090,12.1,0,50,200,10,317080,317080,2099732,64,6.622089,1.511261,343,CSR_DIRECT,0.238377,0.0,0.246058,0.246058,0.356838,0.769967,0.238377,0.246058,1.49695,3.129217,1.0,1.0,0.265318,0.701102,,,True,False,False,3.62396240234375e-05,0.018520259177452137,
com-DBLP,Community,False,NVIDIA GeForce RTX 4090,12.1,0,50,200,10,317080,317080,2099732,64,6.622089,1.511261,343,RODE_ENHANCED,0.279721,4.057008,0.299821,4.356829,0.356838,0.769967,0.238377,0.246058,1.275694,0.176727,0.852196,0.056476,0.265318,0.701102,,,True,False,False,3.814697265625e-05,0.018520259177452137,
com-DBLP,Community,False,NVIDIA GeForce RTX 4090,12.1,0,50,200,10,317080,317080,2099732,64,6.622089,1.511261,343,ZERO_OVERHEAD_CSR,0.301169,3.11385,0.330714,3.444563,0.356838,0.769967,0.238377,0.246058,1.184846,0.223531,0.791507,0.071434,0.265318,0.701102,,,True,False,False,3.814697265625e-05,0.018520259177452137,
com-DBLP,Community,False,NVIDIA GeForce RTX 4090,12.1,0,50,200,10,317080,317080,2099732,64,6.622089,1.511261,343,TC_DIRECT,0.29546,35.41495,0.564099,35.979049,0.356838,0.769967,0.238377,0.246058,1.207739,0.0214,0.8068,0.006839,0.265318,0.701102,0.897985,0.019486,True,False,False,0.0129547119140625,0.18520259177452136,
com-DBLP,Community,False,NVIDIA GeForce RTX 4090,12.1,0,50,200,10,317080,317080,2099732,64,6.622089,1.511261,343,COMMUNITY_TC,0.376622,62.375818,0.645885,63.021703,0.356838,0.769967,0.238377,0.246058,0.947471,0.012217,0.632934,0.003904,0.265318,0.701102,0.704468,0.011125,True,False,False,0.0129547119140625,0.18520259177452136,
com-DBLP,Community,False,NVIDIA GeForce RTX 4090,12.1,0,50,200,10,317080,317080,2099732,64,6.622089,1.511261,343,SEGMENT_HYBRID,0.381373,35.949718,0.629555,36.579273,0.356838,0.769967,0.238377,0.246058,0.935667,0.021049,0.625049,0.006727,0.265318,0.701102,0.695692,0.019167,True,False,False,0.0129547119140625,0.18520259177452136,
com-DBLP,Community,False,NVIDIA GeForce RTX 4090,12.1,0,50,200,10,317080,317080,2099732,64,6.622089,1.511261,343,TC_DIRECT_TF32,0.25602,34.446057,0.308896,34.754953,0.356838,0.769967,0.238377,0.246058,1.393788,0.022154,0.931085,0.00708,0.265318,0.701102,1.036317,0.020173,True,False,False,0.0129547119140625,0.18520259177452136,
com-DBLP,Community,False,NVIDIA GeForce RTX 4090,12.1,0,50,200,10,317080,317080,2099732,64,6.622089,1.511261,343,COMMUNITY_TC_TF32,0.338688,61.617803,0.440618,62.058421,0.356838,0.769967,0.238377,0.246058,1.05359,0.012407,0.703825,0.003965,0.265318,0.701102,0.783371,0.011297,True,False,False,0.0129547119140625,0.18520259177452136,
com-DBLP,Community,False,NVIDIA GeForce RTX 4090,12.1,0,50,200,10,317080,317080,2099732,64,6.622089,1.511261,343,SEGMENT_HYBRID_TF32,0.363868,35.444718,0.44208,35.886798,0.356838,0.769967,0.238377,0.246058,0.980681,0.021455,0.655119,0.006856,0.265318,0.701102,0.729161,0.019537,True,False,False,0.0129547119140625,0.18520259177452136,
com-DBLP,Community,False,NVIDIA GeForce RTX 4090,12.1,0,50,200,10,317080,317080,2099732,64,6.622089,1.511261,343,CUSPARSE,0.356838,0.391747,0.378221,0.769967,0.356838,0.769967,0.238377,0.246058,1.0,1.0,0.668025,0.319569,0.265318,0.701102,,,True,False,False,0.0,0.0,
com-DBLP,Community,False,NVIDIA GeForce RTX 4090,12.1,0,50,200,10,317080,317080,2099732,128,6.622089,1.511261,343,CSR_DIRECT,0.58263,0.0,0.587894,0.587894,0.795602,1.210462,0.58263,0.587894,1.365535,2.058979,1.0,1.0,0.557506,1.046835,,,True,False,False,2.6702880859375e-05,0.018520259177452137,
com-DBLP,Community,False,NVIDIA GeForce RTX 4090,12.1,0,50,200,10,317080,317080,2099732,128,6.622089,1.511261,343,RODE_ENHANCED,0.636068,3.729611,0.65447,4.384082,0.795602,1.210462,0.58263,0.587894,1.250813,0.276104,0.915988,0.134097,0.557506,1.046835,,,True,False,False,2.288818359375e-05,0.018520259177452137,
com-DBLP,Community,False,NVIDIA GeForce RTX 4090,12.1,0,50,200,10,317080,317080,2099732,128,6.622089,1.511261,343,ZERO_OVERHEAD_CSR,0.649277,2.716098,0.67449,3.390587,0.795602,1.210462,0.58263,0.587894,1.225365,0.357007,0.897352,0.17339,0.557506,1.046835,,,True,False,False,2.6702880859375e-05,0.018520259177452137,
com-DBLP,Community,False,NVIDIA GeForce RTX 4090,12.1,0,50,200,10,317080,317080,2099732,128,6.622089,1.511261,343,TC_DIRECT,0.653798,35.19738,0.911747,36.109127,0.795602,1.210462,0.58263,0.587894,1.216892,0.033522,0.891147,0.016281,0.557506,1.046835,0.852719,0.028991,True,False,False,0.010711669921875,0.18520259177452136,
com-DBLP,Community,False,NVIDIA GeForce RTX 4090,12.1,0,50,200,10,317080,317080,2099732,128,6.622089,1.511261,343,COMMUNITY_TC,0.817439,60.875935,1.000406,61.876341,0.795602,1.210462,0.58263,0.587894,0.973286,0.019563,0.712751,0.009501,0.557506,1.046835,0.682016,0.016918,True,False,False,0.010711669921875,0.18520259177452136,
com-DBLP,Community,False,NVIDIA GeForce RTX 4090,12.1,0,50,200,10,317080,317080,2099732,128,6.622089,1.511261,343,SEGMENT_HYBRID,0.812007,36.204711,1.007622,37.212333,0.795602,1.210462,0.58263,0.587894,0.979797,0.032529,0.717519,0.015798,0.557506,1.046835,0.686579,0.028131,True,False,False,0.010711669921875,0.18520259177452136,
com-DBLP,Community,False,NVIDIA GeForce RTX 4090,12.1,0,50,200,10,317080,317080,2099732,128,6.622089,1.511261,343,TC_DIRECT_TF32,0.540923,34.070839,0.591053,34.661892,0.795602,1.210462,0.58263,0.587894,1.470823,0.034922,1.077104,0.016961,0.557506,1.046835,1.030658,0.030201,True,False,False,0.010711669921875,0.18520259177452136,
com-DBLP,Community,False,NVIDIA GeForce RTX 4090,12.1,0,50,200,10,317080,317080,2099732,128,6.622089,1.511261,343,COMMUNITY_TC_TF32,0.692536,62.287953,0.789571,63.077524,0.795602,1.210462,0.58263,0.587894,1.148823,0.01919,0.841299,0.00932,0.557506,1.046835,0.805021,0.016596,True,False,False,0.010711669921875,0.18520259177452136,
com-DBLP,Community,False,NVIDIA GeForce RTX 4090,12.1,0,50,200,10,317080,317080,2099732,128,6.622089,1.511261,343,SEGMENT_HYBRID_TF32,0.720906,35.556323,0.80209,36.358413,0.795602,1.210462,0.58263,0.587894,1.103614,0.033292,0.808192,0.016169,0.557506,1.046835,0.773341,0.028792,True,False,False,0.010711669921875,0.18520259177452136,
com-DBLP,Community,False,NVIDIA GeForce RTX 4090,12.1,0,50,200,10,317080,317080,2099732,128,6.622089,1.511261,343,CUSPARSE,0.795602,0.399352,0.81111,1.210462,0.795602,1.210462,0.58263,0.587894,1.0,1.0,0.732314,0.485678,0.557506,1.046835,,,True,False,False,0.0,0.0,
com-DBLP,Community,False,NVIDIA GeForce RTX 4090,12.1,0,50,200,10,317080,317080,2099732,256,6.622089,1.511261,343,CSR_DIRECT,1.439114,0.0,1.445683,1.445683,1.608008,2.037384,1.439114,1.445683,1.117359,1.409288,1.0,1.0,1.141878,2.042411,,,True,False,False,3.0517578125e-05,0.018520259177452137,
com-DBLP,Community,False,NVIDIA GeForce RTX 4090,12.1,0,50,200,10,317080,317080,2099732,256,6.622089,1.511261,343,RODE_ENHANCED,1.504179,3.796596,1.521808,5.318404,1.608008,2.037384,1.439114,1.445683,1.069027,0.383082,0.956744,0.271826,1.141878,2.042411,,,True,False,False,3.0517578125e-05,0.018520259177452137,
com-DBLP,Community,False,NVIDIA GeForce RTX 4090,12.1,0,50,200,10,317080,317080,2099732,256,6.622089,1.511261,343,ZERO_OVERHEAD_CSR,1.473382,2.942427,1.502598,4.445025,1.608008,2.037384,1.439114,1.445683,1.091372,0.458351,0.976742,0.325236,1.141878,2.042411,,,True,False,False,3.0517578125e-05,0.018520259177452137,
com-DBLP,Community,False,NVIDIA GeForce RTX 4090,12.1,0,50,200,10,317080,317080,2099732,256,6.622089,1.511261,343,TC_DIRECT,1.371863,34.844272,1.62264,36.466912,1.608008,2.037384,1.439114,1.445683,1.172134,0.055869,1.049022,0.039644,1.141878,2.042411,0.832355,0.056007,True,False,False,0.013645172119140625,0.18520259177452136,
com-DBLP,Community,False,NVIDIA GeForce RTX 4090,12.1,0,50,200,10,317080,317080,2099732,256,6.622089,1.511261,343,COMMUNITY_TC,1.679529,63.196457,1.766794,64.96325,1.608008,2.037384,1.439114,1.445683,0.957416,0.031362,0.856856,0.022254,1.141878,2.042411,0.67988,0.031439,True,False,False,0.013645172119140625,0.18520259177452136,
com-DBLP,Community,False,NVIDIA GeForce RTX 4090,12.1,0,50,200,10,317080,317080,2099732,256,6.622089,1.511261,343,SEGMENT_HYBRID,1.691464,36.248407,1.756342,38.004749,1.608008,2.037384,1.439114,1.445683,0.950661,0.053609,0.85081,0.03804,1.141878,2.042411,0.675083,0.053741,True,False,False,0.013645172119140625,0.18520259177452136,
com-DBLP,Community,False,NVIDIA GeForce RTX 4090,12.1,0,50,200,10,317080,317080,2099732,256,6.622089,1.511261,343,TC_DIRECT_TF32,1.086449,35.128096,1.137664,36.26576,1.608008,2.037384,1.439114,1.445683,1.480059,0.056179,1.324604,0.039864,1.141878,2.042411,1.051019,0.056318,True,False,False,0.013645172119140625,0.18520259177452136,
com-DBLP,Community,False,NVIDIA GeForce RTX 4090,12.1,0,50,200,10,317080,317080,2099732,256,6.622089,1.511261,343,COMMUNITY_TC_TF32,1.383357,65.365677,1.475146,66.840823,1.608008,2.037384,1.439114,1.445683,1.162395,0.030481,1.040305,0.021629,1.141878,2.042411,0.825439,0.030556,True,False,False,0.013645172119140625,0.18520259177452136,
com-DBLP,Community,False,NVIDIA GeForce RTX 4090,12.1,0,50,200,10,317080,317080,2099732,256,6.622089,1.511261,343,SEGMENT_HYBRID_TF32,1.431455,37.029061,1.507821,38.536882,1.608008,2.037384,1.439114,1.445683,1.123338,0.052868,1.005351,0.037514,1.141878,2.042411,0.797704,0.052999,True,False,False,0.013645172119140625,0.18520259177452136,
com-DBLP,Community,False,NVIDIA GeForce RTX 4090,12.1,0,50,200,10,317080,317080,2099732,256,6.622089,1.511261,343,CUSPARSE,1.608008,0.399816,1.637568,2.037384,1.608008,2.037384,1.439114,1.445683,1.0,1.0,0.894967,0.709578,1.141878,2.042411,,,True,False,False,0.0,0.0,
com-DBLP,Community,False,NVIDIA GeForce RTX 4090,12.1,0,50,200,10,317080,317080,2099732,512,6.622089,1.511261,343,CSR_DIRECT,3.428664,0.0,3.441856,3.441856,3.233418,3.931054,3.428664,3.441856,0.943055,1.142132,1.0,1.0,2.282824,4.109732,,,True,False,False,4.1961669921875e-05,0.018520259177452137,
com-DBLP,Community,False,NVIDIA GeForce RTX 4090,12.1,0,50,200,10,317080,317080,2099732,512,6.622089,1.511261,343,RODE_ENHANCED,3.472921,3.994731,3.493645,7.488376,3.233418,3.931054,3.428664,3.441856,0.931037,0.524954,0.987256,0.459626,2.282824,4.109732,,,True,False,False,3.814697265625e-05,0.018520259177452137,
com-DBLP,Community,False,NVIDIA GeForce RTX 4090,12.1,0,50,200,10,317080,317080,2099732,512,6.622089,1.511261,343,ZERO_OVERHEAD_CSR,3.410406,2.738005,3.437341,6.175345,3.233418,3.931054,3.428664,3.441856,0.948103,0.636572,1.005354,0.557354,2.282824,4.109732,,,True,False,False,3.4332275390625e-05,0.018520259177452137,
com-DBLP,Community,False,NVIDIA GeForce RTX 4090,12.1,0,50,200,10,317080,317080,2099732,512,6.622089,1.511261,343,TC_DIRECT,2.796283,37.979852,3.042976,41.022828,3.233418,3.931054,3.428664,3.441856,1.156327,0.095826,1.226151,0.083901,2.282824,4.109732,0.816378,0.100182,True,False,False,0.01247406005859375,0.18520259177452136,
com-DBLP,Community,False,NVIDIA GeForce RTX 4090,12.1,0,50,200,10,317080,317080,2099732,512,6.622089,1.511261,343,COMMUNITY_TC,3.397176,65.866187,3.48032,69.346507,3.233418,3.931054,3.428664,3.441856,0.951796,0.056687,1.009269,0.049633,2.282824,4.109732,0.671977,0.059264,True,False,False,0.01247406005859375,0.18520259177452136,
com-DBLP,Community,False,NVIDIA GeForce RTX 4090,12.1,0,50,200,10,317080,317080,2099732,512,6.622089,1.511261,343,SEGMENT_HYBRID,3.443687,38.816741,3.510666,42.327406,3.233418,3.931054,3.428664,3.441856,0.938941,0.092873,0.995638,0.081315,2.282824,4.109732,0.662901,0.097094,True,False,False,0.01247406005859375,0.18520259177452136,
com-DBLP,Community,False,NVIDIA GeForce RTX 4090,12.1,0,50,200,10,317080,317080,2099732,512,6.622089,1.511261,343,TC_DIRECT_TF32,2.205972,36.345057,2.250035,38.595092,3.233418,3.931054,3.428664,3.441856,1.465756,0.101854,1.554264,0.089179,2.282824,4.109732,1.034838,0.106483,True,False,False,0.01247406005859375,0.18520259177452136,
com-DBLP,Community,False,NVIDIA GeForce RTX 4090,12.1,0,50,200,10,317080,317080,2099732,512,6.622089,1.511261,343,COMMUNITY_TC_TF32,2.771276,66.840663,2.8692,69.709863,3.233418,3.931054,3.428664,3.441856,1.166761,0.056392,1.237215,0.049374,2.282824,4.109732,0.823744,0.058955,True,False,False,0.01247406005859375,0.18520259177452136,
com-DBLP,Community,False,NVIDIA GeForce RTX 4090,12.1,0,50,200,10,317080,317080,2099732,512,6.622089,1.511261,343,SEGMENT_HYBRID_TF32,2.876073,38.997927,2.951978,41.949904,3.233418,3.931054,3.428664,3.441856,1.124248,0.093708,1.192134,0.082047,2.282824,4.109732,0.793729,0.097968,True,False,False,0.01247406005859375,0.18520259177452136,
com-DBLP,Community,False,NVIDIA GeForce RTX 4090,12.1,0,50,200,10,317080,317080,2099732,512,6.622089,1.511261,343,CUSPARSE,3.233418,0.670456,3.260598,3.931054,3.233418,3.931054,3.428664,3.441856,1.0,1.0,1.060384,0.875556,2.282824,4.109732,,,True,False,False,0.0,0.0,
com-youtube,Community,False,NVIDIA GeForce RTX 4090,12.1,0,50,200,10,1157828,1157828,5975248,64,5.160739,9.737837,28754,CSR_DIRECT,4.341826,0.0,4.355264,4.355264,1.315574,1.752694,4.341826,4.355264,0.303,0.402431,1.0,1.0,1.01697,1.862897,,,True,False,False,0.0011444091796875,0.16957004452437938,
com-youtube,Community,False,NVIDIA GeForce RTX 4090,12.1,0,50,200,10,1157828,1157828,5975248,64,5.160739,9.737837,28754,RODE_ENHANCED,1.633019,27.089959,1.679603,28.769562,1.315574,1.752694,4.341826,4.355264,0.805608,0.060922,2.658773,0.151384,1.01697,1.862897,,,True,False,False,0.0003662109375,0.16957004452437938,
com-youtube,Community,False,NVIDIA GeForce RTX 4090,12.1,0,50,200,10,1157828,1157828,5975248,64,5.160739,9.737837,28754,ZERO_OVERHEAD_CSR,1.034184,6.944112,1.064915,8.009027,1.315574,1.752694,4.341826,4.355264,1.272089,0.21884,4.198313,0.543794,1.01697,1.862897,,,True,False,False,0.00042724609375,0.16957004452437938,
com-youtube,Community,False,NVIDIA GeForce RTX 4090,12.1,0,50,200,10,1157828,1157828,5975248,64,5.160739,9.737837,28754,TC_DIRECT,1.657405,125.182119,2.002854,127.184974,1.315574,1.752694,4.341826,4.355264,0.793755,0.013781,2.619653,0.034244,1.01697,1.862897,0.613592,0.014647,True,False,False,0.10723686218261719,1.6957004452437938,
com-youtube,Community,False,NVIDIA GeForce RTX 4090,12.1,0,50,200,10,1157828,1157828,5975248,64,5.160739,9.737837,28754,COMMUNITY_TC,2.009344,202.169642,2.119168,204.28881,1.315574,1.752694,4.341826,4.355264,0.654728,0.008579,2.160818,0.021319,1.01697,1.862897,0.50612,0.009119,True,False,False,0.10723686218261719,1.6957004452437938,
com-youtube,Community,False,NVIDIA GeForce RTX 4090,12.1,0,50,200,10,1157828,1157828,5975248,64,5.160739,9.737837,28754,SEGMENT_HYBRID,1.523384,128.509098,1.664493,130.173591,1.315574,1.752694,4.341826,4.355264,0.863586,0.013464,2.850119,0.033457,1.01697,1.862897,0.667573,0.014311,True,False,False,0.10723495483398438,1.6957004452437938,
com-youtube,Community,False,NVIDIA GeForce RTX 4090,12.1,0,50,200,10,1157828,1157828,5975248,64,5.160739,9.737837,28754,TC_DIRECT_TF32,1.834716,126.307951,1.928826,128.236777,1.315574,1.752694,4.341826,4.355264,0.717045,0.013668,2.366484,0.033963,1.01697,1.862897,0.554293,0.014527,True,False,False,0.10748100280761719,1.6957004452437938,
com-youtube,Community,False,NVIDIA GeForce RTX 4090,12.1,0,50,200,10,1157828,1157828,5975248,64,5.160739,9.737837,28754,COMMUNITY_TC_TF32,2.233308,199.784602,2.353654,202.138256,1.315574,1.752694,4.341826,4.355264,0.58907,0.008671,1.944123,0.021546,1.01697,1.862897,0.455365,0.009216,True,False,False,0.10748100280761719,1.6957004452437938,
com-youtube,Community,False,NVIDIA GeForce RTX 4090,12.1,0,50,200,10,1157828,1157828,5975248,64,5.160739,9.737837,28754,SEGMENT_HYBRID_TF32,1.365888,127.394631,1.464122,128.858753,1.315574,1.752694,4.341826,4.355264,0.963164,0.013602,3.178757,0.033799,1.01697,1.862897,0.744549,0.014457,True,False,False,0.10747909545898438,1.6957004452437938,
com-youtube,Community,False,NVIDIA GeForce RTX 4090,12.1,0,50,200,10,1157828,1157828,5975248,64,5.160739,9.737837,28754,CUSPARSE,1.315574,0.418054,1.33464,1.752694,1.315574,1.752694,4.341826,4.355264,1.0,1.0,3.300329,2.484897,1.01697,1.862897,,,True,False,False,0.0,0.0,
com-youtube,Community,False,NVIDIA GeForce RTX 4090,12.1,0,50,200,10,1157828,1157828,5975248,128,5.160739,9.737837,28754,CSR_DIRECT,5.216368,0.0,5.22577,5.22577,2.795249,3.435512,5.216368,5.22577,0.535861,0.657417,1.0,1.0,2.045174,3.674613,,,True,False,False,0.00274658203125,0.16957004452437938,
com-youtube,Community,False,NVIDIA GeForce RTX 4090,12.1,0,50,200,10,1157828,1157828,5975248,128,5.160739,9.737837,28754,RODE_ENHANCED,3.352632,16.102616,3.402051,19.504667,2.795249,3.435512,5.216368,5.22577,0.833747,0.176138,1.555902,0.267924,2.045174,3.674613,,,True,False,False,0.0003814697265625,0.16957004452437938,
com-youtube,Community,False,NVIDIA GeForce RTX 4090,12.1,0,50,200,10,1157828,1157828,5975248,128,5.160739,9.737837,28754,ZERO_OVERHEAD_CSR,2.112358,6.888925,2.14208,9.031005,2.795249,3.435512,5.216368,5.22577,1.323283,0.380413,2.469452,0.578648,2.045174,3.674613,,,True,False,False,0.0003662109375,0.16957004452437938,
com-youtube,Community,False,NVIDIA GeForce RTX 4090,12.1,0,50,200,10,1157828,1157828,5975248,128,5.160739,9.737837,28754,TC_DIRECT,2.846413,148.559278,3.228054,151.787332,2.795249,3.435512,5.216368,5.22577,0.982025,0.022634,1.832611,0.034428,2.045174,3.674613,0.718509,0.024209,True,False,False,0.110809326171875,1.6957004452437938,
com-youtube,Community,False,NVIDIA GeForce RTX 4090,12.1,0,50,200,10,1157828,1157828,5975248,128,5.160739,9.737837,28754,COMMUNITY_TC,3.504599,214.964654,3.61544,218.580095,2.795249,3.435512,5.216368,5.22577,0.797594,0.015717,1.488435,0.023908,2.045174,3.674613,0.583569,0.016811,True,False,False,0.11083984375,1.6957004452437938,
com-youtube,Community,False,NVIDIA GeForce RTX 4090,12.1,0,50,200,10,1157828,1157828,5975248,128,5.160739,9.737837,28754,SEGMENT_HYBRID,3.08651,128.142022,3.172973,131.314995,2.795249,3.435512,5.216368,5.22577,0.905634,0.026162,1.690054,0.039796,2.045174,3.674613,0.662617,0.027983,True,False,False,0.114593505859375,1.6957004452437938,
com-youtube,Community,False,NVIDIA GeForce RTX 4090,12.1,0,50,200,10,1157828,1157828,5975248,128,5.160739,9.737837,28754,TC_DIRECT_TF32,2.790154,144.267372,2.886253,147.153624,2.795249,3.435512,5.216368,5.22577,1.001826,0.023346,1.869563,0.035512,2.045174,3.674613,0.732997,0.024971,True,False,False,0.111083984375,1.6957004452437938,
com-youtube,Community,False,NVIDIA GeForce RTX 4090,12.1,0,50,200,10,1157828,1157828,5975248,128,5.160739,9.737837,28754,COMMUNITY_TC_TF32,3.485722,217.580866,3.598019,221.178885,2.795249,3.435512,5.216368,5.22577,0.801914,0.015533,1.496496,0.023627,2.045174,3.674613,0.586729,0.016614,True,False,False,0.111114501953125,1.6957004452437938,
com-youtube,Community,False,NVIDIA GeForce RTX 4090,12.1,0,50,200,10,1157828,1157828,5975248,128,5.160739,9.737837,28754,SEGMENT_HYBRID_TF32,2.734858,126.645063,2.830045,129.475108,2.795249,3.435512,5.216368,5.22577,1.022082,0.026534,1.907364,0.040361,2.045174,3.674613,0.747817,0.028381,True,False,False,0.115081787109375,1.6957004452437938,
com-youtube,Community,False,NVIDIA GeForce RTX 4090,12.1,0,50,200,10,1157828,1157828,5975248,128,5.160739,9.737837,28754,CUSPARSE,2.795249,0.616472,2.81904,3.435512,2.795249,3.435512,5.216368,5.22577,1.0,1.0,1.866155,1.521103,2.045174,3.674613,,,True,False,False,0.0,0.0,
com-youtube,Community,False,NVIDIA GeForce RTX 4090,12.1,0,50,200,10,1157828,1157828,5975248,256,5.160739,9.737837,28754,CSR_DIRECT,10.443756,0.0,10.454698,10.454698,5.587082,6.845686,10.443756,10.454698,0.534969,0.654795,1.0,1.0,4.099538,7.294475,,,True,False,False,0.002410888671875,0.16957004452437938,
com-youtube,Community,False,NVIDIA GeForce RTX 4090,12.1,0,50,200,10,1157828,1157828,5975248,256,5.160739,9.737837,28754,RODE_ENHANCED,7.046477,16.361488,7.088378,23.449865,5.587082,6.845686,10.443756,10.454698,0.79289,0.291929,1.482124,0.445832,4.099538,7.294475,,,True,False,False,0.00054931640625,0.16957004452437938,
com-youtube,Community,False,NVIDIA GeForce RTX 4090,12.1,0,50,200,10,1157828,1157828,5975248,256,5.160739,9.737837,28754,ZERO_OVERHEAD_CSR,4.575125,6.883468,4.60592,11.489388,5.587082,6.845686,10.443756,10.454698,1.221187,0.595827,2.282726,0.909944,4.099538,7.294475,,,True,False,False,0.000579833984375,0.16957004452437938,
com-youtube,Community,False,NVIDIA GeForce RTX 4090,12.1,0,50,200,10,1157828,1157828,5975248,256,5.160739,9.737837,28754,TC_DIRECT,5.503457,143.687079,5.906442,149.59352,5.587082,6.845686,10.443756,10.454698,1.015195,0.045762,1.897672,0.069887,4.099538,7.294475,0.744902,0.048762,True,False,False,0.115966796875,1.6957004452437938,
com-youtube,Community,False,NVIDIA GeForce RTX 4090,12.1,0,50,200,10,1157828,1157828,5975248,256,5.160739,9.737837,28754,COMMUNITY_TC,6.72621,219.37708,6.85785,226.234929,5.587082,6.845686,10.443756,10.454698,0.830643,0.030259,1.552695,0.046212,4.099538,7.294475,0.609487,0.032243,True,False,False,0.115966796875,1.6957004452437938,
com-youtube,Community,False,NVIDIA GeForce RTX 4090,12.1,0,50,200,10,1157828,1157828,5975248,256,5.160739,9.737837,28754,SEGMENT_HYBRID,6.325028,126.034114,6.41529,132.449404,5.587082,6.845686,10.443756,10.454698,0.883329,0.051685,1.651179,0.078934,4.099538,7.294475,0.648145,0.055074,True,False,False,0.11480712890625,1.6957004452437938,
com-youtube,Community,False,NVIDIA GeForce RTX 4090,12.1,0,50,200,10,1157828,1157828,5975248,256,5.160739,9.737837,28754,TC_DIRECT_TF32,4.960691,121.583682,5.060909,126.644591,5.587082,6.845686,10.443756,10.454698,1.126271,0.054054,2.105303,0.082551,4.099538,7.294475,0.826405,0.057598,True,False,False,0.116058349609375,1.6957004452437938,
com-youtube,Community,False,NVIDIA GeForce RTX 4090,12.1,0,50,200,10,1157828,1157828,5975248,256,5.160739,9.737837,28754,COMMUNITY_TC_TF32,6.230441,219.786266,6.378003,226.16427,5.587082,6.845686,10.443756,10.454698,0.89674,0.030269,1.676247,0.046226,4.099538,7.294475,0.657985,0.032253,True,False,False,0.11602783203125,1.6957004452437938,
com-youtube,Community,False,NVIDIA GeForce RTX 4090,12.1,0,50,200,10,1157828,1157828,5975248,256,5.160739,9.737837,28754,SEGMENT_HYBRID_TF32,5.506161,126.873348,5.613146,132.486494,5.587082,6.845686,10.443756,10.454698,1.014697,0.051671,1.89674,0.078911,4.099538,7.294475,0.744537,0.055058,True,False,False,0.11480712890625,1.6957004452437938,
com-youtube,Community,False,NVIDIA GeForce RTX 4090,12.1,0,50,200,10,1157828,1157828,5975248,256,5.160739,9.737837,28754,CUSPARSE,5.587082,1.236531,5.609155,6.845686,5.587082,6.845686,10.443756,10.454698,1.0,1.0,1.869268,1.527195,4.099538,7.294475,,,True,False,False,0.0,0.0,
gplus-combined,Dense Large-Scale,False,NVIDIA GeForce RTX 4090,12.1,0,50,200,10,107614,107614,13673453,64,127.060169,2.740035,5056,CSR_DIRECT,1.206205,0.0,1.172864,1.172864,0.873221,1.118084,1.206205,1.172864,0.723941,0.953294,1.0,1.0,0.709729,1.047307,,,True,False,False,0.0005645751953125,0.07110555533852471,
gplus-combined,Dense Large-Scale,False,NVIDIA GeForce RTX 4090,12.1,0,50,200,10,107614,107614,13673453,64,127.060169,2.740035,5056,RODE_ENHANCED,0.816722,1.72923,0.843824,2.573054,0.873221,1.118084,1.206205,1.172864,1.069178,0.434536,1.476886,0.455826,0.709729,1.047307,,,True,False,False,0.0001220703125,0.07110555533852471,
gplus-combined,Dense Large-Scale,False,NVIDIA GeForce RTX 4090,12.1,0,50,200,10,107614,107614,13673453,64,127.060169,2.740035,5056,ZERO_OVERHEAD_CSR,0.806943,1.09798,0.815747,1.913727,0.873221,1.118084,1.206205,1.172864,1.082135,0.584244,1.494784,0.612869,0.709729,1.047307,,,True,False,False,0.0001373291015625,0.07110555533852471,
gplus-combined,Dense Large-Scale,False,NVIDIA GeForce RTX 4090,12.1,0,50,200,10,107614,107614,13673453,64,127.060169,2.740035,5056,TC_DIRECT,0.494102,185.421519,0.655053,186.076572,0.873221,1.118084,1.206205,1.172864,1.76729,0.006009,2.441208,0.006303,0.709729,1.047307,1.436403,0.005628,True,False,False,0.052643775939941406,0.7110555533852471,
gplus-combined,Dense Large-Scale,False,NVIDIA GeForce RTX 4090,12.1,0,50,200,10,107614,107614,13673453,64,127.060169,2.740035,5056,COMMUNITY_TC,0.495257,191.861413,0.662864,192.524277,0.873221,1.118084,1.206205,1.172864,1.763168,0.005807,2.435515,0.006092,0.709729,1.047307,1.433053,0.00544,True,False,False,0.052643775939941406,0.7110555533852471,
gplus-combined,Dense Large-Scale,False,NVIDIA GeForce RTX 4090,12.1,0,50,200,10,107614,107614,13673453,64,127.060169,2.740035,5056,SEGMENT_HYBRID,0.517109,168.338355,0.703517,169.041872,0.873221,1.118084,1.206205,1.172864,1.688661,0.006614,2.332596,0.006938,0.709729,1.047307,1.372496,0.006196,True,False,False,0.05265522003173828,0.7110555533852471,
gplus-combined,Dense Large-Scale,False,NVIDIA GeForce RTX 4090,12.1,0,50,200,10,107614,107614,13673453,64,127.060169,2.740035,5056,TC_DIRECT_TF32,0.736757,147.536969,0.759843,148.296812,0.873221,1.118084,1.206205,1.172864,1.185224,0.00754,1.637183,0.007909,0.709729,1.047307,0.963316,0.007062,True,False,False,0.052643775939941406,0.7110555533852471,
gplus-combined,Dense Large-Scale,False,NVIDIA GeForce RTX 4090,12.1,0,50,200,10,107614,107614,13673453,64,127.060169,2.740035,5056,COMMUNITY_TC_TF32,0.699177,147.435796,0.760726,148.196523,0.873221,1.118084,1.206205,1.172864,1.248927,0.007545,1.725179,0.007914,0.709729,1.047307,1.015093,0.007067,True,False,False,0.052643775939941406,0.7110555533852471,
gplus-combined,Dense Large-Scale,False,NVIDIA GeForce RTX 4090,12.1,0,50,200,10,107614,107614,13673453,64,127.060169,2.740035,5056,SEGMENT_HYBRID_TF32,0.723733,165.748072,0.866208,166.61428,0.873221,1.118084,1.206205,1.172864,1.206552,0.006711,1.666645,0.007039,0.709729,1.047307,0.980651,0.006286,True,False,False,0.05265522003173828,0.7110555533852471,
gplus-combined,Dense Large-Scale,False,NVIDIA GeForce RTX 4090,12.1,0,50,200,10,107614,107614,13673453,64,127.060169,2.740035,5056,CUSPARSE,0.873221,0.240443,0.877642,1.118084,0.873221,1.118084,1.206205,1.172864,1.0,1.0,1.381329,1.048994,0.709729,1.047307,,,True,False,False,0.0,0.0,
gplus-combined,Dense Large-Scale,False,NVIDIA GeForce RTX 4090,12.1,0,50,200,10,107614,107614,13673453,128,127.060169,2.740035,5056,CSR_DIRECT,1.872364,0.0,1.88856,1.88856,1.603947,2.021641,1.872364,1.88856,0.856643,1.070467,1.0,1.0,0.994474,1.347165,,,True,False,False,0.000579833984375,0.07110555533852471,
gplus-combined,Dense Large-Scale,False,NVIDIA GeForce RTX 4090,12.1,0,50,200,10,107614,107614,13673453,128,127.060169,2.740035,5056,RODE_ENHANCED,1.551073,1.635028,1.573654,3.208683,1.603947,2.021641,1.872364,1.88856,1.034089,0.630053,1.207141,0.588578,0.994474,1.347165,,,True,False,False,0.00018310546875,0.07110555533852471,
gplus-combined,Dense Large-Scale,False,NVIDIA GeForce RTX 4090,12.1,0,50,200,10,107614,107614,13673453,128,127.060169,2.740035,5056,ZERO_OVERHEAD_CSR,1.521132,1.099818,1.532483,2.632302,1.603947,2.021641,1.872364,1.88856,1.054443,0.768013,1.230902,0.717456,0.994474,1.347165,,,True,False,False,0.0001678466796875,0.07110555533852471,
gplus-combined,Dense Large-Scale,False,NVIDIA GeForce RTX 4090,12.1,0,50,200,10,107614,107614,13673453,128,127.060169,2.740035,5056,TC_DIRECT,0.924232,177.285329,1.137952,178.423281,1.603947,2.021641,1.872364,1.88856,1.735439,0.011331,2.02586,0.010585,0.994474,1.347165,1.076001,0.00755,True,False,False,0.054103851318359375,0.7110555533852471,
gplus-combined,Dense Large-Scale,False,NVIDIA GeForce RTX 4090,12.1,0,50,200,10,107614,107614,13673453,128,127.060169,2.740035,5056,COMMUNITY_TC,0.863299,177.791263,1.102746,178.894008,1.603947,2.021641,1.872364,1.88856,1.857929,0.011301,2.168848,0.010557,0.994474,1.347165,1.151947,0.007531,True,False,False,0.054103851318359375,0.7110555533852471,
gplus-combined,Dense Large-Scale,False,NVIDIA GeForce RTX 4090,12.1,0,50,200,10,107614,107614,13673453,128,127.060169,2.740035,5056,SEGMENT_HYBRID,1.025203,182.526872,1.304259,183.831131,1.603947,2.021641,1.872364,1.88856,1.564517,0.010997,1.826334,0.010273,0.994474,1.347165,0.970026,0.007328,True,False,False,0.05406951904296875,0.7110555533852471,
gplus-combined,Dense Large-Scale,False,NVIDIA GeForce RTX 4090,12.1,0,50,200,10,107614,107614,13673453,128,127.060169,2.740035,5056,TC_DIRECT_TF32,1.390592,174.368461,1.373325,175.741786,1.603947,2.021641,1.872364,1.88856,1.153428,0.011503,1.346451,0.010746,0.994474,1.347165,0.715144,0.007666,True,False,False,0.054103851318359375,0.7110555533852471,
gplus-combined,Dense Large-Scale,False,NVIDIA GeForce RTX 4090,12.1,0,50,200,10,107614,107614,13673453,128,127.060169,2.740035,5056,COMMUNITY_TC_TF32,1.261384,175.871403,1.270982,177.142385,1.603947,2.021641,1.872364,1.88856,1.271578,0.011413,1.484373,0.010661,0.994474,1.347165,0.788399,0.007605,True,False,False,0.054103851318359375,0.7110555533852471,
gplus-combined,Dense Large-Scale,False,NVIDIA GeForce RTX 4090,12.1,0,50,200,10,107614,107614,13673453,128,127.060169,2.740035,5056,SEGMENT_HYBRID_TF32,1.46197,182.884177,1.617683,184.50186,1.603947,2.021641,1.872364,1.88856,1.097114,0.010957,1.280713,0.010236,0.994474,1.347165,0.680229,0.007302,True,False,False,0.054073333740234375,0.7110555533852471,
gplus-combined,Dense Large-Scale,False,NVIDIA GeForce RTX 4090,12.1,0,50,200,10,107614,107614,13673453,128,127.060169,2.740035,5056,CUSPARSE,1.603947,0.437746,1.583894,2.021641,1.603947,2.021641,1.872364,1.88856,1.0,1.0,1.167347,0.934172,0.994474,1.347165,,,True,False,False,0.0,0.0,
gplus-combined,Dense Large-Scale,False,NVIDIA GeForce RTX 4090,12.1,0,50,200,10,107614,107614,13673453,256,127.060169,2.740035,5056,CSR_DIRECT,3.82506,0.0,3.831853,3.831853,3.086008,3.335758,3.82506,3.831853,0.806787,0.870534,1.0,1.0,1.945227,2.342618,,,True,False,False,0.0006866455078125,0.07110555533852471,
gplus-combined,Dense Large-Scale,False,NVIDIA GeForce RTX 4090,12.1,0,50,200,10,107614,107614,13673453,256,127.060169,2.740035,5056,RODE_ENHANCED,3.188546,1.572543,3.208032,4.780575,3.086008,3.335758,3.82506,3.831853,0.967842,0.697773,1.199625,0.801546,1.945227,2.342618,,,True,False,False,0.0001678466796875,0.07110555533852471,
gplus-combined,Dense Large-Scale,False,NVIDIA GeForce RTX 4090,12.1,0,50,200,10,107614,107614,13673453,256,127.060169,2.740035,5056,ZERO_OVERHEAD_CSR,3.073024,1.107393,3.082982,4.190375,3.086008,3.335758,3.82506,3.831853,1.004225,0.796052,1.244722,0.914441,1.945227,2.342618,,,True,False,False,0.00018310546875,0.07110555533852471,
gplus-combined,Dense Large-Scale,False,NVIDIA GeForce RTX 4090,12.1,0,50,200,10,107614,107614,13673453,256,127.060169,2.740035,5056,TC_DIRECT,1.810211,180.723448,2.004979,182.728427,3.086008,3.335758,3.82506,3.831853,1.704778,0.018255,2.113047,0.02097,1.945227,2.342618,1.074586,0.01282,True,False,False,0.05702972412109375,0.7110555533852471,
gplus-combined,Dense Large-Scale,False,NVIDIA GeForce RTX 4090,12.1,0,50,200,10,107614,107614,13673453,256,127.060169,2.740035,5056,COMMUNITY_TC,1.664875,177.913698,1.777312,179.69101,3.086008,3.335758,3.82506,3.831853,1.853597,0.018564,2.297505,0.021325,1.945227,2.342618,1.168392,0.013037,True,False,False,0.05702972412109375,0.7110555533852471,
gplus-combined,Dense Large-Scale,False,NVIDIA GeForce RTX 4090,12.1,0,50,200,10,107614,107614,13673453,256,127.060169,2.740035,5056,SEGMENT_HYBRID,2.079729,187.279971,2.19984,189.479811,3.086008,3.335758,3.82506,3.831853,1.483851,0.017605,1.839211,0.020223,1.945227,2.342618,0.935327,0.012363,True,False,False,0.057003021240234375,0.7110555533852471,
gplus-combined,Dense Large-Scale,False,NVIDIA GeForce RTX 4090,12.1,0,50,200,10,107614,107614,13673453,256,127.060169,2.740035,5056,TC_DIRECT_TF32,2.669875,173.127787,2.587571,175.715358,3.086008,3.335758,3.82506,3.831853,1.155863,0.018984,1.432674,0.021807,1.945227,2.342618,0.728583,0.013332,True,False,False,0.05678558349609375,0.7110555533852471,
gplus-combined,Dense Large-Scale,False,NVIDIA GeForce RTX 4090,12.1,0,50,200,10,107614,107614,13673453,256,127.060169,2.740035,5056,COMMUNITY_TC_TF32,2.361343,179.629463,2.354704,181.984167,3.086008,3.335758,3.82506,3.831853,1.306887,0.01833,1.619866,0.021056,1.945227,2.342618,0.82378,0.012873,True,False,False,0.05678558349609375,0.7110555533852471,
gplus-combined,Dense Large-Scale,False,NVIDIA GeForce RTX 4090,12.1,0,50,200,10,107614,107614,13673453,256,127.060169,2.740035,5056,SEGMENT_HYBRID_TF32,2.907254,183.230836,2.943962,186.174798,3.086008,3.335758,3.82506,3.831853,1.061486,0.017917,1.315695,0.020582,1.945227,2.342618,0.669094,0.012583,True,False,False,0.056758880615234375,0.7110555533852471,
gplus-combined,Dense Large-Scale,False,NVIDIA GeForce RTX 4090,12.1,0,50,200,10,107614,107614,13673453,256,127.060169,2.740035,5056,CUSPARSE,3.086008,0.2154,3.120358,3.335758,3.086008,3.335758,3.82506,3.831853,1.0,1.0,1.239485,1.14872,1.945227,2.342618,,,True,False,False,0.0,0.0,
gplus-combined,Dense Large-Scale,False,NVIDIA GeForce RTX 4090,12.1,0,50,200,10,107614,107614,13673453,512,127.060169,2.740035,5056,CSR_DIRECT,7.026893,0.0,7.017174,7.017174,6.308142,6.564193,7.026893,7.017174,0.897714,0.935447,1.0,1.0,3.807534,4.464925,,,True,False,False,0.00079345703125,0.07110555533852471,
gplus-combined,Dense Large-Scale,False,NVIDIA GeForce RTX 4090,12.1,0,50,200,10,107614,107614,13673453,512,127.060169,2.740035,5056,RODE_ENHANCED,6.655544,1.657,6.673373,8.330373,6.308142,6.564193,7.026893,7.017174,0.947803,0.787983,1.055795,0.84236,3.807534,4.464925,,,True,False,False,0.000152587890625,0.07110555533852471,
gplus-combined,Dense Large-Scale,False,NVIDIA GeForce RTX 4090,12.1,0,50,200,10,107614,107614,13673453,512,127.060169,2.740035,5056,ZERO_OVERHEAD_CSR,6.311526,1.071993,6.321888,7.393881,6.308142,6.564193,7.026893,7.017174,0.999464,0.887787,1.113343,0.949052,3.807534,4.464925,,,True,False,False,0.000152587890625,0.07110555533852471,
gplus-combined,Dense Large-Scale,False,NVIDIA GeForce RTX 4090,12.1,0,50,200,10,107614,107614,13673453,512,127.060169,2.740035,5056,TC_DIRECT,3.621371,182.14022,3.66624,185.80646,6.308142,6.564193,7.026893,7.017174,1.741921,0.035328,1.940396,0.037766,3.807534,4.464925,1.051407,0.02403,True,False,False,0.06163787841796875,0.7110555533852471,
gplus-combined,Dense Large-Scale,False,NVIDIA GeForce RTX 4090,12.1,0,50,200,10,107614,107614,13673453,512,127.060169,2.740035,5056,COMMUNITY_TC,3.276328,182.632765,3.323382,185.956147,6.308142,6.564193,7.026893,7.017174,1.92537,0.0353,2.144747,0.037736,3.807534,4.464925,1.162135,0.024011,True,False,False,0.06163787841796875,0.7110555533852471,
gplus-combined,Dense Large-Scale,False,NVIDIA GeForce RTX 4090,12.1,0,50,200,10,107614,107614,13673453,512,127.060169,2.740035,5056,SEGMENT_HYBRID,4.188544,189.731642,4.317968,194.04961,6.308142,6.564193,7.026893,7.017174,1.506047,0.033827,1.677646,0.036162,3.807534,4.464925,0.909035,0.023009,True,False,False,0.061553955078125,0.7110555533852471,
gplus-combined,Dense Large-Scale,False,NVIDIA GeForce RTX 4090,12.1,0,50,200,10,107614,107614,13673453,512,127.060169,2.740035,5056,TC_DIRECT_TF32,5.311462,180.435498,5.068211,185.503709,6.308142,6.564193,7.026893,7.017174,1.187647,0.035386,1.322968,0.037828,3.807534,4.464925,0.716852,0.024069,True,False,False,0.06165313720703125,0.7110555533852471,
gplus-combined,Dense Large-Scale,False,NVIDIA GeForce RTX 4090,12.1,0,50,200,10,107614,107614,13673453,512,127.060169,2.740035,5056,COMMUNITY_TC_TF32,4.686003,184.553449,4.570531,189.12398,6.308142,6.564193,7.026893,7.017174,1.346167,0.034708,1.499549,0.037104,3.807534,4.464925,0.812533,0.023608,True,False,False,0.06165313720703125,0.7110555533852471,
gplus-combined,Dense Large-Scale,False,NVIDIA GeForce RTX 4090,12.1,0,50,200,10,107614,107614,13673453,512,127.060169,2.740035,5056,SEGMENT_HYBRID_TF32,5.853696,190.05912,5.70584,195.76496,6.308142,6.564193,7.026893,7.017174,1.077634,0.033531,1.20042,0.035845,3.807534,4.464925,0.65045,0.022808,True,False,False,0.061553955078125,0.7110555533852471,
gplus-combined,Dense Large-Scale,False,NVIDIA GeForce RTX 4090,12.1,0,50,200,10,107614,107614,13673453,512,127.060169,2.740035,5056,CUSPARSE,6.308142,0.21779,6.346403,6.564193,6.308142,6.564193,7.026893,7.017174,1.0,1.0,1.11394,1.069008,3.807534,4.464925,,,True,False,False,0.0,0.0,
ogbn-arxiv,Sparse Uniform,False,NVIDIA GeForce RTX 4090,12.1,0,50,200,10,169343,169343,1166243,64,6.886869,1.289323,436,CSR_DIRECT,0.098514,0.0,0.106454,0.106454,0.102042,0.566043,0.098514,0.106454,1.035809,5.317239,1.0,1.0,0.08681,0.524029,,,True,False,False,3.4332275390625e-05,0.0208806130178211,
ogbn-arxiv,Sparse Uniform,False,NVIDIA GeForce RTX 4090,12.1,0,50,200,10,169343,169343,1166243,64,6.886869,1.289323,436,RODE_ENHANCED,0.163553,1.931476,0.19337,2.124846,0.102042,0.566043,0.098514,0.106454,0.623904,0.266393,0.602335,0.0501,0.08681,0.524029,,,True,False,False,3.62396240234375e-05,0.0208806130178211,
ogbn-arxiv,Sparse Uniform,False,NVIDIA GeForce RTX 4090,12.1,0,50,200,10,169343,169343,1166243,64,6.886869,1.289323,436,ZERO_OVERHEAD_CSR,0.124513,1.551598,0.136643,1.688241,0.102042,0.566043,0.098514,0.106454,0.819524,0.335286,0.791192,0.063056,0.08681,0.524029,,,True,False,False,3.62396240234375e-05,0.0208806130178211,
ogbn-arxiv,Sparse Uniform,False,NVIDIA GeForce RTX 4090,12.1,0,50,200,10,169343,169343,1166243,64,6.886869,1.289323,436,TC_DIRECT,0.148762,18.893862,0.505062,19.398925,0.102042,0.566043,0.098514,0.106454,0.68594,0.029179,0.662227,0.005488,0.08681,0.524029,0.583548,0.027013,True,False,False,0.015089035034179688,0.208806130178211,
ogbn-arxiv,Sparse Uniform,False,NVIDIA GeForce RTX 4090,12.1,0,50,200,10,169343,169343,1166243,64,6.886869,1.289323,436,COMMUNITY_TC,0.167803,30.664758,0.551542,31.2163,0.102042,0.566043,0.098514,0.106454,0.608104,0.018133,0.587081,0.00341,0.08681,0.524029,0.517331,0.016787,True,False,False,0.015089035034179688,0.208806130178211,
ogbn-arxiv,Sparse Uniform,False,NVIDIA GeForce RTX 4090,12.1,0,50,200,10,169343,169343,1166243,64,6.886869,1.289323,436,SEGMENT_HYBRID,0.187551,19.554833,0.426262,19.981096,0.102042,0.566043,0.098514,0.106454,0.544075,0.028329,0.525265,0.005328,0.08681,0.524029,0.462859,0.026226,True,False,False,0.015089035034179688,0.208806130178211,
ogbn-arxiv,Sparse Uniform,False,NVIDIA GeForce RTX 4090,12.1,0,50,200,10,169343,169343,1166243,64,6.886869,1.289323,436,TC_DIRECT_TF32,0.096782,19.134966,0.124134,19.259101,0.102042,0.566043,0.098514,0.106454,1.054342,0.029391,1.017893,0.005527,0.08681,0.524029,0.896958,0.027209,True,False,False,0.015089035034179688,0.208806130178211,
ogbn-arxiv,Sparse Uniform,False,NVIDIA GeForce RTX 4090,12.1,0,50,200,10,169343,169343,1166243,64,6.886869,1.289323,436,COMMUNITY_TC_TF32,0.102001,30.211527,0.164835,30.376362,0.102042,0.566043,0.098514,0.106454,1.000402,0.018634,0.965817,0.003505,0.08681,0.524029,0.851069,0.017251,True,False,False,0.015089035034179688,0.208806130178211,
ogbn-arxiv,Sparse Uniform,False,NVIDIA GeForce RTX 4090,12.1,0,50,200,10,169343,169343,1166243,64,6.886869,1.289323,436,SEGMENT_HYBRID_TF32,0.117391,19.678992,0.187674,19.866666,0.102042,0.566043,0.098514,0.106454,0.869243,0.028492,0.839192,0.005358,0.08681,0.524029,0.739489,0.026377,True,False,False,0.015089035034179688,0.208806130178211,
ogbn-arxiv,Sparse Uniform,False,NVIDIA GeForce RTX 4090,12.1,0,50,200,10,169343,169343,1166243,64,6.886869,1.289323,436,CUSPARSE,0.102042,0.451925,0.114118,0.566043,0.102042,0.566043,0.098514,0.106454,1.0,1.0,0.965429,0.188068,0.08681,0.524029,,,True,False,False,0.0,0.0,
ogbn-arxiv,Sparse Uniform,False,NVIDIA GeForce RTX 4090,12.1,0,50,200,10,169343,169343,1166243,128,6.886869,1.289323,436,CSR_DIRECT,0.195446,0.0,0.200054,0.200054,0.308547,0.722673,0.195446,0.200054,1.578681,3.612381,1.0,1.0,0.256056,0.664677,,,True,False,False,3.4332275390625e-05,0.0208806130178211,
ogbn-arxiv,Sparse Uniform,False,NVIDIA GeForce RTX 4090,12.1,0,50,200,10,169343,169343,1166243,128,6.886869,1.289323,436,RODE_ENHANCED,0.393472,1.941133,0.422979,2.364112,0.308547,0.722673,0.195446,0.200054,0.784164,0.305685,0.496721,0.084621,0.256056,0.664677,,,True,False,False,2.288818359375e-05,0.0208806130178211,
ogbn-arxiv,Sparse Uniform,False,NVIDIA GeForce RTX 4090,12.1,0,50,200,10,169343,169343,1166243,128,6.886869,1.289323,436,ZERO_OVERHEAD_CSR,0.238336,1.547938,0.253536,1.801474,0.308547,0.722673,0.195446,0.200054,1.294587,0.401156,0.820043,0.11105,0.256056,0.664677,,,True,False,False,2.6702880859375e-05,0.0208806130178211,
ogbn-arxiv,Sparse Uniform,False,NVIDIA GeForce RTX 4090,12.1,0,50,200,10,169343,169343,1166243,128,6.886869,1.289323,436,TC_DIRECT,0.322586,19.201214,0.601277,19.802491,0.308547,0.722673,0.195446,0.200054,0.95648,0.036494,0.605873,0.010102,0.256056,0.664677,0.793762,0.033565,True,False,False,0.0128631591796875,0.208806130178211,
ogbn-arxiv,Sparse Uniform,False,NVIDIA GeForce RTX 4090,12.1,0,50,200,10,169343,169343,1166243,128,6.886869,1.289323,436,COMMUNITY_TC,0.38167,30.295017,0.598128,30.893145,0.308547,0.722673,0.195446,0.200054,0.808411,0.023393,0.51208,0.006476,0.256056,0.664677,0.670883,0.021515,True,False,False,0.0128631591796875,0.208806130178211,
ogbn-arxiv,Sparse Uniform,False,NVIDIA GeForce RTX 4090,12.1,0,50,200,10,169343,169343,1166243,128,6.886869,1.289323,436,SEGMENT_HYBRID,0.408284,19.352549,0.672045,20.024593,0.308547,0.722673,0.195446,0.200054,0.755715,0.036089,0.4787,0.00999,0.256056,0.664677,0.627152,0.033193,True,False,False,0.0128631591796875,0.208806130178211,
ogbn-arxiv,Sparse Uniform,False,NVIDIA GeForce RTX 4090,12.1,0,50,200,10,169343,169343,1166243,128,6.886869,1.289323,436,TC_DIRECT_TF32,0.220749,19.012909,0.244211,19.25712,0.308547,0.722673,0.195446,0.200054,1.397727,0.037528,0.885376,0.010389,0.256056,0.664677,1.159944,0.034516,True,False,False,0.0128631591796875,0.208806130178211,
ogbn-arxiv,Sparse Uniform,False,NVIDIA GeForce RTX 4090,12.1,0,50,200,10,169343,169343,1166243,128,6.886869,1.289323,436,COMMUNITY_TC_TF32,0.271913,29.8125,0.335856,30.148355,0.308547,0.722673,0.195446,0.200054,1.134726,0.023971,0.718781,0.006636,0.256056,0.664677,0.941685,0.022047,True,False,False,0.0128631591796875,0.208806130178211,
ogbn-arxiv,Sparse Uniform,False,NVIDIA GeForce RTX 4090,12.1,0,50,200,10,169343,169343,1166243,128,6.886869,1.289323,436,SEGMENT_HYBRID_TF32,0.316334,19.471385,0.367891,19.839276,0.308547,0.722673,0.195446,0.200054,0.975382,0.036426,0.617846,0.010084,0.256056,0.664677,0.809449,0.033503,True,False,False,0.0128631591796875,0.208806130178211,
ogbn-arxiv,Sparse Uniform,False,NVIDIA GeForce RTX 4090,12.1,0,50,200,10,169343,169343,1166243,128,6.886869,1.289323,436,CUSPARSE,0.308547,0.391242,0.33143,0.722673,0.308547,0.722673,0.195446,0.200054,1.0,1.0,0.63344,0.276826,0.256056,0.664677,,,True,False,False,0.0,0.0,
ogbn-arxiv,Sparse Uniform,False,NVIDIA GeForce RTX 4090,12.1,0,50,200,10,169343,169343,1166243,256,6.886869,1.289323,436,CSR_DIRECT,0.517806,0.0,0.521728,0.521728,0.605584,1.053708,0.517806,0.521728,1.169518,2.019651,1.0,1.0,0.503373,0.984235,,,True,False,False,4.1961669921875e-05,0.0208806130178211,
ogbn-arxiv,Sparse Uniform,False,NVIDIA GeForce RTX 4090,12.1,0,50,200,10,169343,169343,1166243,256,6.886869,1.289323,436,RODE_ENHANCED,0.890982,2.1458,0.923469,3.069269,0.605584,1.053708,0.517806,0.521728,0.679681,0.343309,0.581163,0.169984,0.503373,0.984235,,,True,False,False,2.6702880859375e-05,0.0208806130178211,
ogbn-arxiv,Sparse Uniform,False,NVIDIA GeForce RTX 4090,12.1,0,50,200,10,169343,169343,1166243,256,6.886869,1.289323,436,ZERO_OVERHEAD_CSR,0.516024,1.548539,0.532394,2.080933,0.605584,1.053708,0.517806,0.521728,1.173556,0.506363,1.003453,0.250718,0.503373,0.984235,,,True,False,False,3.0517578125e-05,0.0208806130178211,
ogbn-arxiv,Sparse Uniform,False,NVIDIA GeForce RTX 4090,12.1,0,50,200,10,169343,169343,1166243,256,6.886869,1.289323,436,TC_DIRECT,0.674181,18.914532,0.896611,19.811143,0.605584,1.053708,0.517806,0.521728,0.898251,0.053188,0.768052,0.026335,0.503373,0.984235,0.746643,0.049681,True,False,False,0.018591880798339844,0.208806130178211,
ogbn-arxiv,Sparse Uniform,False,NVIDIA GeForce RTX 4090,12.1,0,50,200,10,169343,169343,1166243,256,6.886869,1.289323,436,COMMUNITY_TC,0.814479,29.46281,0.94287,30.40568,0.605584,1.053708,0.517806,0.521728,0.743522,0.034655,0.635751,0.017159,0.503373,0.984235,0.61803,0.03237,True,False,False,0.018591880798339844,0.208806130178211,
ogbn-arxiv,Sparse Uniform,False,NVIDIA GeForce RTX 4090,12.1,0,50,200,10,169343,169343,1166243,256,6.886869,1.289323,436,SEGMENT_HYBRID,0.836925,20.125183,1.01944,21.144623,0.605584,1.053708,0.517806,0.521728,0.723581,0.049833,0.6187,0.024674,0.503373,0.984235,0.601455,0.046548,True,False,False,0.018591880798339844,0.208806130178211,
ogbn-arxiv,Sparse Uniform,False,NVIDIA GeForce RTX 4090,12.1,0,50,200,10,169343,169343,1166243,256,6.886869,1.289323,436,TC_DIRECT_TF32,0.439265,19.698467,0.465194,20.163661,0.605584,1.053708,0.517806,0.521728,1.378628,0.052258,1.1788,0.025875,0.503373,0.984235,1.145943,0.048812,True,False,False,0.018591880798339844,0.208806130178211,
ogbn-arxiv,Sparse Uniform,False,NVIDIA GeForce RTX 4090,12.1,0,50,200,10,169343,169343,1166243,256,6.886869,1.289323,436,COMMUNITY_TC_TF32,0.586312,29.58636,0.644499,30.230859,0.605584,1.053708,0.517806,0.521728,1.03287,0.034855,0.883158,0.017258,0.503373,0.984235,0.858541,0.032557,True,False,False,0.018591880798339844,0.208806130178211,
ogbn-arxiv,Sparse Uniform,False,NVIDIA GeForce RTX 4090,12.1,0,50,200,10,169343,169343,1166243,256,6.886869,1.289323,436,SEGMENT_HYBRID_TF32,0.62847,20.499407,0.682173,21.18158,0.605584,1.053708,0.517806,0.521728,0.963584,0.049746,0.823916,0.024631,0.503373,0.984235,0.80095,0.046467,True,False,False,0.018591880798339844,0.208806130178211,
ogbn-arxiv,Sparse Uniform,False,NVIDIA GeForce RTX 4090,12.1,0,50,200,10,169343,169343,1166243,256,6.886869,1.289323,436,CUSPARSE,0.605584,0.424985,0.628723,1.053708,0.605584,1.053708,0.517806,0.521728,1.0,1.0,0.855053,0.495135,0.503373,0.984235,,,True,False,False,0.0,0.0,
ogbn-arxiv,Sparse Uniform,False,NVIDIA GeForce RTX 4090,12.1,0,50,200,10,169343,169343,1166243,512,6.886869,1.289323,436,CSR_DIRECT,1.277732,0.0,1.284611,1.284611,1.193216,1.627711,1.277732,1.284611,0.933855,1.267084,1.0,1.0,0.999767,1.940353,,,True,False,False,4.57763671875e-05,0.0208806130178211,
ogbn-arxiv,Sparse Uniform,False,NVIDIA GeForce RTX 4090,12.1,0,50,200,10,169343,169343,1166243,512,6.886869,1.289323,436,RODE_ENHANCED,1.969495,1.920105,2.006128,3.926233,1.193216,1.627711,1.277732,1.284611,0.605849,0.414573,0.648761,0.327187,0.999767,1.940353,,,True,False,False,3.0517578125e-05,0.0208806130178211,
ogbn-arxiv,Sparse Uniform,False,NVIDIA GeForce RTX 4090,12.1,0,50,200,10,169343,169343,1166243,512,6.886869,1.289323,436,ZERO_OVERHEAD_CSR,1.153997,1.578964,1.170288,2.749252,1.193216,1.627711,1.277732,1.284611,1.033985,0.592056,1.107223,0.467258,0.999767,1.940353,,,True,False,False,3.0517578125e-05,0.0208806130178211,
ogbn-arxiv,Sparse Uniform,False,NVIDIA GeForce RTX 4090,12.1,0,50,200,10,169343,169343,1166243,512,6.886869,1.289323,436,TC_DIRECT,1.354481,20.580948,1.685475,22.266424,1.193216,1.627711,1.277732,1.284611,0.88094,0.073102,0.943337,0.057693,0.999767,1.940353,0.738118,0.087143,True,False,False,0.014941692352294922,0.208806130178211,
ogbn-arxiv,Sparse Uniform,False,NVIDIA GeForce RTX 4090,12.1,0,50,200,10,169343,169343,1166243,512,6.886869,1.289323,436,COMMUNITY_TC,1.650237,30.805711,1.745843,32.551554,1.193216,1.627711,1.277732,1.284611,0.723057,0.050004,0.774272,0.039464,0.999767,1.940353,0.605832,0.059609,True,False,False,0.014941692352294922,0.208806130178211,
ogbn-arxiv,Sparse Uniform,False,NVIDIA GeForce RTX 4090,12.1,0,50,200,10,169343,169343,1166243,512,6.886869,1.289323,436,SEGMENT_HYBRID,1.69344,19.648379,1.73968,21.388059,1.193216,1.627711,1.277732,1.284611,0.704611,0.076104,0.754519,0.060062,0.999767,1.940353,0.590376,0.090721,True,False,False,0.014941692352294922,0.208806130178211,
ogbn-arxiv,Sparse Uniform,False,NVIDIA GeForce RTX 4090,12.1,0,50,200,10,169343,169343,1166243,512,6.886869,1.289323,436,TC_DIRECT_TF32,0.879145,19.25029,0.908093,20.158383,1.193216,1.627711,1.277732,1.284611,1.357246,0.080746,1.45338,0.063726,0.999767,1.940353,1.137204,0.096255,True,False,False,0.014941692352294922,0.208806130178211,
ogbn-arxiv,Sparse Uniform,False,NVIDIA GeForce RTX 4090,12.1,0,50,200,10,169343,169343,1166243,512,6.886869,1.289323,436,COMMUNITY_TC_TF32,1.19147,30.188815,1.24567,31.434485,1.193216,1.627711,1.277732,1.284611,1.001465,0.051781,1.072399,0.040866,0.999767,1.940353,0.839104,0.061727,True,False,False,0.014941692352294922,0.208806130178211,
ogbn-arxiv,Sparse Uniform,False,NVIDIA GeForce RTX 4090,12.1,0,50,200,10,169343,169343,1166243,512,6.886869,1.289323,436,SEGMENT_HYBRID_TF32,1.246766,19.453049,1.301226,20.754275,1.193216,1.627711,1.277732,1.284611,0.957049,0.078428,1.024837,0.061896,0.999767,1.940353,0.801888,0.093492,True,False,False,0.014941692352294922,0.208806130178211,
ogbn-arxiv,Sparse Uniform,False,NVIDIA GeForce RTX 4090,12.1,0,50,200,10,169343,169343,1166243,512,6.886869,1.289323,436,CUSPARSE,1.193216,0.407932,1.219779,1.627711,1.193216,1.627711,1.277732,1.284611,1.0,1.0,1.07083,0.789214,0.999767,1.940353,,,True,False,False,0.0,0.0,
ogbn-products,Dense Large-Scale,False,NVIDIA GeForce RTX 4090,12.1,0,50,200,10,2449029,2449029,123718152,64,50.517226,1.898461,17481,CSR_DIRECT,25.075737,0.0,25.091517,25.091517,25.41136,26.083645,25.075737,25.091517,1.013384,1.03954,1.0,1.0,11.267753,13.73194,,,True,False,False,0.0010986328125,0.1322157328006013,
ogbn-products,Dense Large-Scale,False,NVIDIA GeForce RTX 4090,12.1,0,50,200,10,2449029,2449029,123718152,64,50.517226,1.898461,17481,RODE_ENHANCED,24.062043,49.114884,24.117824,73.232708,25.41136,26.083645,25.075737,25.091517,1.056077,0.356175,1.042128,0.342627,11.267753,13.73194,,,True,False,False,0.00030517578125,0.1322157328006013,
ogbn-products,Dense Large-Scale,False,NVIDIA GeForce RTX 4090,12.1,0,50,200,10,2449029,2449029,123718152,64,50.517226,1.898461,17481,ZERO_OVERHEAD_CSR,23.449548,26.049281,23.473539,49.52282,25.41136,26.083645,25.075737,25.091517,1.083661,0.5267,1.069348,0.506666,11.267753,13.73194,,,True,False,False,0.00030517578125,0.1322157328006013,
ogbn-products,Dense Large-Scale,False,NVIDIA GeForce RTX 4090,12.1,0,50,200,10,2449029,2449029,123718152,64,50.517226,1.898461,17481,TC_DIRECT,13.664481,1542.79883,13.951869,1556.750699,25.41136,26.083645,25.075737,25.091517,1.859665,0.016755,1.835104,0.016118,11.267753,13.73194,0.824602,0.008821,True,False,False,0.07612991333007812,1.322157328006013,
ogbn-products,Dense Large-Scale,False,NVIDIA GeForce RTX 4090,12.1,0,50,200,10,2449029,2449029,123718152,64,50.517226,1.898461,17481,COMMUNITY_TC,8.780052,1785.593262,8.842688,1794.43595,25.41136,26.083645,25.075737,25.091517,2.894215,0.014536,2.855989,0.013983,11.267753,13.73194,1.283335,0.007653,True,False,False,0.07612991333007812,1.322157328006013,
ogbn-products,Dense Large-Scale,False,NVIDIA GeForce RTX 4090,12.1,0,50,200,10,2449029,2449029,123718152,64,50.517226,1.898461,17481,SEGMENT_HYBRID,14.813542,1363.032814,14.897027,1377.929841,25.41136,26.083645,25.075737,25.091517,1.715414,0.01893,1.692758,0.01821,11.267753,13.73194,0.760639,0.009966,True,False,False,0.07616996765136719,1.322157328006013,
ogbn-products,Dense Large-Scale,False,NVIDIA GeForce RTX 4090,12.1,0,50,200,10,2449029,2449029,123718152,64,50.517226,1.898461,17481,TC_DIRECT_TF32,26.500034,1357.547429,26.586083,1384.133512,25.41136,26.083645,25.075737,25.091517,0.958918,0.018845,0.946253,0.018128,11.267753,13.73194,0.425198,0.009921,True,False,False,0.07588577270507812,1.322157328006013,
ogbn-products,Dense Large-Scale,False,NVIDIA GeForce RTX 4090,12.1,0,50,200,10,2449029,2449029,123718152,64,50.517226,1.898461,17481,COMMUNITY_TC_TF32,13.653453,1927.061541,13.727734,1940.789276,25.41136,26.083645,25.075737,25.091517,1.861167,0.01344,1.836586,0.012929,11.267753,13.73194,0.825268,0.007075,True,False,False,0.07588577270507812,1.322157328006013,
ogbn-products,Dense Large-Scale,False,NVIDIA GeForce RTX 4090,12.1,0,50,200,10,2449029,2449029,123718152,64,50.517226,1.898461,17481,SEGMENT_HYBRID_TF32,27.800493,1561.165126,27.890861,1589.055987,25.41136,26.083645,25.075737,25.091517,0.914061,0.016415,0.901989,0.01579,11.267753,13.73194,0.405308,0.008642,True,False,False,0.07592582702636719,1.322157328006013,
ogbn-products,Dense Large-Scale,False,NVIDIA GeForce RTX 4090,12.1,0,50,200,10,2449029,2449029,123718152,64,50.517226,1.898461,17481,CUSPARSE,25.41136,0.624936,25.458708,26.083645,25.41136,26.083645,25.075737,25.091517,1.0,1.0,0.986792,0.961964,11.267753,13.73194,,,True,False,False,0.0,0.0,
ogbn-products,Dense Large-Scale,False,NVIDIA GeForce RTX 4090,12.1,0,50,200,10,2449029,2449029,123718152,128,50.517226,1.898461,17481,CSR_DIRECT,57.258525,0.0,57.273177,57.273177,58.813324,60.148262,57.258525,57.273177,1.027154,1.050199,1.0,1.0,27.228125,31.367107,,,True,False,False,0.0020294189453125,0.1322157328006013,
ogbn-products,Dense Large-Scale,False,NVIDIA GeForce RTX 4090,12.1,0,50,200,10,2449029,2449029,123718152,128,50.517226,1.898461,17481,RODE_ENHANCED,57.009824,31.476617,57.057453,88.53407,58.813324,60.148262,57.258525,57.273177,1.031635,0.67938,1.004362,0.646906,27.228125,31.367107,,,True,False,False,0.000244140625,0.1322157328006013,
ogbn-products,Dense Large-Scale,False,NVIDIA GeForce RTX 4090,12.1,0,50,200,10,2449029,2449029,123718152,128,50.517226,1.898461,17481,ZERO_OVERHEAD_CSR,55.249185,20.443001,55.269437,75.712438,58.813324,60.148262,57.258525,57.273177,1.06451,0.79443,1.036369,0.756457,27.228125,31.367107,,,True,False,False,0.00025177001953125,0.1322157328006013,
ogbn-products,Dense Large-Scale,False,NVIDIA GeForce RTX 4090,12.1,0,50,200,10,2449029,2449029,123718152,128,50.517226,1.898461,17481,TC_DIRECT,27.328481,1359.872429,27.713226,1387.585655,58.813324,60.148262,57.258525,57.273177,2.152089,0.043347,2.095196,0.041275,27.228125,31.367107,0.996328,0.022606,True,False,False,0.06705856323242188,1.322157328006013,
ogbn-products,Dense Large-Scale,False,NVIDIA GeForce RTX 4090,12.1,0,50,200,10,2449029,2449029,123718152,128,50.517226,1.898461,17481,COMMUNITY_TC,17.599277,1845.984216,17.6809,1863.665115,58.813324,60.148262,57.258525,57.273177,3.341803,0.032274,3.253459,0.030731,27.228125,31.367107,1.547116,0.016831,True,False,False,0.06705856323242188,1.322157328006013,
ogbn-products,Dense Large-Scale,False,NVIDIA GeForce RTX 4090,12.1,0,50,200,10,2449029,2449029,123718152,128,50.517226,1.898461,17481,SEGMENT_HYBRID,29.732551,1592.861375,29.822125,1622.6835,58.813324,60.148262,57.258525,57.273177,1.978079,0.037067,1.925786,0.035295,27.228125,31.367107,0.915768,0.01933,True,False,False,0.06711959838867188,1.322157328006013,
ogbn-products,Dense Large-Scale,False,NVIDIA GeForce RTX 4090,12.1,0,50,200,10,2449029,2449029,123718152,128,50.517226,1.898461,17481,TC_DIRECT_TF32,52.876465,1356.563919,52.948764,1409.512683,58.813324,60.148262,57.258525,57.273177,1.112278,0.042673,1.082874,0.040633,27.228125,31.367107,0.514938,0.022254,True,False,False,0.06705856323242188,1.322157328006013,
ogbn-products,Dense Large-Scale,False,NVIDIA GeForce RTX 4090,12.1,0,50,200,10,2449029,2449029,123718152,128,50.517226,1.898461,17481,COMMUNITY_TC_TF32,27.292251,1787.360392,27.361568,1814.72196,58.813324,60.148262,57.258525,57.273177,2.154946,0.033145,2.097977,0.03156,27.228125,31.367107,0.99765,0.017285,True,False,False,0.06705856323242188,1.322157328006013,
ogbn-products,Dense Large-Scale,False,NVIDIA GeForce RTX 4090,12.1,0,50,200,10,2449029,2449029,123718152,128,50.517226,1.898461,17481,SEGMENT_HYBRID_TF32,55.643975,1361.377567,55.714448,1417.092015,58.813324,60.148262,57.258525,57.273177,1.056958,0.042445,1.029016,0.040416,27.228125,31.367107,0.489327,0.022135,True,False,False,0.06711959838867188,1.322157328006013,
ogbn-products,Dense Large-Scale,False,NVIDIA GeForce RTX 4090,12.1,0,50,200,10,2449029,2449029,123718152,128,50.517226,1.898461,17481,CUSPARSE,58.813324,1.280037,58.868225,60.148262,58.813324,60.148262,57.258525,57.273177,1.0,1.0,0.973564,0.9522,27.228125,31.367107,,,True,False,False,0.0,0.0,
ogbn-proteins,Dense Large-Scale,False,NVIDIA GeForce RTX 4090,12.1,0,50,200,10,132534,132534,79122504,64,596.997782,1.041,7750,CSR_DIRECT,4.294568,0.0,4.306474,4.306474,4.656466,5.026277,4.294568,4.306474,1.084269,1.167144,1.0,1.0,3.717504,4.296444,,,True,False,False,0.0009307861328125,0.08803408430829505,
ogbn-proteins,Dense Large-Scale,False,NVIDIA GeForce RTX 4090,12.1,0,50,200,10,132534,132534,79122504,64,596.997782,1.041,7750,RODE_ENHANCED,4.456965,4.68098,4.401453,9.082433,4.656466,5.026277,4.294568,4.306474,1.044762,0.553406,0.963563,0.474154,3.717504,4.296444,,,True,False,False,0.0001678466796875,0.08803408430829505,
ogbn-proteins,Dense Large-Scale,False,NVIDIA GeForce RTX 4090,12.1,0,50,200,10,132534,132534,79122504,64,596.997782,1.041,7750,ZERO_OVERHEAD_CSR,4.460918,2.65741,4.400576,7.057986,4.656466,5.026277,4.294568,4.306474,1.043836,0.71214,0.96271,0.610156,3.717504,4.296444,,,True,False,False,0.0001678466796875,0.08803408430829505,
ogbn-proteins,Dense Large-Scale,False,NVIDIA GeForce RTX 4090,12.1,0,50,200,10,132534,132534,79122504,64,596.997782,1.041,7750,TC_DIRECT,2.181222,1150.685179,2.366426,1153.051605,4.656466,5.026277,4.294568,4.306474,2.134797,0.004359,1.968881,0.003735,3.717504,4.296444,1.704321,0.003726,True,False,False,0.05694580078125,0.8803408430829506,
ogbn-proteins,Dense Large-Scale,False,NVIDIA GeForce RTX 4090,12.1,0,50,200,10,132534,132534,79122504,64,596.997782,1.041,7750,COMMUNITY_TC,1.790269,966.512283,2.076246,968.58853,4.656466,5.026277,4.294568,4.306474,2.600986,0.005189,2.398839,0.004446,3.717504,4.296444,2.076505,0.004436,True,False,False,0.05694580078125,0.8803408430829506,
ogbn-proteins,Dense Large-Scale,False,NVIDIA GeForce RTX 4090,12.1,0,50,200,10,132534,132534,79122504,64,596.997782,1.041,7750,SEGMENT_HYBRID,2.423403,1025.013195,2.608982,1027.622177,4.656466,5.026277,4.294568,4.306474,1.921457,0.004891,1.772123,0.004191,3.717504,4.296444,1.534001,0.004181,True,False,False,0.0569305419921875,0.8803408430829506,
ogbn-proteins,Dense Large-Scale,False,NVIDIA GeForce RTX 4090,12.1,0,50,200,10,132534,132534,79122504,64,596.997782,1.041,7750,TC_DIRECT_TF32,3.356534,1067.755382,3.331437,1071.086819,4.656466,5.026277,4.294568,4.306474,1.387284,0.004693,1.279465,0.004021,3.717504,4.296444,1.107543,0.004011,True,False,False,0.05889892578125,0.8803408430829506,
ogbn-proteins,Dense Large-Scale,False,NVIDIA GeForce RTX 4090,12.1,0,50,200,10,132534,132534,79122504,64,596.997782,1.041,7750,COMMUNITY_TC_TF32,2.69503,925.894203,2.794656,928.688859,4.656466,5.026277,4.294568,4.306474,1.727798,0.005412,1.593514,0.004637,3.717504,4.296444,1.379392,0.004626,True,False,False,0.05889892578125,0.8803408430829506,
ogbn-proteins,Dense Large-Scale,False,NVIDIA GeForce RTX 4090,12.1,0,50,200,10,132534,132534,79122504,64,596.997782,1.041,7750,SEGMENT_HYBRID_TF32,3.600999,1117.497848,3.840288,1121.338137,4.656466,5.026277,4.294568,4.306474,1.293104,0.004482,1.192605,0.00384,3.717504,4.296444,1.032354,0.003832,True,False,False,0.0588836669921875,0.8803408430829506,
ogbn-proteins,Dense Large-Scale,False,NVIDIA GeForce RTX 4090,12.1,0,50,200,10,132534,132534,79122504,64,596.997782,1.041,7750,CUSPARSE,4.656466,0.407329,4.618947,5.026277,4.656466,5.026277,4.294568,4.306474,1.0,1.0,0.922281,0.856792,3.717504,4.296444,,,True,False,False,0.0,0.0,
ogbn-proteins,Dense Large-Scale,False,NVIDIA GeForce RTX 4090,12.1,0,50,200,10,132534,132534,79122504,128,596.997782,1.041,7750,CSR_DIRECT,7.884529,0.0,7.878701,7.878701,8.559958,8.917039,7.884529,7.878701,1.085665,1.131791,1.0,1.0,5.125571,5.767629,,,True,False,False,0.0007476806640625,0.08803408430829505,
ogbn-proteins,Dense Large-Scale,False,NVIDIA GeForce RTX 4090,12.1,0,50,200,10,132534,132534,79122504,128,596.997782,1.041,7750,RODE_ENHANCED,8.430485,6.92061,8.469792,15.390402,8.559958,8.917039,7.884529,7.878701,1.015358,0.57939,0.93524,0.511923,5.125571,5.767629,,,True,False,False,0.000244140625,0.08803408430829505,
ogbn-proteins,Dense Large-Scale,False,NVIDIA GeForce RTX 4090,12.1,0,50,200,10,132534,132534,79122504,128,596.997782,1.041,7750,ZERO_OVERHEAD_CSR,8.444478,3.932685,8.477933,12.410618,8.559958,8.917039,7.884529,7.878701,1.013675,0.718501,0.933691,0.634836,5.125571,5.767629,,,True,False,False,0.000244140625,0.08803408430829505,
ogbn-proteins,Dense Large-Scale,False,NVIDIA GeForce RTX 4090,12.1,0,50,200,10,132534,132534,79122504,128,596.997782,1.041,7750,TC_DIRECT,4.284815,1161.132733,4.407821,1165.540554,8.559958,8.917039,7.884529,7.878701,1.997743,0.007651,1.840109,0.00676,5.125571,5.767629,1.196217,0.004948,True,False,False,0.061065673828125,0.8803408430829506,
ogbn-proteins,Dense Large-Scale,False,NVIDIA GeForce RTX 4090,12.1,0,50,200,10,132534,132534,79122504,128,596.997782,1.041,7750,COMMUNITY_TC,3.408415,1017.184629,3.639571,1020.8242,8.559958,8.917039,7.884529,7.878701,2.511419,0.008735,2.313254,0.007718,5.125571,5.767629,1.503799,0.00565,True,False,False,0.061065673828125,0.8803408430829506,
ogbn-proteins,Dense Large-Scale,False,NVIDIA GeForce RTX 4090,12.1,0,50,200,10,132534,132534,79122504,128,596.997782,1.041,7750,SEGMENT_HYBRID,4.81709,1079.694655,4.886448,1084.581103,8.559958,8.917039,7.884529,7.878701,1.776998,0.008222,1.636782,0.007264,5.125571,5.767629,1.064039,0.005318,True,False,False,0.06108856201171875,0.8803408430829506,
ogbn-proteins,Dense Large-Scale,False,NVIDIA GeForce RTX 4090,12.1,0,50,200,10,132534,132534,79122504,128,596.997782,1.041,7750,TC_DIRECT_TF32,6.824371,1033.347744,6.731504,1040.079248,8.559958,8.917039,7.884529,7.878701,1.254322,0.008573,1.155349,0.007575,5.125571,5.767629,0.751069,0.005545,True,False,False,0.061065673828125,0.8803408430829506,
ogbn-proteins,Dense Large-Scale,False,NVIDIA GeForce RTX 4090,12.1,0,50,200,10,132534,132534,79122504,128,596.997782,1.041,7750,COMMUNITY_TC_TF32,5.331102,927.219917,5.384704,932.604621,8.559958,8.917039,7.884529,7.878701,1.605664,0.009561,1.478968,0.008448,5.125571,5.767629,0.961447,0.006184,True,False,False,0.061065673828125,0.8803408430829506,
ogbn-proteins,Dense Large-Scale,False,NVIDIA GeForce RTX 4090,12.1,0,50,200,10,132534,132534,79122504,128,596.997782,1.041,7750,SEGMENT_HYBRID_TF32,7.303049,1043.189729,7.439917,1050.629646,8.559958,8.917039,7.884529,7.878701,1.172108,0.008487,1.079622,0.007499,5.125571,5.767629,0.70184,0.00549,True,False,False,0.06108856201171875,0.8803408430829506,
ogbn-proteins,Dense Large-Scale,False,NVIDIA GeForce RTX 4090,12.1,0,50,200,10,132534,132534,79122504,128,596.997782,1.041,7750,CUSPARSE,8.559958,0.309086,8.607952,8.917039,8.559958,8.917039,7.884529,7.878701,1.0,1.0,0.921094,0.883556,5.125571,5.767629,,,True,False,False,0.0,0.0,
roadNet-CA,Sparse Uniform,False,NVIDIA GeForce RTX 4090,12.1,0,50,200,10,1971281,1971281,5533214,64,2.806913,0.358144,12,CSR_DIRECT,1.155502,0.0,1.161002,1.161002,1.794125,2.346294,1.155502,1.161002,1.552681,2.020923,1.0,1.0,1.521976,2.916223,,,True,False,False,9.5367431640625e-07,0.0034641016151377543,
roadNet-CA,Sparse Uniform,False,NVIDIA GeForce RTX 4090,12.1,0,50,200,10,1971281,1971281,5533214,64,2.806913,0.358144,12,RODE_ENHANCED,2.225874,35.505013,2.276342,37.781355,1.794125,2.346294,1.155502,1.161002,0.806032,0.062102,0.519123,0.030729,1.521976,2.916223,,,True,False,False,9.5367431640625e-07,0.0034641016151377543,
roadNet-CA,Sparse Uniform,False,NVIDIA GeForce RTX 4090,12.1,0,50,200,10,1971281,1971281,5533214,64,2.806913,0.358144,12,ZERO_OVERHEAD_CSR,1.184666,7.234772,1.207574,8.442347,1.794125,2.346294,1.155502,1.161002,1.514457,0.27792,0.975382,0.137521,1.521976,2.916223,,,True,False,False,9.5367431640625e-07,0.0034641016151377543,
roadNet-CA,Sparse Uniform,False,NVIDIA GeForce RTX 4090,12.1,0,50,200,10,1971281,1971281,5533214,64,2.806913,0.358144,12,TC_DIRECT,1.770409,138.161565,2.15472,140.316285,1.794125,2.346294,1.155502,1.161002,1.013396,0.016721,0.652675,0.008274,1.521976,2.916223,0.859675,0.020783,True,False,False,0.0033080577850341797,0.034641016151377546,
roadNet-CA,Sparse Uniform,False,NVIDIA GeForce RTX 4090,12.1,0,50,200,10,1971281,1971281,5533214,64,2.806913,0.358144,12,COMMUNITY_TC,2.296868,239.779632,2.397709,242.177341,1.794125,2.346294,1.155502,1.161002,0.781118,0.009688,0.503077,0.004794,1.521976,2.916223,0.662631,0.012042,True,False,False,0.0033080577850341797,0.034641016151377546,
roadNet-CA,Sparse Uniform,False,NVIDIA GeForce RTX 4090,12.1,0,50,200,10,1971281,1971281,5533214,64,2.806913,0.358144,12,SEGMENT_HYBRID,2.303626,140.62884,2.416131,143.044971,1.794125,2.346294,1.155502,1.161002,0.778826,0.016402,0.501601,0.008116,1.521976,2.916223,0.660687,0.020387,True,False,False,0.0033080577850341797,0.034641016151377546,
roadNet-CA,Sparse Uniform,False,NVIDIA GeForce RTX 4090,12.1,0,50,200,10,1971281,1971281,5533214,64,2.806913,0.358144,12,TC_DIRECT_TF32,1.219835,140.143927,1.288106,141.432032,1.794125,2.346294,1.155502,1.161002,1.470793,0.01659,0.947261,0.008209,1.521976,2.916223,1.24769,0.020619,True,False,False,0.0033080577850341797,0.034641016151377546,
roadNet-CA,Sparse Uniform,False,NVIDIA GeForce RTX 4090,12.1,0,50,200,10,1971281,1971281,5533214,64,2.806913,0.358144,12,COMMUNITY_TC_TF32,1.740247,227.184669,1.843552,229.028222,1.794125,2.346294,1.155502,1.161002,1.03096,0.010245,0.663987,0.005069,1.521976,2.916223,0.874575,0.012733,True,False,False,0.0033080577850341797,0.034641016151377546,
roadNet-CA,Sparse Uniform,False,NVIDIA GeForce RTX 4090,12.1,0,50,200,10,1971281,1971281,5533214,64,2.806913,0.358144,12,SEGMENT_HYBRID_TF32,1.741532,139.830331,1.846227,141.676558,1.794125,2.346294,1.155502,1.161002,1.030199,0.016561,0.663497,0.008195,1.521976,2.916223,0.87393,0.020584,True,False,False,0.0033080577850341797,0.034641016151377546,
roadNet-CA,Sparse Uniform,False,NVIDIA GeForce RTX 4090,12.1,0,50,200,10,1971281,1971281,5533214,64,2.806913,0.358144,12,CUSPARSE,1.794125,0.52817,1.818125,2.346294,1.794125,2.346294,1.155502,1.161002,1.0,1.0,0.644047,0.494824,1.521976,2.916223,,,True,False,False,0.0,0.0,
roadNet-CA,Sparse Uniform,False,NVIDIA GeForce RTX 4090,12.1,0,50,200,10,1971281,1971281,5533214,128,2.806913,0.358144,12,CSR_DIRECT,2.260639,0.0,2.270122,2.270122,3.526011,4.600848,2.260639,2.270122,1.559741,2.026697,1.0,1.0,2.986562,5.714671,,,True,False,False,1.430511474609375e-06,0.0034641016151377543,
roadNet-CA,Sparse Uniform,False,NVIDIA GeForce RTX 4090,12.1,0,50,200,10,1971281,1971281,5533214,128,2.806913,0.358144,12,RODE_ENHANCED,4.388009,20.104466,4.429901,24.534367,3.526011,4.600848,2.260639,2.270122,0.803556,0.187527,0.515186,0.092528,2.986562,5.714671,,,True,False,False,1.430511474609375e-06,0.0034641016151377543,
roadNet-CA,Sparse Uniform,False,NVIDIA GeForce RTX 4090,12.1,0,50,200,10,1971281,1971281,5533214,128,2.806913,0.358144,12,ZERO_OVERHEAD_CSR,2.310953,6.757881,2.334067,9.091949,3.526011,4.600848,2.260639,2.270122,1.525782,0.506035,0.978228,0.249685,2.986562,5.714671,,,True,False,False,1.430511474609375e-06,0.0034641016151377543,
roadNet-CA,Sparse Uniform,False,NVIDIA GeForce RTX 4090,12.1,0,50,200,10,1971281,1971281,5533214,128,2.806913,0.358144,12,TC_DIRECT,3.631303,139.390749,4.039395,143.430144,3.526011,4.600848,2.260639,2.270122,0.971004,0.032077,0.622542,0.015827,2.986562,5.714671,0.822449,0.039843,True,False,False,0.0034356117248535156,0.034641016151377546,
roadNet-CA,Sparse Uniform,False,NVIDIA GeForce RTX 4090,12.1,0,50,200,10,1971281,1971281,5533214,128,2.806913,0.358144,12,COMMUNITY_TC,4.657705,257.571394,4.762541,262.333935,3.526011,4.600848,2.260639,2.270122,0.757027,0.017538,0.485355,0.008654,2.986562,5.714671,0.641209,0.021784,True,False,False,0.0034356117248535156,0.034641016151377546,
roadNet-CA,Sparse Uniform,False,NVIDIA GeForce RTX 4090,12.1,0,50,200,10,1971281,1971281,5533214,128,2.806913,0.358144,12,SEGMENT_HYBRID,4.625946,149.899669,4.740403,154.640072,3.526011,4.600848,2.260639,2.270122,0.762225,0.029752,0.488687,0.01468,2.986562,5.714671,0.645611,0.036955,True,False,False,0.0034356117248535156,0.034641016151377546,
roadNet-CA,Sparse Uniform,False,NVIDIA GeForce RTX 4090,12.1,0,50,200,10,1971281,1971281,5533214,128,2.806913,0.358144,12,TC_DIRECT_TF32,2.476682,139.428028,2.550275,141.978303,3.526011,4.600848,2.260639,2.270122,1.423683,0.032405,0.912769,0.015989,2.986562,5.714671,1.205872,0.04025,True,False,False,0.0034356117248535156,0.034641016151377546,
roadNet-CA,Sparse Uniform,False,NVIDIA GeForce RTX 4090,12.1,0,50,200,10,1971281,1971281,5533214,128,2.806913,0.358144,12,COMMUNITY_TC_TF32,3.524777,227.03677,3.618499,230.655269,3.526011,4.600848,2.260639,2.270122,1.00035,0.019947,0.641357,0.009842,2.986562,5.714671,0.847305,0.024776,True,False,False,0.0034356117248535156,0.034641016151377546,
roadNet-CA,Sparse Uniform,False,NVIDIA GeForce RTX 4090,12.1,0,50,200,10,1971281,1971281,5533214,128,2.806913,0.358144,12,SEGMENT_HYBRID_TF32,3.517855,139.117261,3.621549,142.73881,3.526011,4.600848,2.260639,2.270122,1.002318,0.032233,0.642619,0.015904,2.986562,5.714671,0.848973,0.040036,True,False,False,0.0034356117248535156,0.034641016151377546,
roadNet-CA,Sparse Uniform,False,NVIDIA GeForce RTX 4090,12.1,0,50,200,10,1971281,1971281,5533214,128,2.806913,0.358144,12,CUSPARSE,3.526011,1.046979,3.553869,4.600848,3.526011,4.600848,2.260639,2.270122,1.0,1.0,0.641132,0.493414,2.986562,5.714671,,,True,False,False,0.0,0.0,
roadNet-PA,Sparse Uniform,False,NVIDIA GeForce RTX 4090,12.1,0,50,200,10,1090920,1090920,3083796,64,2.826785,0.36288,9,CSR_DIRECT,0.641193,0.0,0.649315,0.649315,0.984709,1.415371,0.641193,0.649315,1.535745,2.179791,1.0,1.0,0.835256,1.621832,,,True,False,False,9.5367431640625e-07,0.003,
roadNet-PA,Sparse Uniform,False,NVIDIA GeForce RTX 4090,12.1,0,50,200,10,1090920,1090920,3083796,64,2.826785,0.36288,9,RODE_ENHANCED,1.238057,15.265006,1.279504,16.54451,0.984709,1.415371,0.641193,0.649315,0.795367,0.085549,0.517903,0.039247,0.835256,1.621832,,,True,False,False,9.5367431640625e-07,0.003,
roadNet-PA,Sparse Uniform,False,NVIDIA GeForce RTX 4090,12.1,0,50,200,10,1090920,1090920,3083796,64,2.826785,0.36288,9,ZERO_OVERHEAD_CSR,0.659144,4.150878,0.680006,4.830885,0.984709,1.415371,0.641193,0.649315,1.493922,0.292984,0.972767,0.134409,0.835256,1.621832,,,True,False,False,9.5367431640625e-07,0.003,
roadNet-PA,Sparse Uniform,False,NVIDIA GeForce RTX 4090,12.1,0,50,200,10,1090920,1090920,3083796,64,2.826785,0.36288,9,TC_DIRECT,0.979287,77.473677,1.359098,78.832775,0.984709,1.415371,0.641193,0.649315,1.005537,0.017954,0.654755,0.008237,0.835256,1.621832,0.852923,0.020573,True,False,False,0.003383159637451172,0.03,
roadNet-PA,Sparse Uniform,False,NVIDIA GeForce RTX 4090,12.1,0,50,200,10,1090920,1090920,3083796,64,2.826785,0.36288,9,COMMUNITY_TC,1.270866,127.632368,1.469219,129.101587,0.984709,1.415371,0.641193,0.649315,0.774833,0.010963,0.504532,0.005029,0.835256,1.621832,0.657234,0.012562,True,False,False,0.003383159637451172,0.03,
roadNet-PA,Sparse Uniform,False,NVIDIA GeForce RTX 4090,12.1,0,50,200,10,1090920,1090920,3083796,64,2.826785,0.36288,9,SEGMENT_HYBRID,1.276278,79.646265,1.476506,81.122771,0.984709,1.415371,0.641193,0.649315,0.771548,0.017447,0.502393,0.008004,0.835256,1.621832,0.654447,0.019992,True,False,False,0.003383159637451172,0.03,
roadNet-PA,Sparse Uniform,False,NVIDIA GeForce RTX 4090,12.1,0,50,200,10,1090920,1090920,3083796,64,2.826785,0.36288,9,TC_DIRECT_TF32,0.676547,77.633856,0.736419,78.370275,0.984709,1.415371,0.641193,0.649315,1.455493,0.01806,0.947744,0.008285,0.835256,1.621832,1.234588,0.020694,True,False,False,0.003383159637451172,0.03,
roadNet-PA,Sparse Uniform,False,NVIDIA GeForce RTX 4090,12.1,0,50,200,10,1090920,1090920,3083796,64,2.826785,0.36288,9,COMMUNITY_TC_TF32,0.966374,127.617103,1.074963,128.692066,0.984709,1.415371,0.641193,0.649315,1.018973,0.010998,0.663504,0.005045,0.835256,1.621832,0.86432,0.012602,True,False,False,0.003383159637451172,0.03,
roadNet-PA,Sparse Uniform,False,NVIDIA GeForce RTX 4090,12.1,0,50,200,10,1090920,1090920,3083796,64,2.826785,0.36288,9,SEGMENT_HYBRID_TF32,0.966461,78.605417,1.06209,79.667506,0.984709,1.415371,0.641193,0.649315,1.018881,0.017766,0.663444,0.00815,0.835256,1.621832,0.864242,0.020358,True,False,False,0.003383159637451172,0.03,
roadNet-PA,Sparse Uniform,False,NVIDIA GeForce RTX 4090,12.1,0,50,200,10,1090920,1090920,3083796,64,2.826785,0.36288,9,CUSPARSE,0.984709,0.410155,1.005216,1.415371,0.984709,1.415371,0.641193,0.649315,1.0,1.0,0.65115,0.45876,0.835256,1.621832,,,True,False,False,0.0,0.0,
roadNet-PA,Sparse Uniform,False,NVIDIA GeForce RTX 4090,12.1,0,50,200,10,1090920,1090920,3083796,128,2.826785,0.36288,9,CSR_DIRECT,1.250166,0.0,1.25776,1.25776,1.942968,2.577214,1.250166,1.25776,1.554168,2.04905,1.0,1.0,1.64652,3.17217,,,True,False,False,9.5367431640625e-07,0.003,
roadNet-PA,Sparse Uniform,False,NVIDIA GeForce RTX 4090,12.1,0,50,200,10,1090920,1090920,3083796,128,2.826785,0.36288,9,RODE_ENHANCED,2.42581,14.906944,2.467501,17.374445,1.942968,2.577214,1.250166,1.25776,0.800957,0.148334,0.51536,0.072391,1.64652,3.17217,,,True,False,False,9.5367431640625e-07,0.003,
roadNet-PA,Sparse Uniform,False,NVIDIA GeForce RTX 4090,12.1,0,50,200,10,1090920,1090920,3083796,128,2.826785,0.36288,9,ZERO_OVERHEAD_CSR,1.278694,4.41238,1.307917,5.720297,1.942968,2.577214,1.250166,1.25776,1.519494,0.450538,0.977689,0.219877,1.64652,3.17217,,,True,False,False,9.5367431640625e-07,0.003,
roadNet-PA,Sparse Uniform,False,NVIDIA GeForce RTX 4090,12.1,0,50,200,10,1090920,1090920,3083796,128,2.826785,0.36288,9,TC_DIRECT,2.009989,78.691395,2.328979,81.020375,1.942968,2.577214,1.250166,1.25776,0.966656,0.031809,0.621976,0.015524,1.64652,3.17217,0.819169,0.039153,True,False,False,0.0033850669860839844,0.03,
roadNet-PA,Sparse Uniform,False,NVIDIA GeForce RTX 4090,12.1,0,50,200,10,1090920,1090920,3083796,128,2.826785,0.36288,9,COMMUNITY_TC,2.577229,129.179886,2.677648,131.857534,1.942968,2.577214,1.250166,1.25776,0.753898,0.019545,0.485081,0.009539,1.64652,3.17217,0.638872,0.024058,True,False,False,0.0033850669860839844,0.03,
roadNet-PA,Sparse Uniform,False,NVIDIA GeForce RTX 4090,12.1,0,50,200,10,1090920,1090920,3083796,128,2.826785,0.36288,9,SEGMENT_HYBRID,2.562074,79.471052,2.660176,82.131229,1.942968,2.577214,1.250166,1.25776,0.758358,0.031379,0.487951,0.015314,1.64652,3.17217,0.642651,0.038623,True,False,False,0.0033850669860839844,0.03,
roadNet-PA,Sparse Uniform,False,NVIDIA GeForce RTX 4090,12.1,0,50,200,10,1090920,1090920,3083796,128,2.826785,0.36288,9,TC_DIRECT_TF32,1.373225,79.925115,1.431888,81.357003,1.942968,2.577214,1.250166,1.25776,1.414894,0.031678,0.910387,0.01546,1.64652,3.17217,1.199017,0.038991,True,False,False,0.0033850669860839844,0.03,
roadNet-PA,Sparse Uniform,False,NVIDIA GeForce RTX 4090,12.1,0,50,200,10,1090920,1090920,3083796,128,2.826785,0.36288,9,COMMUNITY_TC_TF32,1.953633,129.855837,2.046787,131.902624,1.942968,2.577214,1.250166,1.25776,0.994541,0.019539,0.639918,0.009536,1.64652,3.17217,0.842799,0.024049,True,False,False,0.0033850669860839844,0.03,
roadNet-PA,Sparse Uniform,False,NVIDIA GeForce RTX 4090,12.1,0,50,200,10,1090920,1090920,3083796,128,2.826785,0.36288,9,SEGMENT_HYBRID_TF32,1.949762,78.44486,2.048912,80.493772,1.942968,2.577214,1.250166,1.25776,0.996516,0.032018,0.641189,0.015626,1.64652,3.17217,0.844472,0.039409,True,False,False,0.0033850669860839844,0.03,
roadNet-PA,Sparse Uniform,False,NVIDIA GeForce RTX 4090,12.1,0,50,200,10,1090920,1090920,3083796,128,2.826785,0.36288,9,CUSPARSE,1.942968,0.61185,1.965363,2.577214,1.942968,2.577214,1.250166,1.25776,1.0,1.0,0.643431,0.488031,1.64652,3.17217,,,True,False,False,0.0,0.0,
roadNet-PA,Sparse Uniform,False,NVIDIA GeForce RTX 4090,12.1,0,50,200,10,1090920,1090920,3083796,256,2.826785,0.36288,9,CSR_DIRECT,2.486958,0.0,2.497741,2.497741,3.892705,5.080332,2.486958,2.497741,1.565248,2.033971,1.0,1.0,3.308175,6.306199,,,True,False,False,9.5367431640625e-07,0.003,
roadNet-PA,Sparse Uniform,False,NVIDIA GeForce RTX 4090,12.1,0,50,200,10,1090920,1090920,3083796,256,2.826785,0.36288,9,RODE_ENHANCED,4.820762,14.358627,4.856835,19.215462,3.892705,5.080332,2.486958,2.497741,0.807488,0.264388,0.515885,0.129986,3.308175,6.306199,,,True,False,False,9.5367431640625e-07,0.003,
roadNet-PA,Sparse Uniform,False,NVIDIA GeForce RTX 4090,12.1,0,50,200,10,1090920,1090920,3083796,256,2.826785,0.36288,9,ZERO_OVERHEAD_CSR,2.543703,3.94902,2.56745,6.51647,3.892705,5.080332,2.486958,2.497741,1.53033,0.779614,0.977692,0.383297,3.308175,6.306199,,,True,False,False,9.5367431640625e-07,0.003,
roadNet-PA,Sparse Uniform,False,NVIDIA GeForce RTX 4090,12.1,0,50,200,10,1090920,1090920,3083796,256,2.826785,0.36288,9,TC_DIRECT,4.191171,78.917152,4.647098,83.56425,3.892705,5.080332,2.486958,2.497741,0.928787,0.060796,0.59338,0.02989,3.308175,6.306199,0.78932,0.075465,True,False,False,0.003446623682975769,0.03,
roadNet-PA,Sparse Uniform,False,NVIDIA GeForce RTX 4090,12.1,0,50,200,10,1090920,1090920,3083796,256,2.826785,0.36288,9,COMMUNITY_TC,5.266196,130.752194,5.369024,136.121218,3.892705,5.080332,2.486958,2.497741,0.739187,0.037322,0.472249,0.018349,3.308175,6.306199,0.628191,0.046328,True,False,False,0.003446623682975769,0.03,
roadNet-PA,Sparse Uniform,False,NVIDIA GeForce RTX 4090,12.1,0,50,200,10,1090920,1090920,3083796,256,2.826785,0.36288,9,SEGMENT_HYBRID,5.265178,82.378148,5.367315,87.745464,3.892705,5.080332,2.486958,2.497741,0.73933,0.057899,0.472341,0.028466,3.308175,6.306199,0.628312,0.071869,True,False,False,0.003446623682975769,0.03,
roadNet-PA,Sparse Uniform,False,NVIDIA GeForce RTX 4090,12.1,0,50,200,10,1090920,1090920,3083796,256,2.826785,0.36288,9,TC_DIRECT_TF32,2.805765,78.890619,2.865146,81.755765,3.892705,5.080332,2.486958,2.497741,1.387395,0.06214,0.886374,0.030551,3.308175,6.306199,1.179063,0.077135,True,False,False,0.003446623682975769,0.03,
roadNet-PA,Sparse Uniform,False,NVIDIA GeForce RTX 4090,12.1,0,50,200,10,1090920,1090920,3083796,256,2.826785,0.36288,9,COMMUNITY_TC_TF32,3.94131,127.145191,4.030567,131.175757,3.892705,5.080332,2.486958,2.497741,0.987668,0.038729,0.630998,0.019041,3.308175,6.306199,0.839359,0.048074,True,False,False,0.003446623682975769,0.03,
roadNet-PA,Sparse Uniform,False,NVIDIA GeForce RTX 4090,12.1,0,50,200,10,1090920,1090920,3083796,256,2.826785,0.36288,9,SEGMENT_HYBRID_TF32,3.945363,78.785594,4.03569,82.821284,3.892705,5.080332,2.486958,2.497741,0.986653,0.061341,0.63035,0.030158,3.308175,6.306199,0.838497,0.076142,True,False,False,0.003446623682975769,0.03,
roadNet-PA,Sparse Uniform,False,NVIDIA GeForce RTX 4090,12.1,0,50,200,10,1090920,1090920,3083796,256,2.826785,0.36288,9,CUSPARSE,3.892705,1.162854,3.917478,5.080332,3.892705,5.080332,2.486958,2.497741,1.0,1.0,0.638876,0.491649,3.308175,6.306199,,,True,False,False,0.0,0.0,
roadNet-PA,Sparse Uniform,False,NVIDIA GeForce RTX 4090,12.1,0,50,200,10,1090920,1090920,3083796,512,2.826785,0.36288,9,CSR_DIRECT,5.044838,0.0,5.05431,5.05431,7.82867,10.186393,5.044838,5.05431,1.551818,2.015387,1.0,1.0,6.670346,12.639679,,,True,False,False,1.430511474609375e-06,0.003,
roadNet-PA,Sparse Uniform,False,NVIDIA GeForce RTX 4090,12.1,0,50,200,10,1090920,1090920,3083796,512,2.826785,0.36288,9,RODE_ENHANCED,9.705574,15.633306,9.750617,25.383923,7.82867,10.186393,5.044838,5.05431,0.806616,0.401293,0.519788,0.199115,6.670346,12.639679,,,True,False,False,1.430511474609375e-06,0.003,
roadNet-PA,Sparse Uniform,False,NVIDIA GeForce RTX 4090,12.1,0,50,200,10,1090920,1090920,3083796,512,2.826785,0.36288,9,ZERO_OVERHEAD_CSR,5.143276,4.331365,5.169661,9.501026,7.82867,10.186393,5.044838,5.05431,1.522117,1.072136,0.980861,0.531975,6.670346,12.639679,,,True,False,False,1.430511474609375e-06,0.003,
roadNet-PA,Sparse Uniform,False,NVIDIA GeForce RTX 4090,12.1,0,50,200,10,1090920,1090920,3083796,512,2.826785,0.36288,9,TC_DIRECT,8.506179,79.209774,8.875008,88.084782,7.82867,10.186393,5.044838,5.05431,0.920351,0.115643,0.593079,0.05738,6.670346,12.639679,0.784177,0.143494,True,False,False,0.003631591796875,0.03,
roadNet-PA,Sparse Uniform,False,NVIDIA GeForce RTX 4090,12.1,0,50,200,10,1090920,1090920,3083796,512,2.826785,0.36288,9,COMMUNITY_TC,10.682368,131.578603,10.791405,142.370008,7.82867,10.186393,5.044838,5.05431,0.732859,0.071549,0.472258,0.035501,6.670346,12.639679,0.624426,0.08878,True,False,False,0.003631591796875,0.03,
roadNet-PA,Sparse Uniform,False,NVIDIA GeForce RTX 4090,12.1,0,50,200,10,1090920,1090920,3083796,512,2.826785,0.36288,9,SEGMENT_HYBRID,10.662073,78.990675,10.781161,89.771837,7.82867,10.186393,5.044838,5.05431,0.734254,0.11347,0.473157,0.056302,6.670346,12.639679,0.625614,0.140798,True,False,False,0.003631591796875,0.03,
roadNet-PA,Sparse Uniform,False,NVIDIA GeForce RTX 4090,12.1,0,50,200,10,1090920,1090920,3083796,512,2.826785,0.36288,9,TC_DIRECT_TF32,5.644047,76.921337,5.708896,82.630233,7.82867,10.186393,5.044838,5.05431,1.387067,0.123277,0.893833,0.061168,6.670346,12.639679,1.181837,0.152967,True,False,False,0.003631591796875,0.03,
roadNet-PA,Sparse Uniform,False,NVIDIA GeForce RTX 4090,12.1,0,50,200,10,1090920,1090920,3083796,512,2.826785,0.36288,9,COMMUNITY_TC_TF32,7.918372,127.634227,8.025197,135.659423,7.82867,10.186393,5.044838,5.05431,0.988672,0.075088,0.637105,0.037257,6.670346,12.639679,0.842389,0.093172,True,False,False,0.003631591796875,0.03,
roadNet-PA,Sparse Uniform,False,NVIDIA GeForce RTX 4090,12.1,0,50,200,10,1090920,1090920,3083796,512,2.826785,0.36288,9,SEGMENT_HYBRID_TF32,7.931622,78.917135,8.048742,86.965877,7.82867,10.186393,5.044838,5.05431,0.98702,0.117131,0.636041,0.058118,6.670346,12.639679,0.840981,0.145341,True,False,False,0.003631591796875,0.03,
roadNet-PA,Sparse Uniform,False,NVIDIA GeForce RTX 4090,12.1,0,50,200,10,1090920,1090920,3083796,512,2.826785,0.36288,9,CUSPARSE,7.82867,2.328082,7.858311,10.186393,7.82867,10.186393,5.044838,5.05431,1.0,1.0,0.644406,0.496183,6.670346,12.639679,,,True,False,False,0.0,0.0,
roadNet-TX,Sparse Uniform,False,NVIDIA GeForce RTX 4090,12.1,0,50,200,10,1393383,1393383,3843320,64,2.758265,0.37597,12,CSR_DIRECT,0.814986,0.0,0.826128,0.826128,1.256776,1.690344,0.814986,0.826128,1.542082,2.046104,1.0,1.0,1.066798,2.06279,,,True,False,False,9.5367431640625e-07,0.0034641016151377543,
roadNet-TX,Sparse Uniform,False,NVIDIA GeForce RTX 4090,12.1,0,50,200,10,1393383,1393383,3843320,64,2.758265,0.37597,12,RODE_ENHANCED,1.568548,15.489825,1.60343,17.093255,1.256776,1.690344,0.814986,0.826128,0.801235,0.09889,0.51958,0.048331,1.066798,2.06279,,,True,False,False,9.5367431640625e-07,0.0034641016151377543,
roadNet-TX,Sparse Uniform,False,NVIDIA GeForce RTX 4090,12.1,0,50,200,10,1393383,1393383,3843320,64,2.758265,0.37597,12,ZERO_OVERHEAD_CSR,0.830182,5.045575,0.849021,5.894596,1.256776,1.690344,0.814986,0.826128,1.513855,0.286762,0.981695,0.14015,1.066798,2.06279,,,True,False,False,9.5367431640625e-07,0.0034641016151377543,
roadNet-TX,Sparse Uniform,False,NVIDIA GeForce RTX 4090,12.1,0,50,200,10,1393383,1393383,3843320,64,2.758265,0.37597,12,TC_DIRECT,1.249864,96.718811,1.626419,98.34523,1.256776,1.690344,0.814986,0.826128,1.00553,0.017188,0.65206,0.0084,1.066798,2.06279,0.853532,0.020975,True,False,False,0.0031828880310058594,0.034641016151377546,
roadNet-TX,Sparse Uniform,False,NVIDIA GeForce RTX 4090,12.1,0,50,200,10,1393383,1393383,3843320,64,2.758265,0.37597,12,COMMUNITY_TC,1.620828,166.515391,1.716586,168.231976,1.256776,1.690344,0.814986,0.826128,0.775391,0.010048,0.502821,0.004911,1.066798,2.06279,0.658181,0.012262,True,False,False,0.0031828880310058594,0.034641016151377546,
roadNet-TX,Sparse Uniform,False,NVIDIA GeForce RTX 4090,12.1,0,50,200,10,1393383,1393383,3843320,64,2.758265,0.37597,12,SEGMENT_HYBRID,1.627976,98.191116,1.830195,100.021312,1.256776,1.690344,0.814986,0.826128,0.771987,0.0169,0.500613,0.00826,1.066798,2.06279,0.655291,0.020624,True,False,False,0.0031828880310058594,0.034641016151377546,
roadNet-TX,Sparse Uniform,False,NVIDIA GeForce RTX 4090,12.1,0,50,200,10,1393383,1393383,3843320,64,2.758265,0.37597,12,TC_DIRECT_TF32,0.860872,98.94187,0.924416,99.866286,1.256776,1.690344,0.814986,0.826128,1.459887,0.016926,0.946699,0.008272,1.066798,2.06279,1.239207,0.020656,True,False,False,0.0031828880310058594,0.034641016151377546,
roadNet-TX,Sparse Uniform,False,NVIDIA GeForce RTX 4090,12.1,0,50,200,10,1393383,1393383,3843320,64,2.758265,0.37597,12,COMMUNITY_TC_TF32,1.228995,163.591051,1.33087,164.921921,1.256776,1.690344,0.814986,0.826128,1.022605,0.010249,0.663133,0.005009,1.066798,2.06279,0.868025,0.012508,True,False,False,0.0031828880310058594,0.034641016151377546,
roadNet-TX,Sparse Uniform,False,NVIDIA GeForce RTX 4090,12.1,0,50,200,10,1393383,1393383,3843320,64,2.758265,0.37597,12,SEGMENT_HYBRID_TF32,1.231304,97.503939,1.327651,98.83159,1.256776,1.690344,0.814986,0.826128,1.020687,0.017103,0.661889,0.008359,1.066798,2.06279,0.866397,0.020872,True,False,False,0.0031828880310058594,0.034641016151377546,
roadNet-TX,Sparse Uniform,False,NVIDIA GeForce RTX 4090,12.1,0,50,200,10,1393383,1393383,3843320,64,2.758265,0.37597,12,CUSPARSE,1.256776,0.410722,1.279622,1.690344,1.256776,1.690344,0.814986,0.826128,1.0,1.0,0.648474,0.488734,1.066798,2.06279,,,True,False,False,0.0,0.0,
roadNet-TX,Sparse Uniform,False,NVIDIA GeForce RTX 4090,12.1,0,50,200,10,1393383,1393383,3843320,128,2.758265,0.37597,12,CSR_DIRECT,1.589197,0.0,1.595763,1.595763,2.476396,3.246865,1.589197,1.595763,1.558269,2.034678,1.0,1.0,2.099297,4.029747,,,True,False,False,9.5367431640625e-07,0.0034641016151377543,
roadNet-TX,Sparse Uniform,False,NVIDIA GeForce RTX 4090,12.1,0,50,200,10,1393383,1393383,3843320,128,2.758265,0.37597,12,RODE_ENHANCED,3.090401,17.115141,3.122326,20.237467,2.476396,3.246865,1.589197,1.595763,0.801318,0.160438,0.514236,0.078852,2.099297,4.029747,,,True,False,False,9.5367431640625e-07,0.0034641016151377543,
roadNet-TX,Sparse Uniform,False,NVIDIA GeForce RTX 4090,12.1,0,50,200,10,1393383,1393383,3843320,128,2.758265,0.37597,12,ZERO_OVERHEAD_CSR,1.612913,5.323456,1.631379,6.954835,2.476396,3.246865,1.589197,1.595763,1.535356,0.46685,0.985296,0.229447,2.099297,4.029747,,,True,False,False,9.5367431640625e-07,0.0034641016151377543,
roadNet-TX,Sparse Uniform,False,NVIDIA GeForce RTX 4090,12.1,0,50,200,10,1393383,1393383,3843320,128,2.758265,0.37597,12,TC_DIRECT,2.565857,98.905927,2.897056,101.802983,2.476396,3.246865,1.589197,1.595763,0.965134,0.031894,0.619363,0.015675,2.099297,4.029747,0.818166,0.039584,True,False,False,0.0035247802734375,0.034641016151377546,
roadNet-TX,Sparse Uniform,False,NVIDIA GeForce RTX 4090,12.1,0,50,200,10,1393383,1393383,3843320,128,2.758265,0.37597,12,COMMUNITY_TC,3.288591,165.430076,3.384512,168.814588,2.476396,3.246865,1.589197,1.595763,0.753026,0.019233,0.483245,0.009453,2.099297,4.029747,0.638358,0.023871,True,False,False,0.0035247802734375,0.034641016151377546,
roadNet-TX,Sparse Uniform,False,NVIDIA GeForce RTX 4090,12.1,0,50,200,10,1393383,1393383,3843320,128,2.758265,0.37597,12,SEGMENT_HYBRID,3.269975,99.109674,3.368451,102.478126,2.476396,3.246865,1.589197,1.595763,0.757313,0.031683,0.485997,0.015572,2.099297,4.029747,0.641992,0.039323,True,False,False,0.0035247802734375,0.034641016151377546,
roadNet-TX,Sparse Uniform,False,NVIDIA GeForce RTX 4090,12.1,0,50,200,10,1393383,1393383,3843320,128,2.758265,0.37597,12,TC_DIRECT_TF32,1.748219,97.249898,1.808074,99.057971,2.476396,3.246865,1.589197,1.595763,1.416525,0.032777,0.909038,0.016109,2.099297,4.029747,1.200821,0.040681,True,False,False,0.0035247802734375,0.034641016151377546,
roadNet-TX,Sparse Uniform,False,NVIDIA GeForce RTX 4090,12.1,0,50,200,10,1393383,1393383,3843320,128,2.758265,0.37597,12,COMMUNITY_TC_TF32,2.487844,159.780961,2.577693,162.358653,2.476396,3.246865,1.589197,1.595763,0.995398,0.019998,0.638785,0.009829,2.099297,4.029747,0.843822,0.02482,True,False,False,0.0035247802734375,0.034641016151377546,
roadNet-TX,Sparse Uniform,False,NVIDIA GeForce RTX 4090,12.1,0,50,200,10,1393383,1393383,3843320,128,2.758265,0.37597,12,SEGMENT_HYBRID_TF32,2.484152,100.042728,2.581101,102.623829,2.476396,3.246865,1.589197,1.595763,0.996877,0.031639,0.639734,0.01555,2.099297,4.029747,0.845076,0.039267,True,False,False,0.0035247802734375,0.034641016151377546,
roadNet-TX,Sparse Uniform,False,NVIDIA GeForce RTX 4090,12.1,0,50,200,10,1393383,1393383,3843320,128,2.758265,0.37597,12,CUSPARSE,2.476396,0.744212,2.502653,3.246865,2.476396,3.246865,1.589197,1.595763,1.0,1.0,0.641738,0.491478,2.099297,4.029747,,,True,False,False,0.0,0.0,
soc-Pokec,Sparse Skewed,False,NVIDIA GeForce RTX 4090,12.1,0,50,200,10,1632803,1632803,30622564,64,18.754598,1.713785,8763,CSR_DIRECT,4.904223,0.0,4.907734,4.907734,5.174421,5.630581,4.904223,4.907734,1.055095,1.147287,1.0,1.0,2.695076,4.028912,,,True,False,False,0.00055694580078125,0.09361089680160105,
soc-Pokec,Sparse Skewed,False,NVIDIA GeForce RTX 4090,12.1,0,50,200,10,1632803,1632803,30622564,64,18.754598,1.713785,8763,RODE_ENHANCED,5.608264,19.683462,5.639472,25.322934,5.174421,5.630581,4.904223,4.907734,0.922642,0.222351,0.874464,0.193806,2.695076,4.028912,,,True,False,False,0.0001068115234375,0.09361089680160105,
soc-Pokec,Sparse Skewed,False,NVIDIA GeForce RTX 4090,12.1,0,50,200,10,1632803,1632803,30622564,64,18.754598,1.713785,8763,ZERO_OVERHEAD_CSR,4.815938,11.099784,4.833034,15.932817,5.174421,5.630581,4.904223,4.907734,1.074437,0.353395,1.018332,0.308027,2.695076,4.028912,,,True,False,False,0.0001220703125,0.09361089680160105,
soc-Pokec,Sparse Skewed,False,NVIDIA GeForce RTX 4090,12.1,0,50,200,10,1632803,1632803,30622564,64,18.754598,1.713785,8763,TC_DIRECT,3.227556,391.661004,3.44799,395.108994,5.174421,5.630581,4.904223,4.907734,1.603201,0.014251,1.519485,0.012421,2.695076,4.028912,0.835021,0.010197,True,False,False,0.05348062515258789,0.9361089680160105,
soc-Pokec,Sparse Skewed,False,NVIDIA GeForce RTX 4090,12.1,0,50,200,10,1632803,1632803,30622564,64,18.754598,1.713785,8763,COMMUNITY_TC,3.651476,631.314701,3.722762,635.037463,5.174421,5.630581,4.904223,4.907734,1.417076,0.008867,1.343079,0.007728,2.695076,4.028912,0.738078,0.006344,True,False,False,0.05348062515258789,0.9361089680160105,
soc-Pokec,Sparse Skewed,False,NVIDIA GeForce RTX 4090,12.1,0,50,200,10,1632803,1632803,30622564,64,18.754598,1.713785,8763,SEGMENT_HYBRID,3.694874,488.02875,4.336141,492.364891,5.174421,5.630581,4.904223,4.907734,1.400432,0.011436,1.327305,0.009968,2.695076,4.028912,0.72941,0.008183,True,False,False,0.05346250534057617,0.9361089680160105,
soc-Pokec,Sparse Skewed,False,NVIDIA GeForce RTX 4090,12.1,0,50,200,10,1632803,1632803,30622564,64,18.754598,1.713785,8763,TC_DIRECT_TF32,5.063152,483.298685,5.13296,488.431645,5.174421,5.630581,4.904223,4.907734,1.021976,0.011528,0.968611,0.010048,2.695076,4.028912,0.532292,0.008249,True,False,False,0.05299234390258789,0.9361089680160105,
soc-Pokec,Sparse Skewed,False,NVIDIA GeForce RTX 4090,12.1,0,50,200,10,1632803,1632803,30622564,64,18.754598,1.713785,8763,COMMUNITY_TC_TF32,5.425879,686.80342,5.50481,692.30823,5.174421,5.630581,4.904223,4.907734,0.953656,0.008133,0.903858,0.007089,2.695076,4.028912,0.496708,0.00582,True,False,False,0.05299234390258789,0.9361089680160105,
soc-Pokec,Sparse Skewed,False,NVIDIA GeForce RTX 4090,12.1,0,50,200,10,1632803,1632803,30622564,64,18.754598,1.713785,8763,SEGMENT_HYBRID_TF32,5.550577,485.708799,5.656918,491.365718,5.174421,5.630581,4.904223,4.907734,0.932231,0.011459,0.883552,0.009988,2.695076,4.028912,0.485549,0.008199,True,False,False,0.05297422409057617,0.9361089680160105,
soc-Pokec,Sparse Skewed,False,NVIDIA GeForce RTX 4090,12.1,0,50,200,10,1632803,1632803,30622564,64,18.754598,1.713785,8763,CUSPARSE,5.174421,0.425327,5.205255,5.630581,5.174421,5.630581,4.904223,4.907734,1.0,1.0,0.947782,0.871621,2.695076,4.028912,,,True,False,False,0.0,0.0,
soc-Pokec,Sparse Skewed,False,NVIDIA GeForce RTX 4090,12.1,0,50,200,10,1632803,1632803,30622564,128,18.754598,1.713785,8763,CSR_DIRECT,11.342566,0.0,11.351914,11.351914,12.463385,13.378856,11.342566,11.351914,1.098815,1.178555,1.0,1.0,6.246595,8.679761,,,True,False,False,0.0007781982421875,0.09361089680160105,
soc-Pokec,Sparse Skewed,False,NVIDIA GeForce RTX 4090,12.1,0,50,200,10,1632803,1632803,30622564,128,18.754598,1.713785,8763,RODE_ENHANCED,13.283492,23.681589,13.341402,37.02299,12.463385,13.378856,11.342566,11.351914,0.938261,0.361366,0.853884,0.306618,6.246595,8.679761,,,True,False,False,0.000244140625,0.09361089680160105,
soc-Pokec,Sparse Skewed,False,NVIDIA GeForce RTX 4090,12.1,0,50,200,10,1632803,1632803,30622564,128,18.754598,1.713785,8763,ZERO_OVERHEAD_CSR,11.650442,15.816133,11.682845,27.498978,12.463385,13.378856,11.342566,11.351914,1.069778,0.486522,0.973574,0.412812,6.246595,8.679761,,,True,False,False,0.000274658203125,0.09361089680160105,
soc-Pokec,Sparse Skewed,False,NVIDIA GeForce RTX 4090,12.1,0,50,200,10,1632803,1632803,30622564,128,18.754598,1.713785,8763,TC_DIRECT,6.561556,463.32804,6.845098,470.173137,12.463385,13.378856,11.342566,11.351914,1.899456,0.028455,1.72864,0.024144,6.246595,8.679761,0.951999,0.018461,True,False,False,0.06110382080078125,0.9361089680160105,
soc-Pokec,Sparse Skewed,False,NVIDIA GeForce RTX 4090,12.1,0,50,200,10,1632803,1632803,30622564,128,18.754598,1.713785,8763,COMMUNITY_TC,7.403136,571.269828,7.45607,578.725899,12.463385,13.378856,11.342566,11.351914,1.683528,0.023118,1.53213,0.019615,6.246595,8.679761,0.843777,0.014998,True,False,False,0.0611114501953125,0.9361089680160105,
soc-Pokec,Sparse Skewed,False,NVIDIA GeForce RTX 4090,12.1,0,50,200,10,1632803,1632803,30622564,128,18.754598,1.713785,8763,SEGMENT_HYBRID,7.480305,494.798927,7.577178,502.376104,12.463385,13.378856,11.342566,11.351914,1.66616,0.026631,1.516324,0.022596,6.246595,8.679761,0.835072,0.017277,True,False,False,0.06113433837890625,0.9361089680160105,
soc-Pokec,Sparse Skewed,False,NVIDIA GeForce RTX 4090,12.1,0,50,200,10,1632803,1632803,30622564,128,18.754598,1.713785,8763,TC_DIRECT_TF32,10.141686,489.655624,10.204758,499.860383,12.463385,13.378856,11.342566,11.351914,1.228926,0.026765,1.11841,0.02271,6.246595,8.679761,0.615933,0.017364,True,False,False,0.06110382080078125,0.9361089680160105,
soc-Pokec,Sparse Skewed,False,NVIDIA GeForce RTX 4090,12.1,0,50,200,10,1632803,1632803,30622564,128,18.754598,1.713785,8763,COMMUNITY_TC_TF32,10.851482,701.53283,10.928231,712.461061,12.463385,13.378856,11.342566,11.351914,1.148542,0.018778,1.045255,0.015933,6.246595,8.679761,0.575644,0.012183,True,False,False,0.06110382080078125,0.9361089680160105,
soc-Pokec,Sparse Skewed,False,NVIDIA GeForce RTX 4090,12.1,0,50,200,10,1632803,1632803,30622564,128,18.754598,1.713785,8763,SEGMENT_HYBRID_TF32,11.106534,494.721525,11.211501,505.933025,12.463385,13.378856,11.342566,11.351914,1.122167,0.026444,1.021252,0.022438,6.246595,8.679761,0.562425,0.017156,True,False,False,0.06113433837890625,0.9361089680160105,
soc-Pokec,Sparse Skewed,False,NVIDIA GeForce RTX 4090,12.1,0,50,200,10,1632803,1632803,30622564,128,18.754598,1.713785,8763,CUSPARSE,12.463385,0.885143,12.493712,13.378856,12.463385,13.378856,11.342566,11.351914,1.0,1.0,0.910071,0.848497,6.246595,8.679761,,,True,False,False,0.0,0.0,
soc-Pokec,Sparse Skewed,False,NVIDIA GeForce RTX 4090,12.1,0,50,200,10,1632803,1632803,30622564,256,18.754598,1.713785,8763,CSR_DIRECT,26.108108,0.0,26.121078,26.121078,24.901484,26.698727,26.108108,26.121078,0.953784,1.022114,1.0,1.0,12.496296,17.14447,,,True,False,False,0.000732421875,0.09361089680160105,
soc-Pokec,Sparse Skewed,False,NVIDIA GeForce RTX 4090,12.1,0,50,200,10,1632803,1632803,30622564,256,18.754598,1.713785,8763,RODE_ENHANCED,29.924377,15.265771,29.949811,45.215582,24.901484,26.698727,26.108108,26.121078,0.832147,0.590476,0.87247,0.577701,12.496296,17.14447,,,True,False,False,0.000152587890625,0.09361089680160105,
soc-Pokec,Sparse Skewed,False,NVIDIA GeForce RTX 4090,12.1,0,50,200,10,1632803,1632803,30622564,256,18.754598,1.713785,8763,ZERO_OVERHEAD_CSR,26.646855,11.031727,26.668983,37.700709,24.901484,26.698727,26.108108,26.121078,0.9345,0.708176,0.979782,0.692854,12.496296,17.14447,,,True,False,False,0.0001373291015625,0.09361089680160105,
soc-Pokec,Sparse Skewed,False,NVIDIA GeForce RTX 4090,12.1,0,50,200,10,1632803,1632803,30622564,256,18.754598,1.713785,8763,TC_DIRECT,13.340892,392.900443,13.595005,406.495448,24.901484,26.698727,26.108108,26.121078,1.866553,0.06568,1.956999,0.064259,12.496296,17.14447,0.936691,0.042176,True,False,False,0.060497283935546875,0.9361089680160105,
soc-Pokec,Sparse Skewed,False,NVIDIA GeForce RTX 4090,12.1,0,50,200,10,1632803,1632803,30622564,256,18.754598,1.713785,8763,COMMUNITY_TC,14.952853,588.524197,15.02871,603.552907,24.901484,26.698727,26.108108,26.121078,1.665333,0.044236,1.746029,0.043279,12.496296,17.14447,0.835713,0.028406,True,False,False,0.060497283935546875,0.9361089680160105,
soc-Pokec,Sparse Skewed,False,NVIDIA GeForce RTX 4090,12.1,0,50,200,10,1632803,1632803,30622564,256,18.754598,1.713785,8763,SEGMENT_HYBRID,15.211837,493.623014,15.342138,508.965151,24.901484,26.698727,26.108108,26.121078,1.636981,0.052457,1.716302,0.051322,12.496296,17.14447,0.821485,0.033685,True,False,False,0.060497283935546875,0.9361089680160105,
soc-Pokec,Sparse Skewed,False,NVIDIA GeForce RTX 4090,12.1,0,50,200,10,1632803,1632803,30622564,256,18.754598,1.713785,8763,TC_DIRECT_TF32,20.321106,471.302724,20.391757,491.694481,24.901484,26.698727,26.108108,26.121078,1.2254,0.054299,1.284778,0.053125,12.496296,17.14447,0.614942,0.034868,True,False,False,0.060497283935546875,0.9361089680160105,
soc-Pokec,Sparse Skewed,False,NVIDIA GeForce RTX 4090,12.1,0,50,200,10,1632803,1632803,30622564,256,18.754598,1.713785,8763,COMMUNITY_TC_TF32,21.708159,613.138562,21.793325,634.931886,24.901484,26.698727,26.108108,26.121078,1.147102,0.04205,1.202686,0.04114,12.496296,17.14447,0.57565,0.027002,True,False,False,0.060504913330078125,0.9361089680160105,
soc-Pokec,Sparse Skewed,False,NVIDIA GeForce RTX 4090,12.1,0,50,200,10,1632803,1632803,30622564,256,18.754598,1.713785,8763,SEGMENT_HYBRID_TF32,22.236611,490.342356,22.35544,512.697796,24.901484,26.698727,26.108108,26.121078,1.119842,0.052075,1.174105,0.050948,12.496296,17.14447,0.561969,0.03344,True,False,False,0.060497283935546875,0.9361089680160105,
soc-Pokec,Sparse Skewed,False,NVIDIA GeForce RTX 4090,12.1,0,50,200,10,1632803,1632803,30622564,256,18.754598,1.713785,8763,CUSPARSE,24.901484,1.762199,24.936527,26.698727,24.901484,26.698727,26.108108,26.121078,1.0,1.0,1.048456,0.978364,12.496296,17.14447,,,True,False,False,0.0,0.0,
synth_community_nc10,Community,True,NVIDIA GeForce RTX 4090,12.1,0,50,200,10,200000,200000,1089063,64,5.445315,0.419808,19,CSR_DIRECT,0.119521,0.0,0.124915,0.124915,0.172365,0.924016,0.119521,0.124915,1.442126,7.397148,1.0,1.0,0.118103,0.56825,,,True,False,False,1.430511474609375e-06,0.004358898943540674,
synth_community_nc10,Community,True,NVIDIA GeForce RTX 4090,12.1,0,50,200,10,200000,200000,1089063,64,5.445315,0.419808,19,RODE_ENHANCED,0.178514,2.37172,0.214589,2.586308,0.172365,0.924016,0.119521,0.124915,0.965554,0.357272,0.669535,0.048299,0.118103,0.56825,,,True,False,False,1.430511474609375e-06,0.004358898943540674,
synth_community_nc10,Community,True,NVIDIA GeForce RTX 4090,12.1,0,50,200,10,200000,200000,1089063,64,5.445315,0.419808,19,ZERO_OVERHEAD_CSR,0.143135,1.431579,0.161789,1.593368,0.172365,0.924016,0.119521,0.124915,1.204214,0.579914,0.835027,0.078397,0.118103,0.56825,,,True,False,False,1.430511474609375e-06,0.004358898943540674,
synth_community_nc10,Community,True,NVIDIA GeForce RTX 4090,12.1,0,50,200,10,200000,200000,1089063,64,5.445315,0.419808,19,TC_DIRECT,0.178974,18.178561,0.336998,18.515559,0.172365,0.924016,0.119521,0.124915,0.96307,0.049905,0.667813,0.006746,0.118103,0.56825,0.659888,0.03069,True,False,False,0.0035686492919921875,0.04358898943540675,
synth_community_nc10,Community,True,NVIDIA GeForce RTX 4090,12.1,0,50,200,10,200000,200000,1089063,64,5.445315,0.419808,19,COMMUNITY_TC,0.206868,26.344971,0.40175,26.746721,0.172365,0.924016,0.119521,0.124915,0.83321,0.034547,0.577765,0.00467,0.118103,0.56825,0.570909,0.021246,True,False,False,0.0035686492919921875,0.04358898943540675,
synth_community_nc10,Community,True,NVIDIA GeForce RTX 4090,12.1,0,50,200,10,200000,200000,1089063,64,5.445315,0.419808,19,SEGMENT_HYBRID,0.218675,19.065941,0.432557,19.498498,0.172365,0.924016,0.119521,0.124915,0.788223,0.047389,0.54657,0.006406,0.118103,0.56825,0.540084,0.029143,True,False,False,0.0035686492919921875,0.04358898943540675,
synth_community_nc10,Community,True,NVIDIA GeForce RTX 4090,12.1,0,50,200,10,200000,200000,1089063,64,5.445315,0.419808,19,TC_DIRECT_TF32,0.137185,21.813764,0.170285,21.984048,0.172365,0.924016,0.119521,0.124915,1.256438,0.042031,0.87124,0.005682,0.118103,0.56825,0.860902,0.025848,True,False,False,0.0035686492919921875,0.04358898943540675,
synth_community_nc10,Community,True,NVIDIA GeForce RTX 4090,12.1,0,50,200,10,200000,200000,1089063,64,5.445315,0.419808,19,COMMUNITY_TC_TF32,0.173199,32.369885,0.263792,32.633677,0.172365,0.924016,0.119521,0.124915,0.995181,0.028315,0.690079,0.003828,0.118103,0.56825,0.681891,0.017413,True,False,False,0.0035686492919921875,0.04358898943540675,
synth_community_nc10,Community,True,NVIDIA GeForce RTX 4090,12.1,0,50,200,10,200000,200000,1089063,64,5.445315,0.419808,19,SEGMENT_HYBRID_TF32,0.178289,21.100136,0.253546,21.353681,0.172365,0.924016,0.119521,0.124915,0.966774,0.043272,0.670381,0.00585,0.118103,0.56825,0.662426,0.026611,True,False,False,0.0035686492919921875,0.04358898943540675,
synth_community_nc10,Community,True,NVIDIA GeForce RTX 4090,12.1,0,50,200,10,200000,200000,1089063,64,5.445315,0.419808,19,CUSPARSE,0.172365,0.740919,0.183098,0.924016,0.172365,0.924016,0.119521,0.124915,1.0,1.0,0.69342,0.135187,0.118103,0.56825,,,True,False,False,0.0,0.0,
synth_community_nc10,Community,True,NVIDIA GeForce RTX 4090,12.1,0,50,200,10,200000,200000,1089063,128,5.445315,0.419808,19,CSR_DIRECT,0.25661,0.0,0.261677,0.261677,0.404895,0.827476,0.25661,0.261677,1.577863,3.162207,1.0,1.0,0.328714,0.744286,,,True,False,False,1.9073486328125e-06,0.004358898943540674,
synth_community_nc10,Community,True,NVIDIA GeForce RTX 4090,12.1,0,50,200,10,200000,200000,1089063,128,5.445315,0.419808,19,RODE_ENHANCED,0.461932,2.189804,0.496422,2.686227,0.404895,0.827476,0.25661,0.261677,0.876525,0.308044,0.555514,0.097414,0.328714,0.744286,,,True,False,False,1.9073486328125e-06,0.004358898943540674,
synth_community_nc10,Community,True,NVIDIA GeForce RTX 4090,12.1,0,50,200,10,200000,200000,1089063,128,5.445315,0.419808,19,ZERO_OVERHEAD_CSR,0.3266,1.425646,0.343914,1.76956,0.404895,0.827476,0.25661,0.261677,1.239728,0.467617,0.785701,0.147877,0.328714,0.744286,,,True,False,False,1.9073486328125e-06,0.004358898943540674,
synth_community_nc10,Community,True,NVIDIA GeForce RTX 4090,12.1,0,50,200,10,200000,200000,1089063,128,5.445315,0.419808,19,TC_DIRECT,0.392463,21.222814,0.649114,21.871927,0.404895,0.827476,0.25661,0.261677,1.031675,0.037833,0.653843,0.011964,0.328714,0.744286,0.837567,0.034029,True,False,False,0.003799915313720703,0.04358898943540675,
synth_community_nc10,Community,True,NVIDIA GeForce RTX 4090,12.1,0,50,200,10,200000,200000,1089063,128,5.445315,0.419808,19,COMMUNITY_TC,0.493322,33.171526,0.777206,33.948732,0.404895,0.827476,0.25661,0.261677,0.820751,0.024374,0.520166,0.007708,0.328714,0.744286,0.666328,0.021924,True,False,False,0.003799915313720703,0.04358898943540675,
synth_community_nc10,Community,True,NVIDIA GeForce RTX 4090,12.1,0,50,200,10,200000,200000,1089063,128,5.445315,0.419808,19,SEGMENT_HYBRID,0.494776,21.784366,0.695677,22.480043,0.404895,0.827476,0.25661,0.261677,0.818339,0.036809,0.518638,0.01164,0.328714,0.744286,0.664369,0.033109,True,False,False,0.003799915313720703,0.04358898943540675,
synth_community_nc10,Community,True,NVIDIA GeForce RTX 4090,12.1,0,50,200,10,200000,200000,1089063,128,5.445315,0.419808,19,TC_DIRECT_TF32,0.288748,20.73547,0.320301,21.05577,0.404895,0.827476,0.25661,0.261677,1.402245,0.039299,0.888699,0.012428,0.328714,0.744286,1.138414,0.035348,True,False,False,0.003799915313720703,0.04358898943540675,
synth_community_nc10,Community,True,NVIDIA GeForce RTX 4090,12.1,0,50,200,10,200000,200000,1089063,128,5.445315,0.419808,19,COMMUNITY_TC_TF32,0.403261,32.405998,0.47343,32.879428,0.404895,0.827476,0.25661,0.261677,1.00405,0.025167,0.636336,0.007959,0.328714,0.744286,0.815139,0.022637,True,False,False,0.003799915313720703,0.04358898943540675,
synth_community_nc10,Community,True,NVIDIA GeForce RTX 4090,12.1,0,50,200,10,200000,200000,1089063,128,5.445315,0.419808,19,SEGMENT_HYBRID_TF32,0.400323,22.555044,0.462426,23.01747,0.404895,0.827476,0.25661,0.261677,1.011421,0.03595,0.641007,0.011369,0.328714,0.744286,0.821123,0.032336,True,False,False,0.003799915313720703,0.04358898943540675,
synth_community_nc10,Community,True,NVIDIA GeForce RTX 4090,12.1,0,50,200,10,200000,200000,1089063,128,5.445315,0.419808,19,CUSPARSE,0.404895,0.399911,0.427565,0.827476,0.404895,0.827476,0.25661,0.261677,1.0,1.0,0.633769,0.316235,0.328714,0.744286,,,True,False,False,0.0,0.0,
synth_community_nc10,Community,True,NVIDIA GeForce RTX 4090,12.1,0,50,200,10,200000,200000,1089063,256,5.445315,0.419808,19,CSR_DIRECT,0.536469,0.0,0.541955,0.541955,0.799652,1.277275,0.536469,0.541955,1.490584,2.356791,1.0,1.0,0.649718,1.21435,,,True,False,False,1.9073486328125e-06,0.004358898943540674,
synth_community_nc10,Community,True,NVIDIA GeForce RTX 4090,12.1,0,50,200,10,200000,200000,1089063,256,5.445315,0.419808,19,RODE_ENHANCED,0.971131,2.447252,1.007408,3.45466,0.799652,1.277275,0.536469,0.541955,0.823423,0.369725,0.552416,0.156877,0.649718,1.21435,,,True,False,False,1.9073486328125e-06,0.004358898943540674,
synth_community_nc10,Community,True,NVIDIA GeForce RTX 4090,12.1,0,50,200,10,200000,200000,1089063,256,5.445315,0.419808,19,ZERO_OVERHEAD_CSR,0.671119,1.4292,0.693494,2.122695,0.799652,1.277275,0.536469,0.541955,1.19152,0.601723,0.799364,0.255315,0.649718,1.21435,,,True,False,False,1.9073486328125e-06,0.004358898943540674,
synth_community_nc10,Community,True,NVIDIA GeForce RTX 4090,12.1,0,50,200,10,200000,200000,1089063,256,5.445315,0.419808,19,TC_DIRECT,0.819256,21.048769,1.178006,22.226776,0.799652,1.277275,0.536469,0.541955,0.97607,0.057466,0.654824,0.024383,0.649718,1.21435,0.793058,0.054635,True,False,False,0.004354953765869141,0.04358898943540675,
synth_community_nc10,Community,True,NVIDIA GeForce RTX 4090,12.1,0,50,200,10,200000,200000,1089063,256,5.445315,0.419808,19,COMMUNITY_TC,1.029002,33.959084,1.122134,35.081219,0.799652,1.277275,0.536469,0.541955,0.777114,0.036409,0.521348,0.015449,0.649718,1.21435,0.631406,0.034615,True,False,False,0.004354953765869141,0.04358898943540675,
synth_community_nc10,Community,True,NVIDIA GeForce RTX 4090,12.1,0,50,200,10,200000,200000,1089063,256,5.445315,0.419808,19,SEGMENT_HYBRID,1.022019,21.821239,1.092605,22.913844,0.799652,1.277275,0.536469,0.541955,0.782424,0.055743,0.524911,0.023652,0.649718,1.21435,0.63572,0.052996,True,False,False,0.004354953765869141,0.04358898943540675,
synth_community_nc10,Community,True,NVIDIA GeForce RTX 4090,12.1,0,50,200,10,200000,200000,1089063,256,5.445315,0.419808,19,TC_DIRECT_TF32,0.582405,20.94087,0.613283,21.554153,0.799652,1.277275,0.536469,0.541955,1.373017,0.059259,0.921126,0.025144,0.649718,1.21435,1.115577,0.056339,True,False,False,0.004354000091552734,0.04358898943540675,
synth_community_nc10,Community,True,NVIDIA GeForce RTX 4090,12.1,0,50,200,10,200000,200000,1089063,256,5.445315,0.419808,19,COMMUNITY_TC_TF32,0.809252,32.522929,0.875379,33.398308,0.799652,1.277275,0.536469,0.541955,0.988137,0.038244,0.662919,0.016227,0.649718,1.21435,0.802862,0.03636,True,False,False,0.0043544769287109375,0.04358898943540675,
synth_community_nc10,Community,True,NVIDIA GeForce RTX 4090,12.1,0,50,200,10,200000,200000,1089063,256,5.445315,0.419808,19,SEGMENT_HYBRID_TF32,0.797537,21.548897,0.854992,22.403888,0.799652,1.277275,0.536469,0.541955,1.002651,0.057011,0.672657,0.02419,0.649718,1.21435,0.814655,0.054203,True,False,False,0.004354000091552734,0.04358898943540675,
synth_community_nc10,Community,True,NVIDIA GeForce RTX 4090,12.1,0,50,200,10,200000,200000,1089063,256,5.445315,0.419808,19,CUSPARSE,0.799652,0.455096,0.822179,1.277275,0.799652,1.277275,0.536469,0.541955,1.0,1.0,0.670878,0.424306,0.649718,1.21435,,,True,False,False,0.0,0.0,
synth_community_nc10,Community,True,NVIDIA GeForce RTX 4090,12.1,0,50,200,10,200000,200000,1089063,512,5.445315,0.419808,19,CSR_DIRECT,1.33398,0.0,1.340186,1.340186,1.588828,2.131889,1.33398,1.340186,1.191043,1.590741,1.0,1.0,1.297792,2.441251,,,True,False,False,1.430511474609375e-06,0.004358898943540674,
synth_community_nc10,Community,True,NVIDIA GeForce RTX 4090,12.1,0,50,200,10,200000,200000,1089063,512,5.445315,0.419808,19,RODE_ENHANCED,2.203228,2.391103,2.242368,4.633471,1.588828,2.131889,1.33398,1.340186,0.721136,0.460106,0.605466,0.28924,1.297792,2.441251,,,True,False,False,1.430511474609375e-06,0.004358898943540674,
synth_community_nc10,Community,True,NVIDIA GeForce RTX 4090,12.1,0,50,200,10,200000,200000,1089063,512,5.445315,0.419808,19,ZERO_OVERHEAD_CSR,1.442468,1.411793,1.46032,2.872113,1.588828,2.131889,1.33398,1.340186,1.101465,0.742272,0.92479,0.46662,1.297792,2.441251,,,True,False,False,1.430511474609375e-06,0.004358898943540674,
synth_community_nc10,Community,True,NVIDIA GeForce RTX 4090,12.1,0,50,200,10,200000,200000,1089063,512,5.445315,0.419808,19,TC_DIRECT,1.666852,21.378832,1.928486,23.307318,1.588828,2.131889,1.33398,1.340186,0.953191,0.091469,0.800299,0.057501,1.297792,2.441251,0.778589,0.104742,True,False,False,0.004500389099121094,0.04358898943540675,
synth_community_nc10,Community,True,NVIDIA GeForce RTX 4090,12.1,0,50,200,10,200000,200000,1089063,512,5.445315,0.419808,19,COMMUNITY_TC,2.088238,33.720597,2.145072,35.865669,1.588828,2.131889,1.33398,1.340186,0.760846,0.059441,0.638806,0.037367,1.297792,2.441251,0.621477,0.068067,True,False,False,0.004500329494476318,0.04358898943540675,
synth_community_nc10,Community,True,NVIDIA GeForce RTX 4090,12.1,0,50,200,10,200000,200000,1089063,512,5.445315,0.419808,19,SEGMENT_HYBRID,2.080102,21.959066,2.146602,24.105667,1.588828,2.131889,1.33398,1.340186,0.763822,0.088439,0.641305,0.055596,1.297792,2.441251,0.623908,0.101273,True,False,False,0.004500389099121094,0.04358898943540675,
synth_community_nc10,Community,True,NVIDIA GeForce RTX 4090,12.1,0,50,200,10,200000,200000,1089063,512,5.445315,0.419808,19,TC_DIRECT_TF32,1.169219,21.684519,1.20408,22.888599,1.588828,2.131889,1.33398,1.340186,1.35888,0.093142,1.140916,0.058553,1.297792,2.441251,1.109965,0.106658,True,False,False,0.004500389099121094,0.04358898943540675,
synth_community_nc10,Community,True,NVIDIA GeForce RTX 4090,12.1,0,50,200,10,200000,200000,1089063,512,5.445315,0.419808,19,COMMUNITY_TC_TF32,1.618698,33.087819,1.686275,34.774094,1.588828,2.131889,1.33398,1.340186,0.981547,0.061307,0.824107,0.03854,1.297792,2.441251,0.80175,0.070203,True,False,False,0.004500329494476318,0.04358898943540675,
synth_community_nc10,Community,True,NVIDIA GeForce RTX 4090,12.1,0,50,200,10,200000,200000,1089063,512,5.445315,0.419808,19,SEGMENT_HYBRID_TF32,1.59252,21.682337,1.648093,23.330429,1.588828,2.131889,1.33398,1.340186,0.997682,0.091378,0.837654,0.057444,1.297792,2.441251,0.81493,0.104638,True,False,False,0.004500389099121094,0.04358898943540675,
synth_community_nc10,Community,True,NVIDIA GeForce RTX 4090,12.1,0,50,200,10,200000,200000,1089063,512,5.445315,0.419808,19,CUSPARSE,1.588828,0.517463,1.614426,2.131889,1.588828,2.131889,1.33398,1.340186,1.0,1.0,0.8396,0.628638,1.297792,2.441251,,,True,False,False,0.0,0.0,
synth_community_nc100,Community,True,NVIDIA GeForce RTX 4090,12.1,0,50,200,10,200000,200000,1098420,64,5.4921,0.416288,18,CSR_DIRECT,0.120172,0.0,0.125034,0.125034,0.172831,0.625638,0.120172,0.125034,1.4382,5.003758,1.0,1.0,0.11775,0.565122,,,True,False,False,1.430511474609375e-06,0.004242640687119285,
synth_community_nc100,Community,True,NVIDIA GeForce RTX 4090,12.1,0,50,200,10,200000,200000,1098420,64,5.4921,0.416288,18,RODE_ENHANCED,0.171325,2.208734,0.201987,2.410722,0.172831,0.625638,0.120172,0.125034,1.008786,0.259523,0.701423,0.051866,0.11775,0.565122,,,True,False,False,1.430511474609375e-06,0.004242640687119285,
synth_community_nc100,Community,True,NVIDIA GeForce RTX 4090,12.1,0,50,200,10,200000,200000,1098420,64,5.4921,0.416288,18,ZERO_OVERHEAD_CSR,0.141824,1.386342,0.159325,1.545667,0.172831,0.625638,0.120172,0.125034,1.218628,0.404769,0.847329,0.080893,0.11775,0.565122,,,True,False,False,1.430511474609375e-06,0.004242640687119285,
synth_community_nc100,Community,True,NVIDIA GeForce RTX 4090,12.1,0,50,200,10,200000,200000,1098420,64,5.4921,0.416288,18,TC_DIRECT,0.178755,20.332709,0.454022,20.786731,0.172831,0.625638,0.120172,0.125034,0.96686,0.030098,0.672271,0.006015,0.11775,0.565122,0.658723,0.027187,True,False,False,0.0039034057408571243,0.04242640687119285,
synth_community_nc100,Community,True,NVIDIA GeForce RTX 4090,12.1,0,50,200,10,200000,200000,1098420,64,5.4921,0.416288,18,COMMUNITY_TC,0.207498,29.924195,0.531955,30.45615,0.172831,0.625638,0.120172,0.125034,0.832926,0.020542,0.579145,0.004105,0.11775,0.565122,0.567474,0.018555,True,False,False,0.003903524950146675,0.04242640687119285,
synth_community_nc100,Community,True,NVIDIA GeForce RTX 4090,12.1,0,50,200,10,200000,200000,1098420,64,5.4921,0.416288,18,SEGMENT_HYBRID,0.219822,20.450549,0.444922,20.89547,0.172831,0.625638,0.120172,0.125034,0.78623,0.029941,0.546676,0.005984,0.11775,0.565122,0.535659,0.027045,True,False,False,0.0039034057408571243,0.04242640687119285,
synth_community_nc100,Community,True,NVIDIA GeForce RTX 4090,12.1,0,50,200,10,200000,200000,1098420,64,5.4921,0.416288,18,TC_DIRECT_TF32,0.138066,19.895179,0.16281,20.057989,0.172831,0.625638,0.120172,0.125034,1.2518,0.031191,0.870393,0.006234,0.11775,0.565122,0.852853,0.028174,True,False,False,0.0039034057408571243,0.04242640687119285,
synth_community_nc100,Community,True,NVIDIA GeForce RTX 4090,12.1,0,50,200,10,200000,200000,1098420,64,5.4921,0.416288,18,COMMUNITY_TC_TF32,0.174126,31.456136,0.266528,31.722664,0.172831,0.625638,0.120172,0.125034,0.992561,0.019722,0.690141,0.003941,0.11775,0.565122,0.676233,0.017814,True,False,False,0.003903524950146675,0.04242640687119285,
synth_community_nc100,Community,True,NVIDIA GeForce RTX 4090,12.1,0,50,200,10,200000,200000,1098420,64,5.4921,0.416288,18,SEGMENT_HYBRID_TF32,0.17474,20.541198,0.246266,20.787464,0.172831,0.625638,0.120172,0.125034,0.989071,0.030097,0.687714,0.006015,0.11775,0.565122,0.673855,0.027186,True,False,False,0.0039034057408571243,0.04242640687119285,
synth_community_nc100,Community,True,NVIDIA GeForce RTX 4090,12.1,0,50,200,10,200000,200000,1098420,64,5.4921,0.416288,18,CUSPARSE,0.172831,0.447267,0.178371,0.625638,0.172831,0.625638,0.120172,0.125034,1.0,1.0,0.695313,0.19985,0.11775,0.565122,,,True,False,False,0.0,0.0,
synth_community_nc100,Community,True,NVIDIA GeForce RTX 4090,12.1,0,50,200,10,200000,200000,1098420,128,5.4921,0.416288,18,CSR_DIRECT,0.255805,0.0,0.26192,0.26192,0.404797,0.909724,0.255805,0.26192,1.582443,3.473291,1.0,1.0,0.328765,0.746716,,,True,False,False,1.9073486328125e-06,0.004242640687119285,
synth_community_nc100,Community,True,NVIDIA GeForce RTX 4090,12.1,0,50,200,10,200000,200000,1098420,128,5.4921,0.416288,18,RODE_ENHANCED,0.459049,2.117039,0.489152,2.606191,0.404797,0.909724,0.255805,0.26192,0.881818,0.349063,0.557251,0.100499,0.328765,0.746716,,,True,False,False,1.9073486328125e-06,0.004242640687119285,
synth_community_nc100,Community,True,NVIDIA GeForce RTX 4090,12.1,0,50,200,10,200000,200000,1098420,128,5.4921,0.416288,18,ZERO_OVERHEAD_CSR,0.324285,1.376181,0.340608,1.716789,0.404797,0.909724,0.255805,0.26192,1.248275,0.529899,0.788828,0.152564,0.328765,0.746716,,,True,False,False,1.9073486328125e-06,0.004242640687119285,
synth_community_nc100,Community,True,NVIDIA GeForce RTX 4090,12.1,0,50,200,10,200000,200000,1098420,128,5.4921,0.416288,18,TC_DIRECT,0.390881,20.178626,0.618445,20.797071,0.404797,0.909724,0.255805,0.26192,1.035602,0.043743,0.654433,0.012594,0.328765,0.746716,0.841088,0.035905,True,False,False,0.0038737058639526367,0.04242640687119285,
synth_community_nc100,Community,True,NVIDIA GeForce RTX 4090,12.1,0,50,200,10,200000,200000,1098420,128,5.4921,0.416288,18,COMMUNITY_TC,0.494039,29.637051,0.670688,30.307739,0.404797,0.909724,0.255805,0.26192,0.819363,0.030016,0.517784,0.008642,0.328765,0.746716,0.665465,0.024638,True,False,False,0.0038738250732421875,0.04242640687119285,
synth_community_nc100,Community,True,NVIDIA GeForce RTX 4090,12.1,0,50,200,10,200000,200000,1098420,128,5.4921,0.416288,18,SEGMENT_HYBRID,0.493778,20.481154,0.695712,21.176866,0.404797,0.909724,0.255805,0.26192,0.819796,0.042958,0.518057,0.012368,0.328765,0.746716,0.665816,0.035261,True,False,False,0.0038737058639526367,0.04242640687119285,
synth_community_nc100,Community,True,NVIDIA GeForce RTX 4090,12.1,0,50,200,10,200000,200000,1098420,128,5.4921,0.416288,18,TC_DIRECT_TF32,0.288056,20.071766,0.316019,20.387786,0.404797,0.909724,0.255805,0.26192,1.405272,0.044621,0.88804,0.012847,0.328765,0.746716,1.141324,0.036626,True,False,False,0.0038737058639526367,0.04242640687119285,
synth_community_nc100,Community,True,NVIDIA GeForce RTX 4090,12.1,0,50,200,10,200000,200000,1098420,128,5.4921,0.416288,18,COMMUNITY_TC_TF32,0.406615,30.179828,0.475526,30.655354,0.404797,0.909724,0.255805,0.26192,0.99553,0.029676,0.62911,0.008544,0.328765,0.746716,0.808542,0.024358,True,False,False,0.0038737058639526367,0.04242640687119285,
synth_community_nc100,Community,True,NVIDIA GeForce RTX 4090,12.1,0,50,200,10,200000,200000,1098420,128,5.4921,0.416288,18,SEGMENT_HYBRID_TF32,0.3985,20.469443,0.450541,20.919984,0.404797,0.909724,0.255805,0.26192,1.015803,0.043486,0.641921,0.01252,0.328765,0.746716,0.825008,0.035694,True,False,False,0.0038737058639526367,0.04242640687119285,
synth_community_nc100,Community,True,NVIDIA GeForce RTX 4090,12.1,0,50,200,10,200000,200000,1098420,128,5.4921,0.416288,18,CUSPARSE,0.404797,0.482524,0.4272,0.909724,0.404797,0.909724,0.255805,0.26192,1.0,1.0,0.631934,0.287911,0.328765,0.746716,,,True,False,False,0.0,0.0,
synth_community_nc100,Community,True,NVIDIA GeForce RTX 4090,12.1,0,50,200,10,200000,200000,1098420,256,5.4921,0.416288,18,CSR_DIRECT,0.531139,0.0,0.536067,0.536067,0.798295,1.311526,0.531139,0.536067,1.502988,2.44657,1.0,1.0,0.649564,1.217136,,,True,False,False,1.9073486328125e-06,0.004242640687119285,
synth_community_nc100,Community,True,NVIDIA GeForce RTX 4090,12.1,0,50,200,10,200000,200000,1098420,256,5.4921,0.416288,18,RODE_ENHANCED,0.963046,2.101801,0.995357,3.097158,0.798295,1.311526,0.531139,0.536067,0.828927,0.423461,0.551519,0.173084,0.649564,1.217136,,,True,False,False,1.9073486328125e-06,0.004242640687119285,
synth_community_nc100,Community,True,NVIDIA GeForce RTX 4090,12.1,0,50,200,10,200000,200000,1098420,256,5.4921,0.416288,18,ZERO_OVERHEAD_CSR,0.668508,1.365135,0.685674,2.050809,0.798295,1.311526,0.531139,0.536067,1.194144,0.639516,0.794513,0.261393,0.649564,1.217136,,,True,False,False,1.9073486328125e-06,0.004242640687119285,
synth_community_nc100,Community,True,NVIDIA GeForce RTX 4090,12.1,0,50,200,10,200000,200000,1098420,256,5.4921,0.416288,18,TC_DIRECT,0.818693,20.12767,1.10352,21.23119,0.798295,1.311526,0.531139,0.536067,0.975085,0.061774,0.648764,0.025249,0.649564,1.217136,0.793416,0.057328,True,False,False,0.0042994022369384766,0.04242640687119285,
synth_community_nc100,Community,True,NVIDIA GeForce RTX 4090,12.1,0,50,200,10,200000,200000,1098420,256,5.4921,0.416288,18,COMMUNITY_TC,1.02974,31.361995,1.124864,32.486859,0.798295,1.311526,0.531139,0.536067,0.77524,0.040371,0.515799,0.016501,0.649564,1.217136,0.630804,0.037465,True,False,False,0.0042994022369384766,0.04242640687119285,
synth_community_nc100,Community,True,NVIDIA GeForce RTX 4090,12.1,0,50,200,10,200000,200000,1098420,256,5.4921,0.416288,18,SEGMENT_HYBRID,1.02057,20.71176,1.167946,21.879705,0.798295,1.311526,0.531139,0.536067,0.782205,0.059943,0.520433,0.024501,0.649564,1.217136,0.636472,0.055629,True,False,False,0.0042994022369384766,0.04242640687119285,
synth_community_nc100,Community,True,NVIDIA GeForce RTX 4090,12.1,0,50,200,10,200000,200000,1098420,256,5.4921,0.416288,18,TC_DIRECT_TF32,0.581335,19.956707,0.609674,20.56638,0.798295,1.311526,0.531139,0.536067,1.37321,0.06377,0.913653,0.026065,0.649564,1.217136,1.117366,0.059181,True,False,False,0.0042994022369384766,0.04242640687119285,
synth_community_nc100,Community,True,NVIDIA GeForce RTX 4090,12.1,0,50,200,10,200000,200000,1098420,256,5.4921,0.416288,18,COMMUNITY_TC_TF32,0.813071,30.077253,0.875846,30.953099,0.798295,1.311526,0.531139,0.536067,0.981827,0.042371,0.65325,0.017319,0.649564,1.217136,0.798902,0.039322,True,False,False,0.0042994022369384766,0.04242640687119285,
synth_community_nc100,Community,True,NVIDIA GeForce RTX 4090,12.1,0,50,200,10,200000,200000,1098420,256,5.4921,0.416288,18,SEGMENT_HYBRID_TF32,0.796339,20.61224,0.847885,21.460125,0.798295,1.311526,0.531139,0.536067,1.002456,0.061115,0.666975,0.02498,0.649564,1.217136,0.815688,0.056716,True,False,False,0.0042994022369384766,0.04242640687119285,
synth_community_nc100,Community,True,NVIDIA GeForce RTX 4090,12.1,0,50,200,10,200000,200000,1098420,256,5.4921,0.416288,18,CUSPARSE,0.798295,0.491049,0.820477,1.311526,0.798295,1.311526,0.531139,0.536067,1.0,1.0,0.665341,0.408735,0.649564,1.217136,,,True,False,False,0.0,0.0,
synth_community_nc100,Community,True,NVIDIA GeForce RTX 4090,12.1,0,50,200,10,200000,200000,1098420,512,5.4921,0.416288,18,CSR_DIRECT,1.081917,0.0,1.094125,1.094125,1.587727,2.043554,1.081917,1.094125,1.467512,1.867752,1.0,1.0,1.297418,2.412426,,,True,False,False,1.9073486328125e-06,0.004242640687119285,
synth_community_nc100,Community,True,NVIDIA GeForce RTX 4090,12.1,0,50,200,10,200000,200000,1098420,512,5.4921,0.416288,18,RODE_ENHANCED,1.939866,2.117314,1.970707,4.088021,1.587727,2.043554,1.081917,1.094125,0.818473,0.499888,0.557728,0.267642,1.297418,2.412426,,,True,False,False,1.9073486328125e-06,0.004242640687119285,
synth_community_nc100,Community,True,NVIDIA GeForce RTX 4090,12.1,0,50,200,10,200000,200000,1098420,512,5.4921,0.416288,18,ZERO_OVERHEAD_CSR,1.350139,1.378093,1.367453,2.745546,1.587727,2.043554,1.081917,1.094125,1.175973,0.744316,0.801338,0.398509,1.297418,2.412426,,,True,False,False,1.9073486328125e-06,0.004242640687119285,
synth_community_nc100,Community,True,NVIDIA GeForce RTX 4090,12.1,0,50,200,10,200000,200000,1098420,512,5.4921,0.416288,18,TC_DIRECT,1.665014,27.558028,1.953267,29.511296,1.587727,2.043554,1.081917,1.094125,0.953582,0.069246,0.649795,0.037075,1.297418,2.412426,0.779224,0.081746,True,False,False,0.004232168197631836,0.04242640687119285,
synth_community_nc100,Community,True,NVIDIA GeForce RTX 4090,12.1,0,50,200,10,200000,200000,1098420,512,5.4921,0.416288,18,COMMUNITY_TC,2.088704,31.25432,2.143315,33.397635,1.587727,2.043554,1.081917,1.094125,0.760149,0.061189,0.517985,0.032761,1.297418,2.412426,0.621159,0.072233,True,False,False,0.004232168197631836,0.04242640687119285,
synth_community_nc100,Community,True,NVIDIA GeForce RTX 4090,12.1,0,50,200,10,200000,200000,1098420,512,5.4921,0.416288,18,SEGMENT_HYBRID,2.074081,21.603476,2.127872,23.731348,1.587727,2.043554,1.081917,1.094125,0.765509,0.086112,0.521637,0.046105,1.297418,2.412426,0.625539,0.101656,True,False,False,0.004232168197631836,0.04242640687119285,
synth_community_nc100,Community,True,NVIDIA GeForce RTX 4090,12.1,0,50,200,10,200000,200000,1098420,512,5.4921,0.416288,18,TC_DIRECT_TF32,1.169019,20.217141,1.198573,21.415714,1.587727,2.043554,1.081917,1.094125,1.358171,0.095423,0.925492,0.05109,1.297418,2.412426,1.109835,0.112647,True,False,False,0.004232168197631836,0.04242640687119285,
synth_community_nc100,Community,True,NVIDIA GeForce RTX 4090,12.1,0,50,200,10,200000,200000,1098420,512,5.4921,0.416288,18,COMMUNITY_TC_TF32,1.624755,31.126703,1.687552,32.814255,1.587727,2.043554,1.081917,1.094125,0.97721,0.062276,0.665896,0.033343,1.297418,2.412426,0.798531,0.073518,True,False,False,0.004232168197631836,0.04242640687119285,
synth_community_nc100,Community,True,NVIDIA GeForce RTX 4090,12.1,0,50,200,10,200000,200000,1098420,512,5.4921,0.416288,18,SEGMENT_HYBRID_TF32,1.591055,20.673711,1.643174,22.316885,1.587727,2.043554,1.081917,1.094125,0.997908,0.09157,0.68,0.049027,1.297418,2.412426,0.815445,0.108099,True,False,False,0.004232168197631836,0.04242640687119285,
synth_community_nc100,Community,True,NVIDIA GeForce RTX 4090,12.1,0,50,200,10,200000,200000,1098420,512,5.4921,0.416288,18,CUSPARSE,1.587727,0.430882,1.612672,2.043554,1.587727,2.043554,1.081917,1.094125,1.0,1.0,0.681425,0.535403,1.297418,2.412426,,,True,False,False,0.0,0.0,
synth_community_nc1000,Community,True,NVIDIA GeForce RTX 4090,12.1,0,50,200,10,200000,200000,1101854,64,5.50927,0.4118,17,CSR_DIRECT,0.12033,0.0,0.126045,0.126045,0.172815,0.576053,0.12033,0.126045,1.436176,4.570227,1.0,1.0,0.116372,0.582006,,,True,False,False,9.5367431640625e-07,0.00412310562561766,
synth_community_nc1000,Community,True,NVIDIA GeForce RTX 4090,12.1,0,50,200,10,200000,200000,1101854,64,5.50927,0.4118,17,RODE_ENHANCED,0.171392,2.177051,0.20608,2.383131,0.172815,0.576053,0.12033,0.126045,1.008305,0.241721,0.702076,0.05289,0.116372,0.582006,,,True,False,False,9.5367431640625e-07,0.00412310562561766,
synth_community_nc1000,Community,True,NVIDIA GeForce RTX 4090,12.1,0,50,200,10,200000,200000,1101854,64,5.50927,0.4118,17,ZERO_OVERHEAD_CSR,0.141435,1.337495,0.160051,1.497546,0.172815,0.576053,0.12033,0.126045,1.221872,0.384665,0.850782,0.084168,0.116372,0.582006,,,True,False,False,9.5367431640625e-07,0.00412310562561766,
synth_community_nc1000,Community,True,NVIDIA GeForce RTX 4090,12.1,0,50,200,10,200000,200000,1101854,64,5.50927,0.4118,17,TC_DIRECT,0.175872,21.334834,0.439683,21.774518,0.172815,0.576053,0.12033,0.126045,0.98262,0.026455,0.684192,0.005789,0.116372,0.582006,0.661687,0.026729,True,False,False,0.003605365753173828,0.0412310562561766,
synth_community_nc1000,Community,True,NVIDIA GeForce RTX 4090,12.1,0,50,200,10,200000,200000,1101854,64,5.50927,0.4118,17,COMMUNITY_TC,0.205071,34.584013,0.471027,35.05504,0.172815,0.576053,0.12033,0.126045,0.842708,0.016433,0.586773,0.003596,0.116372,0.582006,0.567472,0.016603,True,False,False,0.003605365753173828,0.0412310562561766,
synth_community_nc1000,Community,True,NVIDIA GeForce RTX 4090,12.1,0,50,200,10,200000,200000,1101854,64,5.50927,0.4118,17,SEGMENT_HYBRID,0.215572,21.417166,0.522669,21.939835,0.172815,0.576053,0.12033,0.126045,0.801658,0.026256,0.558189,0.005745,0.116372,0.582006,0.539828,0.026527,True,False,False,0.003605365753173828,0.0412310562561766,
synth_community_nc1000,Community,True,NVIDIA GeForce RTX 4090,12.1,0,50,200,10,200000,200000,1101854,64,5.50927,0.4118,17,TC_DIRECT_TF32,0.136269,20.921527,0.164445,21.085971,0.172815,0.576053,0.12033,0.126045,1.268195,0.027319,0.883036,0.005978,0.116372,0.582006,0.85399,0.027602,True,False,False,0.003605365753173828,0.0412310562561766,
synth_community_nc1000,Community,True,NVIDIA GeForce RTX 4090,12.1,0,50,200,10,200000,200000,1101854,64,5.50927,0.4118,17,COMMUNITY_TC_TF32,0.172216,29.238571,0.257302,29.495874,0.172815,0.576053,0.12033,0.126045,1.003482,0.01953,0.698718,0.004273,0.116372,0.582006,0.675735,0.019732,True,False,False,0.003605365753173828,0.0412310562561766,
synth_community_nc1000,Community,True,NVIDIA GeForce RTX 4090,12.1,0,50,200,10,200000,200000,1101854,64,5.50927,0.4118,17,SEGMENT_HYBRID_TF32,0.171684,21.371745,0.24585,21.617595,0.172815,0.576053,0.12033,0.126045,1.006591,0.026647,0.700883,0.005831,0.116372,0.582006,0.677828,0.026923,True,False,False,0.003605365753173828,0.0412310562561766,
synth_community_nc1000,Community,True,NVIDIA GeForce RTX 4090,12.1,0,50,200,10,200000,200000,1101854,64,5.50927,0.4118,17,CUSPARSE,0.172815,0.396764,0.17929,0.576053,0.172815,0.576053,0.12033,0.126045,1.0,1.0,0.696294,0.218808,0.116372,0.582006,,,True,False,False,0.0,0.0,
synth_community_nc1000,Community,True,NVIDIA GeForce RTX 4090,12.1,0,50,200,10,200000,200000,1101854,128,5.50927,0.4118,17,CSR_DIRECT,0.256317,0.0,0.262854,0.262854,0.404352,1.15001,0.256317,0.262854,1.577544,4.375083,1.0,1.0,0.32854,0.789158,,,True,False,False,1.430511474609375e-06,0.00412310562561766,
synth_community_nc1000,Community,True,NVIDIA GeForce RTX 4090,12.1,0,50,200,10,200000,200000,1101854,128,5.50927,0.4118,17,RODE_ENHANCED,0.459233,2.110774,0.489974,2.600748,0.404352,1.15001,0.256317,0.262854,0.880494,0.442184,0.558142,0.101069,0.32854,0.789158,,,True,False,False,1.430511474609375e-06,0.00412310562561766,
synth_community_nc1000,Community,True,NVIDIA GeForce RTX 4090,12.1,0,50,200,10,200000,200000,1101854,128,5.50927,0.4118,17,ZERO_OVERHEAD_CSR,0.323517,1.352596,0.339677,1.692273,0.404352,1.15001,0.256317,0.262854,1.249861,0.679565,0.792283,0.155326,0.32854,0.789158,,,True,False,False,1.430511474609375e-06,0.00412310562561766,
synth_community_nc1000,Community,True,NVIDIA GeForce RTX 4090,12.1,0,50,200,10,200000,200000,1101854,128,5.50927,0.4118,17,TC_DIRECT,0.387722,20.863146,0.621354,21.4845,0.404352,1.15001,0.256317,0.262854,1.042891,0.053527,0.661085,0.012235,0.32854,0.789158,0.84736,0.036732,True,False,False,0.003908872604370117,0.0412310562561766,
synth_community_nc1000,Community,True,NVIDIA GeForce RTX 4090,12.1,0,50,200,10,200000,200000,1101854,128,5.50927,0.4118,17,COMMUNITY_TC,0.491745,29.779461,0.683622,30.463083,0.404352,1.15001,0.256317,0.262854,0.822279,0.037751,0.52124,0.008629,0.32854,0.789158,0.66811,0.025905,True,False,False,0.003908991813659668,0.0412310562561766,
synth_community_nc1000,Community,True,NVIDIA GeForce RTX 4090,12.1,0,50,200,10,200000,200000,1101854,128,5.50927,0.4118,17,SEGMENT_HYBRID,0.490189,21.879216,0.669357,22.548573,0.404352,1.15001,0.256317,0.262854,0.82489,0.051001,0.522895,0.011657,0.32854,0.789158,0.670232,0.034998,True,False,False,0.003908872604370117,0.0412310562561766,
synth_community_nc1000,Community,True,NVIDIA GeForce RTX 4090,12.1,0,50,200,10,200000,200000,1101854,128,5.50927,0.4118,17,TC_DIRECT_TF32,0.285563,20.933187,0.313056,21.246243,0.404352,1.15001,0.256317,0.262854,1.415982,0.054128,0.897587,0.012372,0.32854,0.789158,1.1505,0.037143,True,False,False,0.003908872604370117,0.0412310562561766,
synth_community_nc1000,Community,True,NVIDIA GeForce RTX 4090,12.1,0,50,200,10,200000,200000,1101854,128,5.50927,0.4118,17,COMMUNITY_TC_TF32,0.404961,29.137425,0.468269,29.605694,0.404352,1.15001,0.256317,0.262854,0.998495,0.038844,0.632943,0.008879,0.32854,0.789158,0.811288,0.026656,True,False,False,0.003908991813659668,0.0412310562561766,
synth_community_nc1000,Community,True,NVIDIA GeForce RTX 4090,12.1,0,50,200,10,200000,200000,1101854,128,5.50927,0.4118,17,SEGMENT_HYBRID_TF32,0.395965,21.560198,0.455558,22.015756,0.404352,1.15001,0.256317,0.262854,1.02118,0.052236,0.647323,0.011939,0.32854,0.789158,0.829719,0.035845,True,False,False,0.003908872604370117,0.0412310562561766,
synth_community_nc1000,Community,True,NVIDIA GeForce RTX 4090,12.1,0,50,200,10,200000,200000,1101854,128,5.50927,0.4118,17,CUSPARSE,0.404352,0.723443,0.426566,1.15001,0.404352,1.15001,0.256317,0.262854,1.0,1.0,0.633897,0.228567,0.32854,0.789158,,,True,False,False,0.0,0.0,
synth_community_nc1000,Community,True,NVIDIA GeForce RTX 4090,12.1,0,50,200,10,200000,200000,1101854,256,5.50927,0.4118,17,CSR_DIRECT,0.531712,0.0,0.537347,0.537347,0.798761,1.223072,0.531712,0.537347,1.502244,2.276129,1.0,1.0,0.650486,1.217599,,,True,False,False,1.9073486328125e-06,0.00412310562561766,
synth_community_nc1000,Community,True,NVIDIA GeForce RTX 4090,12.1,0,50,200,10,200000,200000,1101854,256,5.50927,0.4118,17,RODE_ENHANCED,0.962524,2.177993,0.995226,3.173219,0.798761,1.223072,0.531712,0.537347,0.829861,0.385436,0.552414,0.169338,0.650486,1.217599,,,True,False,False,1.9073486328125e-06,0.00412310562561766,
synth_community_nc1000,Community,True,NVIDIA GeForce RTX 4090,12.1,0,50,200,10,200000,200000,1101854,256,5.50927,0.4118,17,ZERO_OVERHEAD_CSR,0.666173,1.349574,0.684803,2.034377,0.798761,1.223072,0.531712,0.537347,1.199029,0.601202,0.798158,0.264134,0.650486,1.217599,,,True,False,False,1.9073486328125e-06,0.00412310562561766,
synth_community_nc1000,Community,True,NVIDIA GeForce RTX 4090,12.1,0,50,200,10,200000,200000,1101854,256,5.50927,0.4118,17,TC_DIRECT,0.811689,22.095481,1.061434,23.156915,0.798761,1.223072,0.531712,0.537347,0.984073,0.052817,0.655069,0.023205,0.650486,1.217599,0.801398,0.05258,True,False,False,0.0038404464721679688,0.0412310562561766,
synth_community_nc1000,Community,True,NVIDIA GeForce RTX 4090,12.1,0,50,200,10,200000,200000,1101854,256,5.50927,0.4118,17,COMMUNITY_TC,1.025644,30.495032,1.112755,31.607787,0.798761,1.223072,0.531712,0.537347,0.77879,0.038695,0.518418,0.017,0.650486,1.217599,0.634222,0.038522,True,False,False,0.0038404464721679688,0.0412310562561766,
synth_community_nc1000,Community,True,NVIDIA GeForce RTX 4090,12.1,0,50,200,10,200000,200000,1101854,256,5.50927,0.4118,17,SEGMENT_HYBRID,1.014451,22.227824,1.08512,23.312944,0.798761,1.223072,0.531712,0.537347,0.787382,0.052463,0.524138,0.023049,0.650486,1.217599,0.641219,0.052228,True,False,False,0.0038404464721679688,0.0412310562561766,
synth_community_nc1000,Community,True,NVIDIA GeForce RTX 4090,12.1,0,50,200,10,200000,200000,1101854,256,5.50927,0.4118,17,TC_DIRECT_TF32,0.577638,21.000944,0.608544,21.609488,0.798761,1.223072,0.531712,0.537347,1.382805,0.056599,0.920493,0.024866,0.650486,1.217599,1.126112,0.056346,True,False,False,0.003840923309326172,0.0412310562561766,
synth_community_nc1000,Community,True,NVIDIA GeForce RTX 4090,12.1,0,50,200,10,200000,200000,1101854,256,5.50927,0.4118,17,COMMUNITY_TC_TF32,0.811658,29.966163,0.872102,30.838265,0.798761,1.223072,0.531712,0.537347,0.98411,0.039661,0.655094,0.017425,0.650486,1.217599,0.801428,0.039483,True,False,False,0.0038404464721679688,0.0412310562561766,
synth_community_nc1000,Community,True,NVIDIA GeForce RTX 4090,12.1,0,50,200,10,200000,200000,1101854,256,5.50927,0.4118,17,SEGMENT_HYBRID_TF32,0.791286,21.574765,0.844602,22.419367,0.798761,1.223072,0.531712,0.537347,1.009447,0.054554,0.671959,0.023968,0.650486,1.217599,0.822062,0.05431,True,False,False,0.003840923309326172,0.0412310562561766,
synth_community_nc1000,Community,True,NVIDIA GeForce RTX 4090,12.1,0,50,200,10,200000,200000,1101854,256,5.50927,0.4118,17,CUSPARSE,0.798761,0.402108,0.820963,1.223072,0.798761,1.223072,0.531712,0.537347,1.0,1.0,0.665671,0.439342,0.650486,1.217599,,,True,False,False,0.0,0.0,
synth_community_nc1000,Community,True,NVIDIA GeForce RTX 4090,12.1,0,50,200,10,200000,200000,1101854,512,5.50927,0.4118,17,CSR_DIRECT,1.08351,0.0,1.089648,1.089648,1.588393,2.072321,1.08351,1.089648,1.46597,1.901826,1.0,1.0,1.297736,2.422519,,,True,False,False,1.9073486328125e-06,0.00412310562561766,
synth_community_nc1000,Community,True,NVIDIA GeForce RTX 4090,12.1,0,50,200,10,200000,200000,1101854,512,5.50927,0.4118,17,RODE_ENHANCED,1.941258,2.099697,1.974611,4.074308,1.588393,2.072321,1.08351,1.089648,0.818229,0.508632,0.558148,0.267444,1.297736,2.422519,,,True,False,False,1.9073486328125e-06,0.00412310562561766,
synth_community_nc1000,Community,True,NVIDIA GeForce RTX 4090,12.1,0,50,200,10,200000,200000,1101854,512,5.50927,0.4118,17,ZERO_OVERHEAD_CSR,1.34978,1.336862,1.367856,2.704718,1.588393,2.072321,1.08351,1.089648,1.176779,0.766188,0.80273,0.402869,1.297736,2.422519,,,True,False,False,1.9073486328125e-06,0.00412310562561766,
synth_community_nc1000,Community,True,NVIDIA GeForce RTX 4090,12.1,0,50,200,10,200000,200000,1101854,512,5.50927,0.4118,17,TC_DIRECT,1.651594,21.352062,1.901219,23.253281,1.588393,2.072321,1.08351,1.089648,0.961733,0.08912,0.656039,0.04686,1.297736,2.422519,0.785747,0.10418,True,False,False,0.0038404464721679688,0.0412310562561766,
synth_community_nc1000,Community,True,NVIDIA GeForce RTX 4090,12.1,0,50,200,10,200000,200000,1101854,512,5.50927,0.4118,17,COMMUNITY_TC,2.083825,30.679347,2.138813,32.81816,1.588393,2.072321,1.08351,1.089648,0.762249,0.063146,0.519962,0.033203,1.297736,2.422519,0.622766,0.073816,True,False,False,0.0038404464721679688,0.0412310562561766,
synth_community_nc1000,Community,True,NVIDIA GeForce RTX 4090,12.1,0,50,200,10,200000,200000,1101854,512,5.50927,0.4118,17,SEGMENT_HYBRID,2.063657,22.485851,2.137981,24.623832,1.588393,2.072321,1.08351,1.089648,0.769698,0.084159,0.525044,0.044252,1.297736,2.422519,0.628852,0.098381,True,False,False,0.0038404464721679688,0.0412310562561766,
synth_community_nc1000,Community,True,NVIDIA GeForce RTX 4090,12.1,0,50,200,10,200000,200000,1101854,512,5.50927,0.4118,17,TC_DIRECT_TF32,1.162127,25.102274,1.187414,26.289688,1.588393,2.072321,1.08351,1.089648,1.366798,0.078826,0.93235,0.041448,1.297736,2.422519,1.11669,0.092147,True,False,False,0.003841400146484375,0.0412310562561766,
synth_community_nc1000,Community,True,NVIDIA GeForce RTX 4090,12.1,0,50,200,10,200000,200000,1101854,512,5.50927,0.4118,17,COMMUNITY_TC_TF32,1.62197,30.259987,1.683862,31.94385,1.588393,2.072321,1.08351,1.089648,0.979299,0.064874,0.668021,0.034111,1.297736,2.422519,0.800098,0.075837,True,False,False,0.003841400146484375,0.0412310562561766,
synth_community_nc1000,Community,True,NVIDIA GeForce RTX 4090,12.1,0,50,200,10,200000,200000,1101854,512,5.50927,0.4118,17,SEGMENT_HYBRID_TF32,1.580539,21.386689,1.639738,23.026427,1.588393,2.072321,1.08351,1.089648,1.004969,0.089998,0.685532,0.047322,1.297736,2.422519,0.821072,0.105206,True,False,False,0.003841400146484375,0.0412310562561766,
synth_community_nc1000,Community,True,NVIDIA GeForce RTX 4090,12.1,0,50,200,10,200000,200000,1101854,512,5.50927,0.4118,17,CUSPARSE,1.588393,0.459646,1.612675,2.072321,1.588393,2.072321,1.08351,1.089648,1.0,1.0,0.682142,0.52581,1.297736,2.422519,,,True,False,False,0.0,0.0,
synth_community_nc50,Community,True,NVIDIA GeForce RTX 4090,12.1,0,50,200,10,200000,200000,1098216,64,5.49108,0.416874,18,CSR_DIRECT,0.120202,0.0,0.125866,0.125866,0.172769,0.573187,0.120202,0.125866,1.437322,4.553959,1.0,1.0,0.117668,0.570302,,,True,False,False,1.430511474609375e-06,0.004242640687119285,
synth_community_nc50,Community,True,NVIDIA GeForce RTX 4090,12.1,0,50,200,10,200000,200000,1098216,64,5.49108,0.416874,18,RODE_ENHANCED,0.171771,2.311709,0.207306,2.519015,0.172769,0.573187,0.120202,0.125866,1.005812,0.227544,0.699782,0.049966,0.117668,0.570302,,,True,False,False,1.430511474609375e-06,0.004242640687119285,
synth_community_nc50,Community,True,NVIDIA GeForce RTX 4090,12.1,0,50,200,10,200000,200000,1098216,64,5.49108,0.416874,18,ZERO_OVERHEAD_CSR,0.140349,1.378137,0.159216,1.537353,0.172769,0.573187,0.120202,0.125866,1.230994,0.37284,0.85645,0.081872,0.117668,0.570302,,,True,False,False,1.430511474609375e-06,0.004242640687119285,
synth_community_nc50,Community,True,NVIDIA GeForce RTX 4090,12.1,0,50,200,10,200000,200000,1098216,64,5.49108,0.416874,18,TC_DIRECT,0.178861,21.391319,0.445514,21.836833,0.172769,0.573187,0.120202,0.125866,0.96594,0.026249,0.672042,0.005764,0.117668,0.570302,0.657872,0.026117,True,False,False,0.003772735595703125,0.04242640687119285,
synth_community_nc50,Community,True,NVIDIA GeForce RTX 4090,12.1,0,50,200,10,200000,200000,1098216,64,5.49108,0.416874,18,COMMUNITY_TC,0.207519,31.411602,0.457392,31.868994,0.172769,0.573187,0.120202,0.125866,0.832548,0.017986,0.579236,0.003949,0.117668,0.570302,0.567023,0.017895,True,False,False,0.003772735595703125,0.04242640687119285,
synth_community_nc50,Community,True,NVIDIA GeForce RTX 4090,12.1,0,50,200,10,200000,200000,1098216,64,5.49108,0.416874,18,SEGMENT_HYBRID,0.219612,21.685735,0.456675,22.14241,0.172769,0.573187,0.120202,0.125866,0.786702,0.025886,0.547339,0.005684,0.117668,0.570302,0.535798,0.025756,True,False,False,0.003772735595703125,0.04242640687119285,
synth_community_nc50,Community,True,NVIDIA GeForce RTX 4090,12.1,0,50,200,10,200000,200000,1098216,64,5.49108,0.416874,18,TC_DIRECT_TF32,0.138254,21.123002,0.163923,21.286925,0.172769,0.573187,0.120202,0.125866,1.249649,0.026927,0.869429,0.005913,0.117668,0.570302,0.851097,0.026791,True,False,False,0.003772735595703125,0.04242640687119285,
synth_community_nc50,Community,True,NVIDIA GeForce RTX 4090,12.1,0,50,200,10,200000,200000,1098216,64,5.49108,0.416874,18,COMMUNITY_TC_TF32,0.17385,31.557664,0.257667,31.815332,0.172769,0.573187,0.120202,0.125866,0.993786,0.018016,0.691415,0.003956,0.117668,0.570302,0.676837,0.017925,True,False,False,0.003772735595703125,0.04242640687119285,
synth_community_nc50,Community,True,NVIDIA GeForce RTX 4090,12.1,0,50,200,10,200000,200000,1098216,64,5.49108,0.416874,18,SEGMENT_HYBRID_TF32,0.175273,21.443292,0.249232,21.692524,0.172769,0.573187,0.120202,0.125866,0.985716,0.026423,0.6858,0.005802,0.117668,0.570302,0.671341,0.02629,True,False,False,0.003772735595703125,0.04242640687119285,
synth_community_nc50,Community,True,NVIDIA GeForce RTX 4090,12.1,0,50,200,10,200000,200000,1098216,64,5.49108,0.416874,18,CUSPARSE,0.172769,0.395846,0.177341,0.573187,0.172769,0.573187,0.120202,0.125866,1.0,1.0,0.695738,0.219589,0.117668,0.570302,,,True,False,False,0.0,0.0,
synth_community_nc50,Community,True,NVIDIA GeForce RTX 4090,12.1,0,50,200,10,200000,200000,1098216,128,5.49108,0.416874,18,CSR_DIRECT,0.255836,0.0,0.260861,0.260861,0.40426,0.914463,0.255836,0.260861,1.580151,3.505559,1.0,1.0,0.328392,0.747823,,,True,False,False,1.430511474609375e-06,0.004242640687119285,
synth_community_nc50,Community,True,NVIDIA GeForce RTX 4090,12.1,0,50,200,10,200000,200000,1098216,128,5.49108,0.416874,18,RODE_ENHANCED,0.459464,2.346379,0.492157,2.838535,0.40426,0.914463,0.255836,0.260861,0.879852,0.32216,0.556815,0.0919,0.328392,0.747823,,,True,False,False,1.430511474609375e-06,0.004242640687119285,
synth_community_nc50,Community,True,NVIDIA GeForce RTX 4090,12.1,0,50,200,10,200000,200000,1098216,128,5.49108,0.416874,18,ZERO_OVERHEAD_CSR,0.324137,1.414219,0.343226,1.757444,0.40426,0.914463,0.255836,0.260861,1.247188,0.520337,0.789284,0.148432,0.328392,0.747823,,,True,False,False,1.430511474609375e-06,0.004242640687119285,
synth_community_nc50,Community,True,NVIDIA GeForce RTX 4090,12.1,0,50,200,10,200000,200000,1098216,128,5.49108,0.416874,18,TC_DIRECT,0.391491,21.700215,0.694973,22.395188,0.40426,0.914463,0.255836,0.260861,1.032617,0.040833,0.653493,0.011648,0.328392,0.747823,0.838824,0.033392,True,False,False,0.004054069519042969,0.04242640687119285,
synth_community_nc50,Community,True,NVIDIA GeForce RTX 4090,12.1,0,50,200,10,200000,200000,1098216,128,5.49108,0.416874,18,COMMUNITY_TC,0.493665,32.903029,0.686202,33.589231,0.40426,0.914463,0.255836,0.260861,0.818895,0.027225,0.518238,0.007766,0.328392,0.747823,0.665211,0.022264,True,False,False,0.004054069519042969,0.04242640687119285,
synth_community_nc50,Community,True,NVIDIA GeForce RTX 4090,12.1,0,50,200,10,200000,200000,1098216,128,5.49108,0.416874,18,SEGMENT_HYBRID,0.494116,22.092606,0.67599,22.768596,0.40426,0.914463,0.255836,0.260861,0.818148,0.040163,0.517766,0.011457,0.328392,0.747823,0.664605,0.032844,True,False,False,0.004054069519042969,0.04242640687119285,
synth_community_nc50,Community,True,NVIDIA GeForce RTX 4090,12.1,0,50,200,10,200000,200000,1098216,128,5.49108,0.416874,18,TC_DIRECT_TF32,0.287963,20.92524,0.317722,21.242961,0.40426,0.914463,0.255836,0.260861,1.40386,0.043048,0.888434,0.01228,0.328392,0.747823,1.140395,0.035203,True,False,False,0.004054069519042969,0.04242640687119285,
synth_community_nc50,Community,True,NVIDIA GeForce RTX 4090,12.1,0,50,200,10,200000,200000,1098216,128,5.49108,0.416874,18,COMMUNITY_TC_TF32,0.406236,31.797771,0.472467,32.270238,0.40426,0.914463,0.255836,0.260861,0.995135,0.028338,0.629772,0.008084,0.328392,0.747823,0.808376,0.023174,True,False,False,0.004054069519042969,0.04242640687119285,
synth_community_nc50,Community,True,NVIDIA GeForce RTX 4090,12.1,0,50,200,10,200000,200000,1098216,128,5.49108,0.416874,18,SEGMENT_HYBRID_TF32,0.398909,21.386233,0.455286,21.841519,0.40426,0.914463,0.255836,0.260861,1.013413,0.041868,0.641339,0.011943,0.328392,0.747823,0.823224,0.034239,True,False,False,0.004054069519042969,0.04242640687119285,
synth_community_nc50,Community,True,NVIDIA GeForce RTX 4090,12.1,0,50,200,10,200000,200000,1098216,128,5.49108,0.416874,18,CUSPARSE,0.40426,0.488191,0.426272,0.914463,0.40426,0.914463,0.255836,0.260861,1.0,1.0,0.632851,0.285261,0.328392,0.747823,,,True,False,False,0.0,0.0,
synth_community_nc50,Community,True,NVIDIA GeForce RTX 4090,12.1,0,50,200,10,200000,200000,1098216,256,5.49108,0.416874,18,CSR_DIRECT,0.531758,0.0,0.536768,0.536768,0.798986,1.22241,0.531758,0.536768,1.502537,2.277353,1.0,1.0,0.649748,1.214832,,,True,False,False,1.430511474609375e-06,0.004242640687119285,
synth_community_nc50,Community,True,NVIDIA GeForce RTX 4090,12.1,0,50,200,10,200000,200000,1098216,256,5.49108,0.416874,18,RODE_ENHANCED,0.962795,2.261482,0.996429,3.257911,0.798986,1.22241,0.531758,0.536768,0.829861,0.375213,0.552306,0.164758,0.649748,1.214832,,,True,False,False,1.430511474609375e-06,0.004242640687119285,
synth_community_nc50,Community,True,NVIDIA GeForce RTX 4090,12.1,0,50,200,10,200000,200000,1098216,256,5.49108,0.416874,18,ZERO_OVERHEAD_CSR,0.666788,1.397247,0.687171,2.084418,0.798986,1.22241,0.531758,0.536768,1.198261,0.586451,0.797492,0.257514,0.649748,1.214832,,,True,False,False,1.430511474609375e-06,0.004242640687119285,
synth_community_nc50,Community,True,NVIDIA GeForce RTX 4090,12.1,0,50,200,10,200000,200000,1098216,256,5.49108,0.416874,18,TC_DIRECT,0.819087,21.3587,1.161078,22.519778,0.798986,1.22241,0.531758,0.536768,0.975459,0.054282,0.649208,0.023835,0.649748,1.214832,0.793259,0.053945,True,False,False,0.004261970520019531,0.04242640687119285,
synth_community_nc50,Community,True,NVIDIA GeForce RTX 4090,12.1,0,50,200,10,200000,200000,1098216,256,5.49108,0.416874,18,COMMUNITY_TC,1.031024,31.775167,1.148374,32.923542,0.798986,1.22241,0.531758,0.536768,0.774944,0.037129,0.515757,0.016303,0.649748,1.214832,0.630197,0.036899,True,False,False,0.004261970520019531,0.04242640687119285,
synth_community_nc50,Community,True,NVIDIA GeForce RTX 4090,12.1,0,50,200,10,200000,200000,1098216,256,5.49108,0.416874,18,SEGMENT_HYBRID,1.021701,21.998893,1.13328,23.132173,0.798986,1.22241,0.531758,0.536768,0.782016,0.052845,0.520463,0.023204,0.649748,1.214832,0.635948,0.052517,True,False,False,0.004261970520019531,0.04242640687119285,
synth_community_nc50,Community,True,NVIDIA GeForce RTX 4090,12.1,0,50,200,10,200000,200000,1098216,256,5.49108,0.416874,18,TC_DIRECT_TF32,0.583245,21.172592,0.613139,21.785731,0.798986,1.22241,0.531758,0.536768,1.369899,0.056111,0.911724,0.024639,0.649748,1.214832,1.114024,0.055763,True,False,False,0.004261970520019531,0.04242640687119285,
synth_community_nc50,Community,True,NVIDIA GeForce RTX 4090,12.1,0,50,200,10,200000,200000,1098216,256,5.49108,0.416874,18,COMMUNITY_TC_TF32,0.812237,33.124809,0.880102,34.004912,0.798986,1.22241,0.531758,0.536768,0.983686,0.035948,0.654684,0.015785,0.649748,1.214832,0.79995,0.035725,True,False,False,0.004261970520019531,0.04242640687119285,
synth_community_nc50,Community,True,NVIDIA GeForce RTX 4090,12.1,0,50,200,10,200000,200000,1098216,256,5.49108,0.416874,18,SEGMENT_HYBRID_TF32,0.796831,21.476823,0.855392,22.332215,0.798986,1.22241,0.531758,0.536768,1.002705,0.054738,0.667341,0.024036,0.649748,1.214832,0.815416,0.054398,True,False,False,0.004261970520019531,0.04242640687119285,
synth_community_nc50,Community,True,NVIDIA GeForce RTX 4090,12.1,0,50,200,10,200000,200000,1098216,256,5.49108,0.416874,18,CUSPARSE,0.798986,0.401581,0.820829,1.22241,0.798986,1.22241,0.531758,0.536768,1.0,1.0,0.665541,0.439106,0.649748,1.214832,,,True,False,False,0.0,0.0,
synth_community_nc50,Community,True,NVIDIA GeForce RTX 4090,12.1,0,50,200,10,200000,200000,1098216,512,5.49108,0.416874,18,CSR_DIRECT,1.083131,0.0,1.089936,1.089936,1.588101,2.037184,1.083131,1.089936,1.466214,1.869085,1.0,1.0,1.296916,2.82758,,,True,False,False,1.9073486328125e-06,0.004242640687119285,
synth_community_nc50,Community,True,NVIDIA GeForce RTX 4090,12.1,0,50,200,10,200000,200000,1098216,512,5.49108,0.416874,18,RODE_ENHANCED,1.941151,2.26526,1.979555,4.244815,1.588101,2.037184,1.083131,1.089936,0.818124,0.479923,0.557984,0.256769,1.296916,2.82758,,,True,False,False,1.9073486328125e-06,0.004242640687119285,
synth_community_nc50,Community,True,NVIDIA GeForce RTX 4090,12.1,0,50,200,10,200000,200000,1098216,512,5.49108,0.416874,18,ZERO_OVERHEAD_CSR,1.350036,1.407198,1.369578,2.776775,1.588101,2.037184,1.083131,1.089936,1.176339,0.733651,0.802297,0.392519,1.296916,2.82758,,,True,False,False,1.9073486328125e-06,0.004242640687119285,
synth_community_nc50,Community,True,NVIDIA GeForce RTX 4090,12.1,0,50,200,10,200000,200000,1098216,512,5.49108,0.416874,18,TC_DIRECT,1.663898,21.412339,1.899795,23.312134,1.588101,2.037184,1.083131,1.089936,0.954446,0.087387,0.65096,0.046754,1.296916,2.82758,0.779445,0.121292,True,False,False,0.004463672637939453,0.04242640687119285,
synth_community_nc50,Community,True,NVIDIA GeForce RTX 4090,12.1,0,50,200,10,200000,200000,1098216,512,5.49108,0.416874,18,COMMUNITY_TC,2.088965,32.678554,2.148554,34.827108,1.588101,2.037184,1.083131,1.089936,0.760233,0.058494,0.518501,0.031296,1.296916,2.82758,0.620842,0.081189,True,False,False,0.004463672637939453,0.04242640687119285,
synth_community_nc50,Community,True,NVIDIA GeForce RTX 4090,12.1,0,50,200,10,200000,200000,1098216,512,5.49108,0.416874,18,SEGMENT_HYBRID,2.076273,22.294939,2.151501,24.44644,1.588101,2.037184,1.083131,1.089936,0.764881,0.083333,0.521671,0.044585,1.296916,2.82758,0.624637,0.115664,True,False,False,0.004463672637939453,0.04242640687119285,
synth_community_nc50,Community,True,NVIDIA GeForce RTX 4090,12.1,0,50,200,10,200000,200000,1098216,512,5.49108,0.416874,18,TC_DIRECT_TF32,1.169976,20.919142,1.199811,22.118954,1.588101,2.037184,1.083131,1.089936,1.357379,0.092101,0.925772,0.049276,1.296916,2.82758,1.108498,0.127835,True,False,False,0.004463672637939453,0.04242640687119285,
synth_community_nc50,Community,True,NVIDIA GeForce RTX 4090,12.1,0,50,200,10,200000,200000,1098216,512,5.49108,0.416874,18,COMMUNITY_TC_TF32,1.625416,31.86956,1.68919,33.558751,1.588101,2.037184,1.083131,1.089936,0.977043,0.060705,0.666372,0.032478,1.296916,2.82758,0.797898,0.084258,True,False,False,0.004463672637939453,0.04242640687119285,
synth_community_nc50,Community,True,NVIDIA GeForce RTX 4090,12.1,0,50,200,10,200000,200000,1098216,512,5.49108,0.416874,18,SEGMENT_HYBRID_TF32,1.592837,22.112111,1.64793,23.76004,1.588101,2.037184,1.083131,1.089936,0.997027,0.08574,0.680001,0.045873,1.296916,2.82758,0.814218,0.119006,True,False,False,0.004463672637939453,0.04242640687119285,
synth_community_nc50,Community,True,NVIDIA GeForce RTX 4090,12.1,0,50,200,10,200000,200000,1098216,512,5.49108,0.416874,18,CUSPARSE,1.588101,0.4243,1.612883,2.037184,1.588101,2.037184,1.083131,1.089936,1.0,1.0,0.682029,0.535021,1.296916,2.82758,,,True,False,False,0.0,0.0,
synth_community_nc500,Community,True,NVIDIA GeForce RTX 4090,12.1,0,50,200,10,200000,200000,1100450,64,5.50225,0.414221,18,CSR_DIRECT,0.119782,0.0,0.12505,0.12505,0.172754,0.709743,0.119782,0.12505,1.442231,5.675694,1.0,1.0,0.116972,0.573425,,,True,False,False,1.9073486328125e-06,0.004242640687119285,
synth_community_nc500,Community,True,NVIDIA GeForce RTX 4090,12.1,0,50,200,10,200000,200000,1100450,64,5.50225,0.414221,18,RODE_ENHANCED,0.171453,2.309403,0.20257,2.511973,0.172754,0.709743,0.119782,0.12505,1.007585,0.282544,0.698629,0.049781,0.116972,0.573425,,,True,False,False,1.9073486328125e-06,0.004242640687119285,
synth_community_nc500,Community,True,NVIDIA GeForce RTX 4090,12.1,0,50,200,10,200000,200000,1100450,64,5.50225,0.414221,18,ZERO_OVERHEAD_CSR,0.141128,1.409452,0.158806,1.568258,0.172754,0.709743,0.119782,0.12505,1.224097,0.452568,0.848752,0.079738,0.116972,0.573425,,,True,False,False,1.9073486328125e-06,0.004242640687119285,
synth_community_nc500,Community,True,NVIDIA GeForce RTX 4090,12.1,0,50,200,10,200000,200000,1100450,64,5.50225,0.414221,18,TC_DIRECT,0.177828,21.247822,0.40183,21.649653,0.172754,0.709743,0.119782,0.12505,0.971467,0.032783,0.673586,0.005776,0.116972,0.573425,0.65778,0.026487,True,False,False,0.0037731528282165527,0.04242640687119285,
synth_community_nc500,Community,True,NVIDIA GeForce RTX 4090,12.1,0,50,200,10,200000,200000,1100450,64,5.50225,0.414221,18,COMMUNITY_TC,0.206454,30.616687,0.528474,31.145161,0.172754,0.709743,0.119782,0.12505,0.836768,0.022788,0.58019,0.004015,0.116972,0.573425,0.566575,0.018411,True,False,False,0.0037731528282165527,0.04242640687119285,
synth_community_nc500,Community,True,NVIDIA GeForce RTX 4090,12.1,0,50,200,10,200000,200000,1100450,64,5.50225,0.414221,18,SEGMENT_HYBRID,0.21826,21.991388,0.556022,22.54741,0.172754,0.709743,0.119782,0.12505,0.791503,0.031478,0.548805,0.005546,0.116972,0.573425,0.535926,0.025432,True,False,False,0.0037731528282165527,0.04242640687119285,
synth_community_nc500,Community,True,NVIDIA GeForce RTX 4090,12.1,0,50,200,10,200000,200000,1100450,64,5.50225,0.414221,18,TC_DIRECT_TF32,0.137021,21.958024,0.165808,22.123832,0.172754,0.709743,0.119782,0.12505,1.26078,0.03208,0.874187,0.005652,0.116972,0.573425,0.853673,0.025919,True,False,False,0.0037731528282165527,0.04242640687119285,
synth_community_nc500,Community,True,NVIDIA GeForce RTX 4090,12.1,0,50,200,10,200000,200000,1100450,64,5.50225,0.414221,18,COMMUNITY_TC_TF32,0.173568,30.638292,0.257533,30.895825,0.172754,0.709743,0.119782,0.12505,0.99531,0.022972,0.690118,0.004047,0.116972,0.573425,0.673923,0.01856,True,False,False,0.0037731528282165527,0.04242640687119285,
synth_community_nc500,Community,True,NVIDIA GeForce RTX 4090,12.1,0,50,200,10,200000,200000,1100450,64,5.50225,0.414221,18,SEGMENT_HYBRID_TF32,0.17347,22.343948,0.244989,22.588937,0.172754,0.709743,0.119782,0.12505,0.995871,0.03142,0.690507,0.005536,0.116972,0.573425,0.674303,0.025385,True,False,False,0.0037731528282165527,0.04242640687119285,
synth_community_nc500,Community,True,NVIDIA GeForce RTX 4090,12.1,0,50,200,10,200000,200000,1100450,64,5.50225,0.414221,18,CUSPARSE,0.172754,0.53213,0.177613,0.709743,0.172754,0.709743,0.119782,0.12505,1.0,1.0,0.69337,0.17619,0.116972,0.573425,,,True,False,False,0.0,0.0,
synth_community_nc500,Community,True,NVIDIA GeForce RTX 4090,12.1,0,50,200,10,200000,200000,1100450,128,5.50225,0.414221,18,CSR_DIRECT,0.255764,0.0,0.260694,0.260694,0.404332,0.824812,0.255764,0.260694,1.580874,3.163905,1.0,1.0,0.328704,0.744714,,,True,False,False,1.9073486328125e-06,0.004242640687119285,
synth_community_nc500,Community,True,NVIDIA GeForce RTX 4090,12.1,0,50,200,10,200000,200000,1100450,128,5.50225,0.414221,18,RODE_ENHANCED,0.458998,2.24579,0.488458,2.734248,0.404332,0.824812,0.255764,0.260694,0.880901,0.30166,0.557224,0.095344,0.328704,0.744714,,,True,False,False,1.9073486328125e-06,0.004242640687119285,
synth_community_nc500,Community,True,NVIDIA GeForce RTX 4090,12.1,0,50,200,10,200000,200000,1100450,128,5.50225,0.414221,18,ZERO_OVERHEAD_CSR,0.324311,1.371648,0.344304,1.715952,0.404332,0.824812,0.255764,0.260694,1.24674,0.480673,0.788639,0.151924,0.328704,0.744714,,,True,False,False,1.9073486328125e-06,0.004242640687119285,
synth_community_nc500,Community,True,NVIDIA GeForce RTX 4090,12.1,0,50,200,10,200000,200000,1100450,128,5.50225,0.414221,18,TC_DIRECT,0.389893,22.930871,0.688035,23.618906,0.404332,0.824812,0.255764,0.260694,1.037032,0.034922,0.655986,0.011038,0.328704,0.744714,0.843062,0.03153,True,False,False,0.004269838333129883,0.04242640687119285,
synth_community_nc500,Community,True,NVIDIA GeForce RTX 4090,12.1,0,50,200,10,200000,200000,1100450,128,5.50225,0.414221,18,COMMUNITY_TC,0.492851,31.408001,0.706547,32.114548,0.404332,0.824812,0.255764,0.260694,0.820393,0.025683,0.518949,0.008118,0.328704,0.744714,0.666944,0.023189,True,False,False,0.004269838333129883,0.04242640687119285,
synth_community_nc500,Community,True,NVIDIA GeForce RTX 4090,12.1,0,50,200,10,200000,200000,1100450,128,5.50225,0.414221,18,SEGMENT_HYBRID,0.49236,21.819121,0.675104,22.494225,0.404332,0.824812,0.255764,0.260694,0.821212,0.036668,0.519467,0.011589,0.328704,0.744714,0.667609,0.033107,True,False,False,0.004269838333129883,0.04242640687119285,
synth_community_nc500,Community,True,NVIDIA GeForce RTX 4090,12.1,0,50,200,10,200000,200000,1100450,128,5.50225,0.414221,18,TC_DIRECT_TF32,0.287037,20.818242,0.31488,21.133122,0.404332,0.824812,0.255764,0.260694,1.408637,0.039029,0.891049,0.012336,0.328704,0.744714,1.145161,0.035239,True,False,False,0.004269838333129883,0.04242640687119285,
synth_community_nc500,Community,True,NVIDIA GeForce RTX 4090,12.1,0,50,200,10,200000,200000,1100450,128,5.50225,0.414221,18,COMMUNITY_TC_TF32,0.406374,30.495669,0.468998,30.964667,0.404332,0.824812,0.255764,0.260694,0.994973,0.026637,0.629381,0.008419,0.328704,0.744714,0.80887,0.02405,True,False,False,0.004269838333129883,0.04242640687119285,
synth_community_nc500,Community,True,NVIDIA GeForce RTX 4090,12.1,0,50,200,10,200000,200000,1100450,128,5.50225,0.414221,18,SEGMENT_HYBRID_TF32,0.397542,21.933715,0.45191,22.385625,0.404332,0.824812,0.255764,0.260694,1.017078,0.036846,0.643364,0.011646,0.328704,0.744714,0.82684,0.033268,True,False,False,0.004269838333129883,0.04242640687119285,
synth_community_nc500,Community,True,NVIDIA GeForce RTX 4090,12.1,0,50,200,10,200000,200000,1100450,128,5.50225,0.414221,18,CUSPARSE,0.404332,0.398719,0.426093,0.824812,0.404332,0.824812,0.255764,0.260694,1.0,1.0,0.632561,0.316065,0.328704,0.744714,,,True,False,False,0.0,0.0,
synth_community_nc500,Community,True,NVIDIA GeForce RTX 4090,12.1,0,50,200,10,200000,200000,1100450,256,5.50225,0.414221,18,CSR_DIRECT,0.531758,0.0,0.542323,0.542323,0.797911,1.286952,0.531758,0.542323,1.500515,2.373035,1.0,1.0,0.649595,1.530969,,,True,False,False,1.9073486328125e-06,0.004242640687119285,
synth_community_nc500,Community,True,NVIDIA GeForce RTX 4090,12.1,0,50,200,10,200000,200000,1100450,256,5.50225,0.414221,18,RODE_ENHANCED,0.962371,2.228637,0.992518,3.221155,0.797911,1.286952,0.531758,0.542323,0.82911,0.399531,0.55255,0.168363,0.649595,1.530969,,,True,False,False,1.9073486328125e-06,0.004242640687119285,
synth_community_nc500,Community,True,NVIDIA GeForce RTX 4090,12.1,0,50,200,10,200000,200000,1100450,256,5.50225,0.414221,18,ZERO_OVERHEAD_CSR,0.666204,1.394984,0.686685,2.081669,0.797911,1.286952,0.531758,0.542323,1.197698,0.618231,0.798191,0.260523,0.649595,1.530969,,,True,False,False,1.9073486328125e-06,0.004242640687119285,
synth_community_nc500,Community,True,NVIDIA GeForce RTX 4090,12.1,0,50,200,10,200000,200000,1100450,256,5.50225,0.414221,18,TC_DIRECT,0.815427,21.285094,1.075891,22.360985,0.797911,1.286952,0.531758,0.542323,0.97852,0.057553,0.652123,0.024253,0.649595,1.530969,0.796632,0.068466,True,False,False,0.004285335540771484,0.04242640687119285,
synth_community_nc500,Community,True,NVIDIA GeForce RTX 4090,12.1,0,50,200,10,200000,200000,1100450,256,5.50225,0.414221,18,COMMUNITY_TC,1.028219,31.609985,1.136883,32.746868,0.797911,1.286952,0.531758,0.542323,0.776013,0.0393,0.517164,0.016561,0.649595,1.530969,0.631767,0.046752,True,False,False,0.004285335540771484,0.04242640687119285,
synth_community_nc500,Community,True,NVIDIA GeForce RTX 4090,12.1,0,50,200,10,200000,200000,1100450,256,5.50225,0.414221,18,SEGMENT_HYBRID,1.018368,21.828791,1.11305,22.941841,0.797911,1.286952,0.531758,0.542323,0.783519,0.056096,0.522167,0.023639,0.649595,1.530969,0.637878,0.066733,True,False,False,0.004285335540771484,0.04242640687119285,
synth_community_nc500,Community,True,NVIDIA GeForce RTX 4090,12.1,0,50,200,10,200000,200000,1100450,256,5.50225,0.414221,18,TC_DIRECT_TF32,0.580301,20.996563,0.60728,21.603843,0.797911,1.286952,0.531758,0.542323,1.374996,0.059571,0.916349,0.025103,0.649595,1.530969,1.119411,0.070866,True,False,False,0.004285335540771484,0.04242640687119285,
synth_community_nc500,Community,True,NVIDIA GeForce RTX 4090,12.1,0,50,200,10,200000,200000,1100450,256,5.50225,0.414221,18,COMMUNITY_TC_TF32,0.812605,31.253931,0.882102,32.136033,0.797911,1.286952,0.531758,0.542323,0.981917,0.040047,0.654387,0.016876,0.649595,1.530969,0.799398,0.04764,True,False,False,0.004285335540771484,0.04242640687119285,
synth_community_nc500,Community,True,NVIDIA GeForce RTX 4090,12.1,0,50,200,10,200000,200000,1100450,256,5.50225,0.414221,18,SEGMENT_HYBRID_TF32,0.794327,21.540821,0.848531,22.389352,0.797911,1.286952,0.531758,0.542323,1.004512,0.057481,0.669445,0.024222,0.649595,1.530969,0.817793,0.068379,True,False,False,0.004285335540771484,0.04242640687119285,
synth_community_nc500,Community,True,NVIDIA GeForce RTX 4090,12.1,0,50,200,10,200000,200000,1100450,256,5.50225,0.414221,18,CUSPARSE,0.797911,0.465112,0.82184,1.286952,0.797911,1.286952,0.531758,0.542323,1.0,1.0,0.666438,0.421401,0.649595,1.530969,,,True,False,False,0.0,0.0,
synth_community_nc500,Community,True,NVIDIA GeForce RTX 4090,12.1,0,50,200,10,200000,200000,1100450,512,5.50225,0.414221,18,CSR_DIRECT,1.083709,0.0,1.090845,1.090845,1.587169,2.028073,1.083709,1.090845,1.464571,1.859177,1.0,1.0,1.296993,2.406139,,,True,False,False,1.9073486328125e-06,0.004242640687119285,
synth_community_nc500,Community,True,NVIDIA GeForce RTX 4090,12.1,0,50,200,10,200000,200000,1100450,512,5.50225,0.414221,18,RODE_ENHANCED,1.94068,2.305094,1.973536,4.27863,1.587169,2.028073,1.083709,1.090845,0.817842,0.474001,0.558417,0.254952,1.296993,2.406139,,,True,False,False,1.9073486328125e-06,0.004242640687119285,
synth_community_nc500,Community,True,NVIDIA GeForce RTX 4090,12.1,0,50,200,10,200000,200000,1100450,512,5.50225,0.414221,18,ZERO_OVERHEAD_CSR,1.350676,1.379808,1.369728,2.749536,1.587169,2.028073,1.083709,1.090845,1.175092,0.737606,0.802346,0.396738,1.296993,2.406139,,,True,False,False,1.9073486328125e-06,0.004242640687119285,
synth_community_nc500,Community,True,NVIDIA GeForce RTX 4090,12.1,0,50,200,10,200000,200000,1100450,512,5.50225,0.414221,18,TC_DIRECT,1.659034,21.461314,1.904742,23.366057,1.587169,2.028073,1.083709,1.090845,0.956683,0.086796,0.653217,0.046685,1.296993,2.406139,0.781776,0.102976,True,False,False,0.0039484500885009766,0.04242640687119285,
synth_community_nc500,Community,True,NVIDIA GeForce RTX 4090,12.1,0,50,200,10,200000,200000,1100450,512,5.50225,0.414221,18,COMMUNITY_TC,2.088771,32.670385,2.148038,34.818424,1.587169,2.028073,1.083709,1.090845,0.759858,0.058247,0.518826,0.03133,1.296993,2.406139,0.620936,0.069105,True,False,False,0.0039484500885009766,0.04242640687119285,
synth_community_nc500,Community,True,NVIDIA GeForce RTX 4090,12.1,0,50,200,10,200000,200000,1100450,512,5.50225,0.414221,18,SEGMENT_HYBRID,2.069171,22.062163,2.114666,24.176829,1.587169,2.028073,1.083709,1.090845,0.767056,0.083885,0.523741,0.045119,1.296993,2.406139,0.626818,0.099523,True,False,False,0.0039484500885009766,0.04242640687119285,
synth_community_nc500,Community,True,NVIDIA GeForce RTX 4090,12.1,0,50,200,10,200000,200000,1100450,512,5.50225,0.414221,18,TC_DIRECT_TF32,1.165798,25.214387,1.195296,26.409683,1.587169,2.028073,1.083709,1.090845,1.361444,0.076793,0.929586,0.041305,1.296993,2.406139,1.112536,0.091108,True,False,False,0.00394892692565918,0.04242640687119285,
synth_community_nc500,Community,True,NVIDIA GeForce RTX 4090,12.1,0,50,200,10,200000,200000,1100450,512,5.50225,0.414221,18,COMMUNITY_TC_TF32,1.628303,31.223878,1.685501,32.909379,1.587169,2.028073,1.083709,1.090845,0.974738,0.061626,0.665545,0.033147,1.296993,2.406139,0.79653,0.073114,True,False,False,0.00394892692565918,0.04242640687119285,
synth_community_nc500,Community,True,NVIDIA GeForce RTX 4090,12.1,0,50,200,10,200000,200000,1100450,512,5.50225,0.414221,18,SEGMENT_HYBRID_TF32,1.584814,21.820573,1.636925,23.457498,1.587169,2.028073,1.083709,1.090845,1.001486,0.086457,0.683809,0.046503,1.296993,2.406139,0.818388,0.102574,True,False,False,0.00394892692565918,0.04242640687119285,
synth_community_nc500,Community,True,NVIDIA GeForce RTX 4090,12.1,0,50,200,10,200000,200000,1100450,512,5.50225,0.414221,18,CUSPARSE,1.587169,0.416941,1.611133,2.028073,1.587169,2.028073,1.083709,1.090845,1.0,1.0,0.682794,0.537872,1.296993,2.406139,,,True,False,False,0.0,0.0,
synth_dense_small_d120,Dense Small,True,NVIDIA GeForce RTX 4090,12.1,0,50,200,10,10000,10000,1200000,64,120.0,0.0,120,CSR_DIRECT,0.059484,0.0,0.066637,0.066637,0.076856,0.475685,0.059484,0.066637,1.292047,7.138466,1.0,1.0,0.060364,0.475235,,,True,False,False,1.52587890625e-05,0.010954451150103323,
synth_dense_small_d120,Dense Small,True,NVIDIA GeForce RTX 4090,12.1,0,50,200,10,10000,10000,1200000,64,120.0,0.0,120,RODE_ENHANCED,0.067584,0.256119,0.076314,0.332433,0.076856,0.475685,0.059484,0.066637,1.137197,1.43092,0.880152,0.200452,0.060364,0.475235,,,True,False,False,1.33514404296875e-05,0.010954451150103323,
synth_dense_small_d120,Dense Small,True,NVIDIA GeForce RTX 4090,12.1,0,50,200,10,10000,10000,1200000,64,120.0,0.0,120,ZERO_OVERHEAD_CSR,0.07358,0.092622,0.080989,0.17361,0.076856,0.475685,0.059484,0.066637,1.044534,2.739953,0.808434,0.383829,0.060364,0.475235,,,True,False,False,1.52587890625e-05,0.010954451150103323,
synth_dense_small_d120,Dense Small,True,NVIDIA GeForce RTX 4090,12.1,0,50,200,10,10000,10000,1200000,64,120.0,0.0,120,TC_DIRECT,0.046577,19.680464,0.234698,19.915162,0.076856,0.475685,0.059484,0.066637,1.650087,0.023886,1.277111,0.003346,0.060364,0.475235,1.295998,0.023863,True,False,False,0.008900880813598633,0.10954451150103323,
synth_dense_small_d120,Dense Small,True,NVIDIA GeForce RTX 4090,12.1,0,50,200,10,10000,10000,1200000,64,120.0,0.0,120,COMMUNITY_TC,0.048538,19.544559,0.351853,19.896411,0.076856,0.475685,0.059484,0.066637,1.583439,0.023908,1.225528,0.003349,0.060364,0.475235,1.243651,0.023885,True,False,False,0.008900880813598633,0.10954451150103323,
synth_dense_small_d120,Dense Small,True,NVIDIA GeForce RTX 4090,12.1,0,50,200,10,10000,10000,1200000,64,120.0,0.0,120,SEGMENT_HYBRID,0.056924,19.176166,0.410122,19.586288,0.076856,0.475685,0.059484,0.066637,1.350153,0.024287,1.044972,0.003402,0.060364,0.475235,1.060426,0.024264,True,False,False,0.008899927139282227,0.10954451150103323,
synth_dense_small_d120,Dense Small,True,NVIDIA GeForce RTX 4090,12.1,0,50,200,10,10000,10000,1200000,64,120.0,0.0,120,TC_DIRECT_TF32,0.059883,18.286206,0.093984,18.38019,0.076856,0.475685,0.059484,0.066637,1.283447,0.02588,0.993344,0.003625,0.060364,0.475235,1.008034,0.025856,True,False,False,0.008902788162231445,0.10954451150103323,
synth_dense_small_d120,Dense Small,True,NVIDIA GeForce RTX 4090,12.1,0,50,200,10,10000,10000,1200000,64,120.0,0.0,120,COMMUNITY_TC_TF32,0.060456,23.304049,0.12431,23.42836,0.076856,0.475685,0.059484,0.066637,1.271274,0.020304,0.983922,0.002844,0.060364,0.475235,0.998473,0.020285,True,False,False,0.008902311325073242,0.10954451150103323,
synth_dense_small_d120,Dense Small,True,NVIDIA GeForce RTX 4090,12.1,0,50,200,10,10000,10000,1200000,64,120.0,0.0,120,SEGMENT_HYBRID_TF32,0.078423,21.67619,0.414349,22.090539,0.076856,0.475685,0.059484,0.066637,0.980022,0.021533,0.758504,0.003017,0.060364,0.475235,0.769721,0.021513,True,False,False,0.008901119232177734,0.10954451150103323,
synth_dense_small_d120,Dense Small,True,NVIDIA GeForce RTX 4090,12.1,0,50,200,10,10000,10000,1200000,64,120.0,0.0,120,CUSPARSE,0.076856,0.39235,0.083334,0.475685,0.076856,0.475685,0.059484,0.066637,1.0,1.0,0.773966,0.140086,0.060364,0.475235,,,True,False,False,0.0,0.0,
synth_dense_small_d120,Dense Small,True,NVIDIA GeForce RTX 4090,12.1,0,50,200,10,10000,10000,1200000,128,120.0,0.0,120,CSR_DIRECT,0.126188,0.0,0.133216,0.133216,0.1331,0.530988,0.126188,0.133216,1.054776,3.985918,1.0,1.0,0.077532,0.483858,,,True,False,False,1.52587890625e-05,0.010954451150103323,
synth_dense_small_d120,Dense Small,True,NVIDIA GeForce RTX 4090,12.1,0,50,200,10,10000,10000,1200000,128,120.0,0.0,120,RODE_ENHANCED,0.133448,0.196899,0.140992,0.337891,0.1331,0.530988,0.126188,0.133216,0.997391,1.571477,0.945595,0.394257,0.077532,0.483858,,,True,False,False,1.1444091796875e-05,0.010954451150103323,
synth_dense_small_d120,Dense Small,True,NVIDIA GeForce RTX 4090,12.1,0,50,200,10,10000,10000,1200000,128,120.0,0.0,120,ZERO_OVERHEAD_CSR,0.132193,0.080411,0.139789,0.2202,0.1331,0.530988,0.126188,0.133216,1.006855,2.411395,0.954568,0.604978,0.077532,0.483858,,,True,False,False,1.52587890625e-05,0.010954451150103323,
synth_dense_small_d120,Dense Small,True,NVIDIA GeForce RTX 4090,12.1,0,50,200,10,10000,10000,1200000,128,120.0,0.0,120,TC_DIRECT,0.092032,21.95551,0.386109,22.341619,0.1331,0.530988,0.126188,0.133216,1.446231,0.023767,1.371126,0.005963,0.077532,0.483858,0.842448,0.021657,True,False,False,0.009975910186767578,0.10954451150103323,
synth_dense_small_d120,Dense Small,True,NVIDIA GeForce RTX 4090,12.1,0,50,200,10,10000,10000,1200000,128,120.0,0.0,120,COMMUNITY_TC,0.089865,21.802748,0.29863,22.101379,0.1331,0.530988,0.126188,0.133216,1.481098,0.024025,1.404183,0.006027,0.077532,0.483858,0.862758,0.021893,True,False,False,0.009975910186767578,0.10954451150103323,
synth_dense_small_d120,Dense Small,True,NVIDIA GeForce RTX 4090,12.1,0,50,200,10,10000,10000,1200000,128,120.0,0.0,120,SEGMENT_HYBRID,0.100106,22.276081,0.58632,22.862401,0.1331,0.530988,0.126188,0.133216,1.329583,0.023225,1.260536,0.005827,0.077532,0.483858,0.774499,0.021164,True,False,False,0.009978294372558594,0.10954451150103323,
synth_dense_small_d120,Dense Small,True,NVIDIA GeForce RTX 4090,12.1,0,50,200,10,10000,10000,1200000,128,120.0,0.0,120,TC_DIRECT_TF32,0.133806,20.830834,0.168464,20.999298,0.1331,0.530988,0.126188,0.133216,0.994719,0.025286,0.943063,0.006344,0.077532,0.483858,0.579437,0.023042,True,False,False,0.009974956512451172,0.10954451150103323,
synth_dense_small_d120,Dense Small,True,NVIDIA GeForce RTX 4090,12.1,0,50,200,10,10000,10000,1200000,128,120.0,0.0,120,COMMUNITY_TC_TF32,0.135306,24.513571,0.19264,24.706211,0.1331,0.530988,0.126188,0.133216,0.983691,0.021492,0.932607,0.005392,0.077532,0.483858,0.573012,0.019584,True,False,False,0.009975910186767578,0.10954451150103323,
synth_dense_small_d120,Dense Small,True,NVIDIA GeForce RTX 4090,12.1,0,50,200,10,10000,10000,1200000,128,120.0,0.0,120,SEGMENT_HYBRID_TF32,0.146396,21.297282,0.36289,21.660172,0.1331,0.530988,0.126188,0.133216,0.909174,0.024514,0.861959,0.00615,0.077532,0.483858,0.529605,0.022339,True,False,False,0.00997781753540039,0.10954451150103323,
synth_dense_small_d120,Dense Small,True,NVIDIA GeForce RTX 4090,12.1,0,50,200,10,10000,10000,1200000,128,120.0,0.0,120,CUSPARSE,0.1331,0.392463,0.138525,0.530988,0.1331,0.530988,0.126188,0.133216,1.0,1.0,0.948069,0.250883,0.077532,0.483858,,,True,False,False,0.0,0.0,
synth_dense_small_d120,Dense Small,True,NVIDIA GeForce RTX 4090,12.1,0,50,200,10,10000,10000,1200000,256,120.0,0.0,120,CSR_DIRECT,0.282163,0.0,0.28761,0.28761,0.268344,0.679083,0.282163,0.28761,0.951027,2.361129,1.0,1.0,0.163087,0.57074,,,True,False,False,1.71661376953125e-05,0.010954451150103323,
synth_dense_small_d120,Dense Small,True,NVIDIA GeForce RTX 4090,12.1,0,50,200,10,10000,10000,1200000,256,120.0,0.0,120,RODE_ENHANCED,0.257823,0.195242,0.266963,0.462206,0.268344,0.679083,0.282163,0.28761,1.040809,1.469223,1.094406,0.622255,0.163087,0.57074,,,True,False,False,1.430511474609375e-05,0.010954451150103323,
synth_dense_small_d120,Dense Small,True,NVIDIA GeForce RTX 4090,12.1,0,50,200,10,10000,10000,1200000,256,120.0,0.0,120,ZERO_OVERHEAD_CSR,0.248125,0.081604,0.255648,0.337252,0.268344,0.679083,0.282163,0.28761,1.081488,2.01358,1.137179,0.852804,0.163087,0.57074,,,True,False,False,1.71661376953125e-05,0.010954451150103323,
synth_dense_small_d120,Dense Small,True,NVIDIA GeForce RTX 4090,12.1,0,50,200,10,10000,10000,1200000,256,120.0,0.0,120,TC_DIRECT,0.185155,23.906705,0.369021,24.275725,0.268344,0.679083,0.282163,0.28761,1.449299,0.027974,1.523931,0.011848,0.163087,0.57074,0.880817,0.023511,True,False,False,0.01052236557006836,0.10954451150103323,
synth_dense_small_d120,Dense Small,True,NVIDIA GeForce RTX 4090,12.1,0,50,200,10,10000,10000,1200000,256,120.0,0.0,120,COMMUNITY_TC,0.190254,21.8664,0.399846,22.266247,0.268344,0.679083,0.282163,0.28761,1.410452,0.030498,1.483084,0.012917,0.163087,0.57074,0.857208,0.025633,True,False,False,0.010522603988647461,0.10954451150103323,
synth_dense_small_d120,Dense Small,True,NVIDIA GeForce RTX 4090,12.1,0,50,200,10,10000,10000,1200000,256,120.0,0.0,120,SEGMENT_HYBRID,0.201692,20.741821,0.523046,21.264868,0.268344,0.679083,0.282163,0.28761,1.330464,0.031935,1.398976,0.013525,0.163087,0.57074,0.808595,0.02684,True,False,False,0.010524511337280273,0.10954451150103323,
synth_dense_small_d120,Dense Small,True,NVIDIA GeForce RTX 4090,12.1,0,50,200,10,10000,10000,1200000,256,120.0,0.0,120,TC_DIRECT_TF32,0.268006,22.746446,0.297875,23.044321,0.268344,0.679083,0.282163,0.28761,1.001261,0.029469,1.052821,0.012481,0.163087,0.57074,0.60852,0.024767,True,False,False,0.01052236557006836,0.10954451150103323,
synth_dense_small_d120,Dense Small,True,NVIDIA GeForce RTX 4090,12.1,0,50,200,10,10000,10000,1200000,256,120.0,0.0,120,COMMUNITY_TC_TF32,0.268457,21.910886,0.322182,22.233068,0.268344,0.679083,0.282163,0.28761,0.99958,0.030544,1.051054,0.012936,0.163087,0.57074,0.607499,0.025671,True,False,False,0.010522127151489258,0.10954451150103323,
synth_dense_small_d120,Dense Small,True,NVIDIA GeForce RTX 4090,12.1,0,50,200,10,10000,10000,1200000,256,120.0,0.0,120,SEGMENT_HYBRID_TF32,0.288374,21.273217,0.603558,21.876775,0.268344,0.679083,0.282163,0.28761,0.930543,0.031041,0.978462,0.013147,0.163087,0.57074,0.565542,0.026089,True,False,False,0.010524511337280273,0.10954451150103323,
synth_dense_small_d120,Dense Small,True,NVIDIA GeForce RTX 4090,12.1,0,50,200,10,10000,10000,1200000,256,120.0,0.0,120,CUSPARSE,0.268344,0.395867,0.283216,0.679083,0.268344,0.679083,0.282163,0.28761,1.0,1.0,1.051495,0.423526,0.163087,0.57074,,,True,False,False,0.0,0.0,
synth_dense_small_d120,Dense Small,True,NVIDIA GeForce RTX 4090,12.1,0,50,200,10,10000,10000,1200000,512,120.0,0.0,120,CSR_DIRECT,0.563707,0.0,0.55455,0.55455,0.512092,0.976334,0.563707,0.55455,0.908437,1.760586,1.0,1.0,0.30145,0.860309,,,True,False,False,2.288818359375e-05,0.010954451150103323,
synth_dense_small_d120,Dense Small,True,NVIDIA GeForce RTX 4090,12.1,0,50,200,10,10000,10000,1200000,512,120.0,0.0,120,RODE_ENHANCED,0.496241,0.198469,0.505158,0.703628,0.512092,0.976334,0.563707,0.55455,1.031943,1.387572,1.135955,0.788131,0.30145,0.860309,,,True,False,False,1.52587890625e-05,0.010954451150103323,
synth_dense_small_d120,Dense Small,True,NVIDIA GeForce RTX 4090,12.1,0,50,200,10,10000,10000,1200000,512,120.0,0.0,120,ZERO_OVERHEAD_CSR,0.491545,0.081645,0.498141,0.579786,0.512092,0.976334,0.563707,0.55455,1.0418,1.683957,1.146805,0.956475,0.30145,0.860309,,,True,False,False,2.288818359375e-05,0.010954451150103323,
synth_dense_small_d120,Dense Small,True,NVIDIA GeForce RTX 4090,12.1,0,50,200,10,10000,10000,1200000,512,120.0,0.0,120,TC_DIRECT,0.360412,20.851807,0.522963,21.37477,0.512092,0.976334,0.563707,0.55455,1.420851,0.045677,1.564062,0.025944,0.30145,0.860309,0.836404,0.040249,True,False,False,0.010418891906738281,0.10954451150103323,
synth_dense_small_d120,Dense Small,True,NVIDIA GeForce RTX 4090,12.1,0,50,200,10,10000,10000,1200000,512,120.0,0.0,120,COMMUNITY_TC,0.362962,22.554321,0.595674,23.149995,0.512092,0.976334,0.563707,0.55455,1.41087,0.042174,1.553074,0.023955,0.30145,0.860309,0.830529,0.037162,True,False,False,0.010416984558105469,0.10954451150103323,
synth_dense_small_d120,Dense Small,True,NVIDIA GeForce RTX 4090,12.1,0,50,200,10,10000,10000,1200000,512,120.0,0.0,120,SEGMENT_HYBRID,0.435369,20.867077,0.722906,21.589982,0.512092,0.976334,0.563707,0.55455,1.176226,0.045222,1.29478,0.025686,0.30145,0.860309,0.692402,0.039848,True,False,False,0.010424613952636719,0.10954451150103323,
synth_dense_small_d120,Dense Small,True,NVIDIA GeForce RTX 4090,12.1,0,50,200,10,10000,10000,1200000,512,120.0,0.0,120,TC_DIRECT_TF32,0.516762,21.433202,0.551565,21.984767,0.512092,0.976334,0.563707,0.55455,0.990964,0.04441,1.090845,0.025224,0.30145,0.860309,0.583345,0.039132,True,False,False,0.01041412353515625,0.10954451150103323,
synth_dense_small_d120,Dense Small,True,NVIDIA GeForce RTX 4090,12.1,0,50,200,10,10000,10000,1200000,512,120.0,0.0,120,COMMUNITY_TC_TF32,0.536571,22.713743,0.572598,23.286342,0.512092,0.976334,0.563707,0.55455,0.954379,0.041927,1.050573,0.023814,0.30145,0.860309,0.561809,0.036945,True,False,False,0.010415077209472656,0.10954451150103323,
synth_dense_small_d120,Dense Small,True,NVIDIA GeForce RTX 4090,12.1,0,50,200,10,10000,10000,1200000,512,120.0,0.0,120,SEGMENT_HYBRID_TF32,0.606459,21.504303,0.805312,22.309615,0.512092,0.976334,0.563707,0.55455,0.844397,0.043763,0.929506,0.024857,0.30145,0.860309,0.497066,0.038562,True,False,False,0.010422706604003906,0.10954451150103323,
synth_dense_small_d120,Dense Small,True,NVIDIA GeForce RTX 4090,12.1,0,50,200,10,10000,10000,1200000,512,120.0,0.0,120,CUSPARSE,0.512092,0.458628,0.517706,0.976334,0.512092,0.976334,0.563707,0.55455,1.0,1.0,1.100792,0.567993,0.30145,0.860309,,,True,False,False,0.0,0.0,
synth_dense_small_d30,Dense Small,True,NVIDIA GeForce RTX 4090,12.1,0,50,200,10,10000,10000,300000,64,30.0,0.0,30,CSR_DIRECT,0.018217,0.0,0.024189,0.024189,0.026581,0.276084,0.018217,0.024189,1.459159,11.413712,1.0,1.0,0.02274,0.287286,,,True,False,False,3.814697265625e-06,0.005477225575051661,
synth_dense_small_d30,Dense Small,True,NVIDIA GeForce RTX 4090,12.1,0,50,200,10,10000,10000,300000,64,30.0,0.0,30,RODE_ENHANCED,0.018811,0.155882,0.025571,0.181453,0.026581,0.276084,0.018217,0.024189,1.413089,1.521519,0.968427,0.133306,0.02274,0.287286,,,True,False,False,3.814697265625e-06,0.005477225575051661,
synth_dense_small_d30,Dense Small,True,NVIDIA GeForce RTX 4090,12.1,0,50,200,10,10000,10000,300000,64,30.0,0.0,30,ZERO_OVERHEAD_CSR,0.018406,0.048027,0.024342,0.07237,0.026581,0.276084,0.018217,0.024189,1.444141,3.814901,0.989708,0.334238,0.02274,0.287286,,,True,False,False,3.814697265625e-06,0.005477225575051661,
synth_dense_small_d30,Dense Small,True,NVIDIA GeForce RTX 4090,12.1,0,50,200,10,10000,10000,300000,64,30.0,0.0,30,TC_DIRECT,0.016358,6.279598,0.164387,6.443985,0.026581,0.276084,0.018217,0.024189,1.624941,0.042844,1.113615,0.003754,0.02274,0.287286,1.390082,0.044582,True,False,False,0.005459785461425781,0.05477225575051661,
synth_dense_small_d30,Dense Small,True,NVIDIA GeForce RTX 4090,12.1,0,50,200,10,10000,10000,300000,64,30.0,0.0,30,COMMUNITY_TC,0.018842,5.75948,0.149766,5.909246,0.026581,0.276084,0.018217,0.024189,1.410785,0.046721,0.966848,0.004093,0.02274,0.287286,1.206878,0.048616,True,False,False,0.005459785461425781,0.05477225575051661,
synth_dense_small_d30,Dense Small,True,NVIDIA GeForce RTX 4090,12.1,0,50,200,10,10000,10000,300000,64,30.0,0.0,30,SEGMENT_HYBRID,0.018865,3.767042,0.139402,3.906444,0.026581,0.276084,0.018217,0.024189,1.409002,0.070674,0.965626,0.006192,0.02274,0.287286,1.205353,0.073542,True,False,False,0.005459785461425781,0.05477225575051661,
synth_dense_small_d30,Dense Small,True,NVIDIA GeForce RTX 4090,12.1,0,50,200,10,10000,10000,300000,64,30.0,0.0,30,TC_DIRECT_TF32,0.019482,3.384197,0.034368,3.418565,0.026581,0.276084,0.018217,0.024189,1.364438,0.08076,0.935085,0.007076,0.02274,0.287286,1.167231,0.084037,True,False,False,0.005459308624267578,0.05477225575051661,
synth_dense_small_d30,Dense Small,True,NVIDIA GeForce RTX 4090,12.1,0,50,200,10,10000,10000,300000,64,30.0,0.0,30,COMMUNITY_TC_TF32,0.021428,4.642719,0.046573,4.689292,0.026581,0.276084,0.018217,0.024189,1.240519,0.058875,0.85016,0.005158,0.02274,0.287286,1.061222,0.061264,True,False,False,0.005458831787109375,0.05477225575051661,
synth_dense_small_d30,Dense Small,True,NVIDIA GeForce RTX 4090,12.1,0,50,200,10,10000,10000,300000,64,30.0,0.0,30,SEGMENT_HYBRID_TF32,0.021723,3.452586,0.04536,3.497946,0.026581,0.276084,0.018217,0.024189,1.223643,0.078927,0.838595,0.006915,0.02274,0.287286,1.046785,0.08213,True,False,False,0.005459308624267578,0.05477225575051661,
synth_dense_small_d30,Dense Small,True,NVIDIA GeForce RTX 4090,12.1,0,50,200,10,10000,10000,300000,64,30.0,0.0,30,CUSPARSE,0.026581,0.247086,0.028998,0.276084,0.026581,0.276084,0.018217,0.024189,1.0,1.0,0.685326,0.087614,0.02274,0.287286,,,True,False,False,0.0,0.0,
synth_dense_small_d30,Dense Small,True,NVIDIA GeForce RTX 4090,12.1,0,50,200,10,10000,10000,300000,128,30.0,0.0,30,CSR_DIRECT,0.034556,0.0,0.039088,0.039088,0.044964,0.294606,0.034556,0.039088,1.301206,7.536988,1.0,1.0,0.029071,0.37255,,,True,False,False,4.76837158203125e-06,0.005477225575051661,
synth_dense_small_d30,Dense Small,True,NVIDIA GeForce RTX 4090,12.1,0,50,200,10,10000,10000,300000,128,30.0,0.0,30,RODE_ENHANCED,0.035502,0.101152,0.040794,0.141946,0.044964,0.294606,0.034556,0.039088,1.266513,2.075481,0.973338,0.275373,0.029071,0.37255,,,True,False,False,4.76837158203125e-06,0.005477225575051661,
synth_dense_small_d30,Dense Small,True,NVIDIA GeForce RTX 4090,12.1,0,50,200,10,10000,10000,300000,128,30.0,0.0,30,ZERO_OVERHEAD_CSR,0.034749,0.035372,0.040131,0.075503,0.044964,0.294606,0.034556,0.039088,1.293962,3.901898,0.994433,0.5177,0.029071,0.37255,,,True,False,False,4.76837158203125e-06,0.005477225575051661,
synth_dense_small_d30,Dense Small,True,NVIDIA GeForce RTX 4090,12.1,0,50,200,10,10000,10000,300000,128,30.0,0.0,30,TC_DIRECT,0.028974,5.637844,0.235622,5.873467,0.044964,0.294606,0.034556,0.039088,1.551864,0.050159,1.192636,0.006655,0.029071,0.37255,1.003357,0.063429,True,False,False,0.005440711975097656,0.05477225575051661,
synth_dense_small_d30,Dense Small,True,NVIDIA GeForce RTX 4090,12.1,0,50,200,10,10000,10000,300000,128,30.0,0.0,30,COMMUNITY_TC,0.032138,5.731408,0.159184,5.890592,0.044964,0.294606,0.034556,0.039088,1.399076,0.050013,1.075215,0.006636,0.029071,0.37255,0.904572,0.063245,True,False,False,0.005441188812255859,0.05477225575051661,
synth_dense_small_d30,Dense Small,True,NVIDIA GeForce RTX 4090,12.1,0,50,200,10,10000,10000,300000,128,30.0,0.0,30,SEGMENT_HYBRID,0.032189,4.104607,0.197062,4.301669,0.044964,0.294606,0.034556,0.039088,1.396851,0.068486,1.073505,0.009087,0.029071,0.37255,0.903133,0.086606,True,False,False,0.005440711975097656,0.05477225575051661,
synth_dense_small_d30,Dense Small,True,NVIDIA GeForce RTX 4090,12.1,0,50,200,10,10000,10000,300000,128,30.0,0.0,30,TC_DIRECT_TF32,0.039327,4.465817,0.05639,4.522207,0.044964,0.294606,0.034556,0.039088,1.143341,0.065146,0.878678,0.008644,0.029071,0.37255,0.739227,0.082382,True,False,False,0.005440711975097656,0.05477225575051661,
synth_dense_small_d30,Dense Small,True,NVIDIA GeForce RTX 4090,12.1,0,50,200,10,10000,10000,300000,128,30.0,0.0,30,COMMUNITY_TC_TF32,0.041636,5.563213,0.066419,5.629632,0.044964,0.294606,0.034556,0.039088,1.079931,0.052331,0.829946,0.006943,0.029071,0.37255,0.698229,0.066177,True,False,False,0.005440711975097656,0.05477225575051661,
synth_dense_small_d30,Dense Small,True,NVIDIA GeForce RTX 4090,12.1,0,50,200,10,10000,10000,300000,128,30.0,0.0,30,SEGMENT_HYBRID_TF32,0.043059,4.44384,0.066934,4.510774,0.044964,0.294606,0.034556,0.039088,1.044233,0.065312,0.802512,0.008665,0.029071,0.37255,0.675149,0.082591,True,False,False,0.005440711975097656,0.05477225575051661,
synth_dense_small_d30,Dense Small,True,NVIDIA GeForce RTX 4090,12.1,0,50,200,10,10000,10000,300000,128,30.0,0.0,30,CUSPARSE,0.044964,0.246651,0.047955,0.294606,0.044964,0.294606,0.034556,0.039088,1.0,1.0,0.768518,0.132679,0.029071,0.37255,,,True,False,False,0.0,0.0,
synth_dense_small_d30,Dense Small,True,NVIDIA GeForce RTX 4090,12.1,0,50,200,10,10000,10000,300000,256,30.0,0.0,30,CSR_DIRECT,0.078644,0.0,0.084,0.084,0.073732,0.362418,0.078644,0.084,0.937538,4.314495,1.0,1.0,0.046556,0.359567,,,True,False,False,4.76837158203125e-06,0.005477225575051661,
synth_dense_small_d30,Dense Small,True,NVIDIA GeForce RTX 4090,12.1,0,50,200,10,10000,10000,300000,256,30.0,0.0,30,RODE_ENHANCED,0.070155,0.100789,0.076406,0.177195,0.073732,0.362418,0.078644,0.084,1.050989,2.045303,1.12101,0.474054,0.046556,0.359567,,,True,False,False,4.76837158203125e-06,0.005477225575051661,
synth_dense_small_d30,Dense Small,True,NVIDIA GeForce RTX 4090,12.1,0,50,200,10,10000,10000,300000,256,30.0,0.0,30,ZERO_OVERHEAD_CSR,0.079365,0.038377,0.085136,0.123513,0.073732,0.362418,0.078644,0.084,0.929025,2.934256,0.99092,0.680092,0.046556,0.359567,,,True,False,False,4.76837158203125e-06,0.005477225575051661,
synth_dense_small_d30,Dense Small,True,NVIDIA GeForce RTX 4090,12.1,0,50,200,10,10000,10000,300000,256,30.0,0.0,30,TC_DIRECT,0.054958,5.826069,0.170595,5.996664,0.073732,0.362418,0.078644,0.084,1.341607,0.060437,1.43099,0.014008,0.046556,0.359567,0.847118,0.059961,True,False,False,0.006862998008728027,0.05477225575051661,
synth_dense_small_d30,Dense Small,True,NVIDIA GeForce RTX 4090,12.1,0,50,200,10,10000,10000,300000,256,30.0,0.0,30,COMMUNITY_TC,0.05893,6.201056,0.271635,6.472692,0.073732,0.362418,0.078644,0.084,1.251174,0.055992,1.334532,0.012978,0.046556,0.359567,0.790017,0.055551,True,False,False,0.0068628787994384766,0.05477225575051661,
synth_dense_small_d30,Dense Small,True,NVIDIA GeForce RTX 4090,12.1,0,50,200,10,10000,10000,300000,256,30.0,0.0,30,SEGMENT_HYBRID,0.056545,4.520008,0.18183,4.701838,0.073732,0.362418,0.078644,0.084,1.303949,0.07708,1.390823,0.017865,0.046556,0.359567,0.82334,0.076474,True,False,False,0.006862998008728027,0.05477225575051661,
synth_dense_small_d30,Dense Small,True,NVIDIA GeForce RTX 4090,12.1,0,50,200,10,10000,10000,300000,256,30.0,0.0,30,TC_DIRECT_TF32,0.072587,4.820403,0.090659,4.911062,0.073732,0.362418,0.078644,0.084,1.015783,0.073796,1.083458,0.017104,0.046556,0.359567,0.641386,0.073216,True,False,False,0.0068628787994384766,0.05477225575051661,
synth_dense_small_d30,Dense Small,True,NVIDIA GeForce RTX 4090,12.1,0,50,200,10,10000,10000,300000,256,30.0,0.0,30,COMMUNITY_TC_TF32,0.076354,7.512584,0.102874,7.615458,0.073732,0.362418,0.078644,0.084,0.965665,0.04759,1.030001,0.01103,0.046556,0.359567,0.609741,0.047215,True,False,False,0.0068628787994384766,0.05477225575051661,
synth_dense_small_d30,Dense Small,True,NVIDIA GeForce RTX 4090,12.1,0,50,200,10,10000,10000,300000,256,30.0,0.0,30,SEGMENT_HYBRID_TF32,0.078147,5.711338,0.107011,5.818349,0.073732,0.362418,0.078644,0.084,0.943502,0.062289,1.006361,0.014437,0.046556,0.359567,0.595746,0.061799,True,False,False,0.0068628787994384766,0.05477225575051661,
synth_dense_small_d30,Dense Small,True,NVIDIA GeForce RTX 4090,12.1,0,50,200,10,10000,10000,300000,256,30.0,0.0,30,CUSPARSE,0.073732,0.284542,0.077875,0.362418,0.073732,0.362418,0.078644,0.084,1.0,1.0,1.066624,0.231777,0.046556,0.359567,,,True,False,False,0.0,0.0,
synth_dense_small_d30,Dense Small,True,NVIDIA GeForce RTX 4090,12.1,0,50,200,10,10000,10000,300000,512,30.0,0.0,30,CSR_DIRECT,0.144374,0.0,0.149277,0.149277,0.141916,0.540149,0.144374,0.149277,0.982977,3.618438,1.0,1.0,0.089702,0.523261,,,True,False,False,4.76837158203125e-06,0.005477225575051661,
synth_dense_small_d30,Dense Small,True,NVIDIA GeForce RTX 4090,12.1,0,50,200,10,10000,10000,300000,512,30.0,0.0,30,RODE_ENHANCED,0.126341,0.103256,0.133091,0.236347,0.141916,0.540149,0.144374,0.149277,1.123278,2.285402,1.14273,0.631599,0.089702,0.523261,,,True,False,False,4.76837158203125e-06,0.005477225575051661,
synth_dense_small_d30,Dense Small,True,NVIDIA GeForce RTX 4090,12.1,0,50,200,10,10000,10000,300000,512,30.0,0.0,30,ZERO_OVERHEAD_CSR,0.136218,0.038895,0.142931,0.181826,0.141916,0.540149,0.144374,0.149277,1.041834,2.970683,1.059876,0.820985,0.089702,0.523261,,,True,False,False,4.76837158203125e-06,0.005477225575051661,
synth_dense_small_d30,Dense Small,True,NVIDIA GeForce RTX 4090,12.1,0,50,200,10,10000,10000,300000,512,30.0,0.0,30,TC_DIRECT,0.097981,6.706631,0.269459,6.97609,0.141916,0.540149,0.144374,0.149277,1.448398,0.077429,1.473481,0.021398,0.089702,0.523261,0.915504,0.075008,True,False,False,0.00559687614440918,0.05477225575051661,
synth_dense_small_d30,Dense Small,True,NVIDIA GeForce RTX 4090,12.1,0,50,200,10,10000,10000,300000,512,30.0,0.0,30,COMMUNITY_TC,0.106763,8.103366,0.292614,8.395981,0.141916,0.540149,0.144374,0.149277,1.329265,0.064334,1.352284,0.01778,0.089702,0.523261,0.840202,0.062323,True,False,False,0.00559687614440918,0.05477225575051661,
synth_dense_small_d30,Dense Small,True,NVIDIA GeForce RTX 4090,12.1,0,50,200,10,10000,10000,300000,512,30.0,0.0,30,SEGMENT_HYBRID,0.108099,6.652694,0.29529,6.947984,0.141916,0.540149,0.144374,0.149277,1.31284,0.077742,1.335575,0.021485,0.089702,0.523261,0.82982,0.075311,True,False,False,0.00559687614440918,0.05477225575051661,
synth_dense_small_d30,Dense Small,True,NVIDIA GeForce RTX 4090,12.1,0,50,200,10,10000,10000,300000,512,30.0,0.0,30,TC_DIRECT_TF32,0.135946,7.018363,0.167549,7.185911,0.141916,0.540149,0.144374,0.149277,1.043914,0.075168,1.061992,0.020774,0.089702,0.523261,0.659837,0.072818,True,False,False,0.00559687614440918,0.05477225575051661,
synth_dense_small_d30,Dense Small,True,NVIDIA GeForce RTX 4090,12.1,0,50,200,10,10000,10000,300000,512,30.0,0.0,30,COMMUNITY_TC_TF32,0.141676,7.954562,0.182272,8.136834,0.141916,0.540149,0.144374,0.149277,1.001699,0.066383,1.019045,0.018346,0.089702,0.523261,0.633154,0.064308,True,False,False,0.00559687614440918,0.05477225575051661,
synth_dense_small_d30,Dense Small,True,NVIDIA GeForce RTX 4090,12.1,0,50,200,10,10000,10000,300000,512,30.0,0.0,30,SEGMENT_HYBRID_TF32,0.145234,6.851296,0.190627,7.041923,0.141916,0.540149,0.144374,0.149277,0.977156,0.076705,0.994077,0.021198,0.089702,0.523261,0.617641,0.074307,True,False,False,0.00559687614440918,0.05477225575051661,
synth_dense_small_d30,Dense Small,True,NVIDIA GeForce RTX 4090,12.1,0,50,200,10,10000,10000,300000,512,30.0,0.0,30,CUSPARSE,0.141916,0.39355,0.146598,0.540149,0.141916,0.540149,0.144374,0.149277,1.0,1.0,1.017317,0.276362,0.089702,0.523261,,,True,False,False,0.0,0.0,
synth_dense_small_d50,Dense Small,True,NVIDIA GeForce RTX 4090,12.1,0,50,200,10,10000,10000,500000,64,50.0,0.0,50,CSR_DIRECT,0.028584,0.0,0.034717,0.034717,0.038963,0.435817,0.028584,0.034717,1.363097,12.553481,1.0,1.0,0.032031,0.443972,,,True,False,False,6.67572021484375e-06,0.007071067811865475,
synth_dense_small_d50,Dense Small,True,NVIDIA GeForce RTX 4090,12.1,0,50,200,10,10000,10000,500000,64,50.0,0.0,50,RODE_ENHANCED,0.032093,0.259833,0.039651,0.299484,0.038963,0.435817,0.028584,0.034717,1.214085,1.455223,0.890681,0.115922,0.032031,0.443972,,,True,False,False,4.291534423828125e-06,0.007071067811865475,
synth_dense_small_d50,Dense Small,True,NVIDIA GeForce RTX 4090,12.1,0,50,200,10,10000,10000,500000,64,50.0,0.0,50,ZERO_OVERHEAD_CSR,0.02881,0.049058,0.035421,0.084479,0.038963,0.435817,0.028584,0.034717,1.352408,5.158882,0.992158,0.410952,0.032031,0.443972,,,True,False,False,6.67572021484375e-06,0.007071067811865475,
synth_dense_small_d50,Dense Small,True,NVIDIA GeForce RTX 4090,12.1,0,50,200,10,10000,10000,500000,64,50.0,0.0,50,TC_DIRECT,0.023593,9.782505,0.240531,10.023036,0.038963,0.435817,0.028584,0.034717,1.651476,0.043482,1.211561,0.003464,0.032031,0.443972,1.357639,0.044295,True,False,False,0.007355690002441406,0.07071067811865475,
synth_dense_small_d50,Dense Small,True,NVIDIA GeForce RTX 4090,12.1,0,50,200,10,10000,10000,500000,64,50.0,0.0,50,COMMUNITY_TC,0.025795,9.445294,0.225814,9.671108,0.038963,0.435817,0.028584,0.034717,1.510501,0.045064,1.108139,0.00359,0.032031,0.443972,1.241747,0.045907,True,False,False,0.007355690002441406,0.07071067811865475,
synth_dense_small_d50,Dense Small,True,NVIDIA GeForce RTX 4090,12.1,0,50,200,10,10000,10000,500000,64,50.0,0.0,50,SEGMENT_HYBRID,0.026103,7.506202,0.224662,7.730864,0.038963,0.435817,0.028584,0.034717,1.492687,0.056374,1.095071,0.004491,0.032031,0.443972,1.227103,0.057429,True,False,False,0.007355690002441406,0.07071067811865475,
synth_dense_small_d50,Dense Small,True,NVIDIA GeForce RTX 4090,12.1,0,50,200,10,10000,10000,500000,64,50.0,0.0,50,TC_DIRECT_TF32,0.029327,7.38638,0.062864,7.449244,0.038963,0.435817,0.028584,0.034717,1.328576,0.058505,0.974675,0.00466,0.032031,0.443972,1.092191,0.0596,True,False,False,0.007355690002441406,0.07071067811865475,
synth_dense_small_d50,Dense Small,True,NVIDIA GeForce RTX 4090,12.1,0,50,200,10,10000,10000,500000,64,50.0,0.0,50,COMMUNITY_TC_TF32,0.030956,9.461574,0.081187,9.542761,0.038963,0.435817,0.028584,0.034717,1.258684,0.04567,0.9234,0.003638,0.032031,0.443972,1.034734,0.046525,True,False,False,0.007355690002441406,0.07071067811865475,
synth_dense_small_d50,Dense Small,True,NVIDIA GeForce RTX 4090,12.1,0,50,200,10,10000,10000,500000,64,50.0,0.0,50,SEGMENT_HYBRID_TF32,0.031841,7.70629,0.079357,7.785647,0.038963,0.435817,0.028584,0.034717,1.223669,0.055977,0.897713,0.004459,0.032031,0.443972,1.00595,0.057024,True,False,False,0.007355690002441406,0.07071067811865475,
synth_dense_small_d50,Dense Small,True,NVIDIA GeForce RTX 4090,12.1,0,50,200,10,10000,10000,500000,64,50.0,0.0,50,CUSPARSE,0.038963,0.392197,0.043619,0.435817,0.038963,0.435817,0.028584,0.034717,1.0,1.0,0.733623,0.079659,0.032031,0.443972,,,True,False,False,0.0,0.0,
synth_dense_small_d50,Dense Small,True,NVIDIA GeForce RTX 4090,12.1,0,50,200,10,10000,10000,500000,128,50.0,0.0,50,CSR_DIRECT,0.056325,0.0,0.062342,0.062342,0.066406,0.464743,0.056325,0.062342,1.178984,7.45469,1.0,1.0,0.041768,0.451677,,,True,False,False,6.67572021484375e-06,0.007071067811865475,
synth_dense_small_d50,Dense Small,True,NVIDIA GeForce RTX 4090,12.1,0,50,200,10,10000,10000,500000,128,50.0,0.0,50,RODE_ENHANCED,0.060662,0.198243,0.068682,0.266925,0.066406,0.464743,0.056325,0.062342,1.094702,1.741103,0.928514,0.233558,0.041768,0.451677,,,True,False,False,4.76837158203125e-06,0.007071067811865475,
synth_dense_small_d50,Dense Small,True,NVIDIA GeForce RTX 4090,12.1,0,50,200,10,10000,10000,500000,128,50.0,0.0,50,ZERO_OVERHEAD_CSR,0.056484,0.04424,0.063821,0.108061,0.066406,0.464743,0.056325,0.062342,1.175671,4.300757,0.99719,0.57692,0.041768,0.451677,,,True,False,False,6.67572021484375e-06,0.007071067811865475,
synth_dense_small_d50,Dense Small,True,NVIDIA GeForce RTX 4090,12.1,0,50,200,10,10000,10000,500000,128,50.0,0.0,50,TC_DIRECT,0.04372,9.299669,0.221482,9.52115,0.066406,0.464743,0.056325,0.062342,1.518913,0.048812,1.288324,0.006548,0.041768,0.451677,0.955367,0.047439,True,False,False,0.0063934326171875,0.07071067811865475,
synth_dense_small_d50,Dense Small,True,NVIDIA GeForce RTX 4090,12.1,0,50,200,10,10000,10000,500000,128,50.0,0.0,50,COMMUNITY_TC,0.046756,9.965878,0.244544,10.210422,0.066406,0.464743,0.056325,0.062342,1.42028,0.045517,1.204665,0.006106,0.041768,0.451677,0.893329,0.044237,True,False,False,0.0063934326171875,0.07071067811865475,
synth_dense_small_d50,Dense Small,True,NVIDIA GeForce RTX 4090,12.1,0,50,200,10,10000,10000,500000,128,50.0,0.0,50,SEGMENT_HYBRID,0.046551,8.80327,0.243776,9.047046,0.066406,0.464743,0.056325,0.062342,1.426529,0.05137,1.209965,0.006891,0.041768,0.451677,0.897259,0.049925,True,False,False,0.0063934326171875,0.07071067811865475,
synth_dense_small_d50,Dense Small,True,NVIDIA GeForce RTX 4090,12.1,0,50,200,10,10000,10000,500000,128,50.0,0.0,50,TC_DIRECT_TF32,0.062751,8.519921,0.097485,8.617406,0.066406,0.464743,0.056325,0.062342,1.058257,0.053931,0.897601,0.007234,0.041768,0.451677,0.665623,0.052414,True,False,False,0.006394386291503906,0.07071067811865475,
synth_dense_small_d50,Dense Small,True,NVIDIA GeForce RTX 4090,12.1,0,50,200,10,10000,10000,500000,128,50.0,0.0,50,COMMUNITY_TC_TF32,0.065469,11.66054,0.115402,11.775941,0.066406,0.464743,0.056325,0.062342,1.014311,0.039465,0.860327,0.005294,0.041768,0.451677,0.637982,0.038356,True,False,False,0.0063953399658203125,0.07071067811865475,
synth_dense_small_d50,Dense Small,True,NVIDIA GeForce RTX 4090,12.1,0,50,200,10,10000,10000,500000,128,50.0,0.0,50,SEGMENT_HYBRID_TF32,0.066724,9.457808,0.116224,9.574032,0.066406,0.464743,0.056325,0.062342,0.995242,0.048542,0.844153,0.006512,0.041768,0.451677,0.625988,0.047177,True,False,False,0.006394386291503906,0.07071067811865475,
synth_dense_small_d50,Dense Small,True,NVIDIA GeForce RTX 4090,12.1,0,50,200,10,10000,10000,500000,128,50.0,0.0,50,CUSPARSE,0.066406,0.39306,0.071683,0.464743,0.066406,0.464743,0.056325,0.062342,1.0,1.0,0.848188,0.134144,0.041768,0.451677,,,True,False,False,0.0,0.0,
synth_dense_small_d50,Dense Small,True,NVIDIA GeForce RTX 4090,12.1,0,50,200,10,10000,10000,500000,256,50.0,0.0,50,CSR_DIRECT,0.129725,0.0,0.136083,0.136083,0.116736,0.514309,0.129725,0.136083,0.89987,3.779373,1.0,1.0,0.071158,0.483356,,,True,False,False,6.67572021484375e-06,0.007071067811865475,
synth_dense_small_d50,Dense Small,True,NVIDIA GeForce RTX 4090,12.1,0,50,200,10,10000,10000,500000,256,50.0,0.0,50,RODE_ENHANCED,0.121446,0.1983,0.129267,0.327568,0.116736,0.514309,0.129725,0.136083,0.961218,1.570086,1.068174,0.415436,0.071158,0.483356,,,True,False,False,4.76837158203125e-06,0.007071067811865475,
synth_dense_small_d50,Dense Small,True,NVIDIA GeForce RTX 4090,12.1,0,50,200,10,10000,10000,500000,256,50.0,0.0,50,ZERO_OVERHEAD_CSR,0.12863,0.043831,0.129526,0.173357,0.116736,0.514309,0.129725,0.136083,0.90753,2.966758,1.008513,0.784987,0.071158,0.483356,,,True,False,False,6.67572021484375e-06,0.007071067811865475,
synth_dense_small_d50,Dense Small,True,NVIDIA GeForce RTX 4090,12.1,0,50,200,10,10000,10000,500000,256,50.0,0.0,50,TC_DIRECT,0.081797,10.094435,0.26009,10.354524,0.116736,0.514309,0.129725,0.136083,1.427141,0.04967,1.585941,0.013142,0.071158,0.483356,0.86993,0.046681,True,False,False,0.006801605224609375,0.07071067811865475,
synth_dense_small_d50,Dense Small,True,NVIDIA GeForce RTX 4090,12.1,0,50,200,10,10000,10000,500000,256,50.0,0.0,50,COMMUNITY_TC,0.086896,11.77464,0.363123,12.137763,0.116736,0.514309,0.129725,0.136083,1.343404,0.042373,1.492887,0.011212,0.071158,0.483356,0.818887,0.039823,True,False,False,0.006801605224609375,0.07071067811865475,
synth_dense_small_d50,Dense Small,True,NVIDIA GeForce RTX 4090,12.1,0,50,200,10,10000,10000,500000,256,50.0,0.0,50,SEGMENT_HYBRID,0.085391,10.404855,0.339984,10.744839,0.116736,0.514309,0.129725,0.136083,1.36707,0.047866,1.519187,0.012665,0.071158,0.483356,0.833313,0.044985,True,False,False,0.006801605224609375,0.07071067811865475,
synth_dense_small_d50,Dense Small,True,NVIDIA GeForce RTX 4090,12.1,0,50,200,10,10000,10000,500000,256,50.0,0.0,50,TC_DIRECT_TF32,0.11755,10.477586,0.152666,10.630251,0.116736,0.514309,0.129725,0.136083,0.993075,0.048382,1.103576,0.012802,0.071158,0.483356,0.60534,0.04547,True,False,False,0.006801605224609375,0.07071067811865475,
synth_dense_small_d50,Dense Small,True,NVIDIA GeForce RTX 4090,12.1,0,50,200,10,10000,10000,500000,256,50.0,0.0,50,COMMUNITY_TC_TF32,0.122153,11.846113,0.169939,12.016052,0.116736,0.514309,0.129725,0.136083,0.955654,0.042802,1.061992,0.011325,0.071158,0.483356,0.58253,0.040226,True,False,False,0.006801605224609375,0.07071067811865475,
synth_dense_small_d50,Dense Small,True,NVIDIA GeForce RTX 4090,12.1,0,50,200,10,10000,10000,500000,256,50.0,0.0,50,SEGMENT_HYBRID_TF32,0.123633,10.464704,0.173222,10.637926,0.116736,0.514309,0.129725,0.136083,0.944214,0.048347,1.049279,0.012792,0.071158,0.483356,0.575557,0.045437,True,False,False,0.006801605224609375,0.07071067811865475,
synth_dense_small_d50,Dense Small,True,NVIDIA GeForce RTX 4090,12.1,0,50,200,10,10000,10000,500000,256,50.0,0.0,50,CUSPARSE,0.116736,0.392674,0.121635,0.514309,0.116736,0.514309,0.129725,0.136083,1.0,1.0,1.111272,0.264594,0.071158,0.483356,,,True,False,False,0.0,0.0,
synth_dense_small_d50,Dense Small,True,NVIDIA GeForce RTX 4090,12.1,0,50,200,10,10000,10000,500000,512,50.0,0.0,50,CSR_DIRECT,0.233595,0.0,0.240397,0.240397,0.223718,0.624452,0.233595,0.240397,0.95772,2.597587,1.0,1.0,0.135234,0.63776,,,True,False,False,7.62939453125e-06,0.007071067811865475,
synth_dense_small_d50,Dense Small,True,NVIDIA GeForce RTX 4090,12.1,0,50,200,10,10000,10000,500000,512,50.0,0.0,50,RODE_ENHANCED,0.214236,0.209075,0.22455,0.433625,0.223718,0.624452,0.233595,0.240397,1.044261,1.440072,1.090362,0.554389,0.135234,0.63776,,,True,False,False,5.7220458984375e-06,0.007071067811865475,
synth_dense_small_d50,Dense Small,True,NVIDIA GeForce RTX 4090,12.1,0,50,200,10,10000,10000,500000,512,50.0,0.0,50,ZERO_OVERHEAD_CSR,0.220621,0.041418,0.226419,0.267837,0.223718,0.624452,0.233595,0.240397,1.01404,2.331461,1.058807,0.897549,0.135234,0.63776,,,True,False,False,7.62939453125e-06,0.007071067811865475,
synth_dense_small_d50,Dense Small,True,NVIDIA GeForce RTX 4090,12.1,0,50,200,10,10000,10000,500000,512,50.0,0.0,50,TC_DIRECT,0.152817,11.000149,0.442966,11.443115,0.223718,0.624452,0.233595,0.240397,1.463966,0.05457,1.528596,0.021008,0.135234,0.63776,0.884942,0.055733,True,False,False,0.0068288445472717285,0.07071067811865475,
synth_dense_small_d50,Dense Small,True,NVIDIA GeForce RTX 4090,12.1,0,50,200,10,10000,10000,500000,512,50.0,0.0,50,COMMUNITY_TC,0.160963,11.990947,0.355754,12.346701,0.223718,0.624452,0.233595,0.240397,1.389878,0.050576,1.451237,0.019471,0.135234,0.63776,0.840158,0.051654,True,False,False,0.0068288445472717285,0.07071067811865475,
synth_dense_small_d50,Dense Small,True,NVIDIA GeForce RTX 4090,12.1,0,50,200,10,10000,10000,500000,512,50.0,0.0,50,SEGMENT_HYBRID,0.162714,11.715211,0.357309,12.07252,0.223718,0.624452,0.233595,0.240397,1.374921,0.051725,1.43562,0.019913,0.135234,0.63776,0.831116,0.052827,True,False,False,0.0068288445472717285,0.07071067811865475,
synth_dense_small_d50,Dense Small,True,NVIDIA GeForce RTX 4090,12.1,0,50,200,10,10000,10000,500000,512,50.0,0.0,50,TC_DIRECT_TF32,0.223293,12.490788,0.256512,12.7473,0.223718,0.624452,0.233595,0.240397,1.001903,0.048987,1.046134,0.018859,0.135234,0.63776,0.605633,0.050031,True,False,False,0.0068288445472717285,0.07071067811865475,
synth_dense_small_d50,Dense Small,True,NVIDIA GeForce RTX 4090,12.1,0,50,200,10,10000,10000,500000,512,50.0,0.0,50,COMMUNITY_TC_TF32,0.229535,11.898493,0.269978,12.16847,0.223718,0.624452,0.233595,0.240397,0.97466,0.051317,1.017689,0.019756,0.135234,0.63776,0.589165,0.052411,True,False,False,0.0068288445472717285,0.07071067811865475,
synth_dense_small_d50,Dense Small,True,NVIDIA GeForce RTX 4090,12.1,0,50,200,10,10000,10000,500000,512,50.0,0.0,50,SEGMENT_HYBRID_TF32,0.229862,10.719433,0.27608,10.995513,0.223718,0.624452,0.233595,0.240397,0.973271,0.056791,1.016238,0.021863,0.135234,0.63776,0.588326,0.058002,True,False,False,0.0068288445472717285,0.07071067811865475,
synth_dense_small_d50,Dense Small,True,NVIDIA GeForce RTX 4090,12.1,0,50,200,10,10000,10000,500000,512,50.0,0.0,50,CUSPARSE,0.223718,0.394263,0.230189,0.624452,0.223718,0.624452,0.233595,0.240397,1.0,1.0,1.044147,0.384973,0.135234,0.63776,,,True,False,False,0.0,0.0,
synth_dense_small_d70,Dense Small,True,NVIDIA GeForce RTX 4090,12.1,0,50,200,10,10000,10000,700000,64,70.0,0.0,70,CSR_DIRECT,0.038154,0.0,0.044528,0.044528,0.048911,0.448614,0.038154,0.044528,1.281938,10.074864,1.0,1.0,0.039603,0.453466,,,True,False,False,9.5367431640625e-06,0.008366600265340756,
synth_dense_small_d70,Dense Small,True,NVIDIA GeForce RTX 4090,12.1,0,50,200,10,10000,10000,700000,64,70.0,0.0,70,RODE_ENHANCED,0.04374,0.256612,0.05223,0.308842,0.048911,0.448614,0.038154,0.044528,1.118226,1.452565,0.872293,0.144177,0.039603,0.453466,,,True,False,False,9.5367431640625e-06,0.008366600265340756,
synth_dense_small_d70,Dense Small,True,NVIDIA GeForce RTX 4090,12.1,0,50,200,10,10000,10000,700000,64,70.0,0.0,70,ZERO_OVERHEAD_CSR,0.045117,0.092332,0.052835,0.145167,0.048911,0.448614,0.038154,0.044528,1.08409,3.090323,0.845665,0.306736,0.039603,0.453466,,,True,False,False,9.5367431640625e-06,0.008366600265340756,
synth_dense_small_d70,Dense Small,True,NVIDIA GeForce RTX 4090,12.1,0,50,200,10,10000,10000,700000,64,70.0,0.0,70,TC_DIRECT,0.030217,13.440682,0.248307,13.688989,0.048911,0.448614,0.038154,0.044528,1.618647,0.032772,1.262656,0.003253,0.039603,0.453466,1.310607,0.033126,True,False,False,0.007779598236083984,0.08366600265340757,
synth_dense_small_d70,Dense Small,True,NVIDIA GeForce RTX 4090,12.1,0,50,200,10,10000,10000,700000,64,70.0,0.0,70,COMMUNITY_TC,0.032548,11.522565,0.234074,11.756639,0.048911,0.448614,0.038154,0.044528,1.502753,0.038158,1.172251,0.003787,0.039603,0.453466,1.216769,0.038571,True,False,False,0.007779121398925781,0.08366600265340757,
synth_dense_small_d70,Dense Small,True,NVIDIA GeForce RTX 4090,12.1,0,50,200,10,10000,10000,700000,64,70.0,0.0,70,SEGMENT_HYBRID,0.04181,11.299471,0.444918,11.744389,0.048911,0.448614,0.038154,0.044528,1.169851,0.038198,0.912564,0.003791,0.039603,0.453466,0.94722,0.038611,True,False,False,0.007779121398925781,0.08366600265340757,
synth_dense_small_d70,Dense Small,True,NVIDIA GeForce RTX 4090,12.1,0,50,200,10,10000,10000,700000,64,70.0,0.0,70,TC_DIRECT_TF32,0.038584,10.839784,0.07433,10.914114,0.048911,0.448614,0.038154,0.044528,1.267654,0.041104,0.988858,0.00408,0.039603,0.453466,1.026411,0.041549,True,False,False,0.0077800750732421875,0.08366600265340757,
synth_dense_small_d70,Dense Small,True,NVIDIA GeForce RTX 4090,12.1,0,50,200,10,10000,10000,700000,64,70.0,0.0,70,COMMUNITY_TC_TF32,0.040643,12.323621,0.089882,12.413503,0.048911,0.448614,0.038154,0.044528,1.203452,0.036139,0.938775,0.003587,0.039603,0.453466,0.974427,0.03653,True,False,False,0.0077800750732421875,0.08366600265340757,
synth_dense_small_d70,Dense Small,True,NVIDIA GeForce RTX 4090,12.1,0,50,200,10,10000,10000,700000,64,70.0,0.0,70,SEGMENT_HYBRID_TF32,0.050888,11.21113,0.372397,11.583527,0.048911,0.448614,0.038154,0.044528,0.961163,0.038729,0.749774,0.003844,0.039603,0.453466,0.778247,0.039147,True,False,False,0.007779598236083984,0.08366600265340757,
synth_dense_small_d70,Dense Small,True,NVIDIA GeForce RTX 4090,12.1,0,50,200,10,10000,10000,700000,64,70.0,0.0,70,CUSPARSE,0.048911,0.394047,0.054566,0.448614,0.048911,0.448614,0.038154,0.044528,1.0,1.0,0.780069,0.099257,0.039603,0.453466,,,True,False,False,0.0,0.0,
synth_dense_small_d70,Dense Small,True,NVIDIA GeForce RTX 4090,12.1,0,50,200,10,10000,10000,700000,128,70.0,0.0,70,CSR_DIRECT,0.076754,0.0,0.08279,0.08279,0.081951,0.481909,0.076754,0.08279,1.067712,5.820832,1.0,1.0,0.050027,0.540659,,,True,False,False,9.5367431640625e-06,0.008366600265340756,
synth_dense_small_d70,Dense Small,True,NVIDIA GeForce RTX 4090,12.1,0,50,200,10,10000,10000,700000,128,70.0,0.0,70,RODE_ENHANCED,0.082104,0.202451,0.090093,0.292544,0.081951,0.481909,0.076754,0.08279,0.998139,1.647303,0.934839,0.283001,0.050027,0.540659,,,True,False,False,7.62939453125e-06,0.008366600265340756,
synth_dense_small_d70,Dense Small,True,NVIDIA GeForce RTX 4090,12.1,0,50,200,10,10000,10000,700000,128,70.0,0.0,70,ZERO_OVERHEAD_CSR,0.079278,0.083378,0.086246,0.169624,0.081951,0.481909,0.076754,0.08279,1.033712,2.841041,0.968157,0.488082,0.050027,0.540659,,,True,False,False,9.5367431640625e-06,0.008366600265340756,
synth_dense_small_d70,Dense Small,True,NVIDIA GeForce RTX 4090,12.1,0,50,200,10,10000,10000,700000,128,70.0,0.0,70,TC_DIRECT,0.05801,12.734689,0.274234,13.008923,0.081951,0.481909,0.076754,0.08279,1.41271,0.037044,1.323119,0.006364,0.050027,0.540659,0.862384,0.041561,True,False,False,0.007865667343139648,0.08366600265340757,
synth_dense_small_d70,Dense Small,True,NVIDIA GeForce RTX 4090,12.1,0,50,200,10,10000,10000,700000,128,70.0,0.0,70,COMMUNITY_TC,0.057646,13.521779,0.26329,13.785069,0.081951,0.481909,0.076754,0.08279,1.421618,0.034959,1.331463,0.006006,0.050027,0.540659,0.867822,0.039221,True,False,False,0.007865667343139648,0.08366600265340757,
synth_dense_small_d70,Dense Small,True,NVIDIA GeForce RTX 4090,12.1,0,50,200,10,10000,10000,700000,128,70.0,0.0,70,SEGMENT_HYBRID,0.069729,14.005844,0.485469,14.491313,0.081951,0.481909,0.076754,0.08279,1.17527,0.033255,1.100737,0.005713,0.050027,0.540659,0.71744,0.037309,True,False,False,0.00786590576171875,0.08366600265340757,
synth_dense_small_d70,Dense Small,True,NVIDIA GeForce RTX 4090,12.1,0,50,200,10,10000,10000,700000,128,70.0,0.0,70,TC_DIRECT_TF32,0.081505,14.348089,0.117715,14.465804,0.081951,0.481909,0.076754,0.08279,1.005465,0.033314,0.941701,0.005723,0.050027,0.540659,0.613783,0.037375,True,False,False,0.007865190505981445,0.08366600265340757,
synth_dense_small_d70,Dense Small,True,NVIDIA GeForce RTX 4090,12.1,0,50,200,10,10000,10000,700000,128,70.0,0.0,70,COMMUNITY_TC_TF32,0.083686,15.279283,0.143261,15.422544,0.081951,0.481909,0.076754,0.08279,0.97926,0.031247,0.917157,0.005368,0.050027,0.540659,0.597786,0.035056,True,False,False,0.007865667343139648,0.08366600265340757,
synth_dense_small_d70,Dense Small,True,NVIDIA GeForce RTX 4090,12.1,0,50,200,10,10000,10000,700000,128,70.0,0.0,70,SEGMENT_HYBRID_TF32,0.095094,14.065781,0.304512,14.370293,0.081951,0.481909,0.076754,0.08279,0.861789,0.033535,0.807136,0.005761,0.050027,0.540659,0.526076,0.037623,True,False,False,0.007865428924560547,0.08366600265340757,
synth_dense_small_d70,Dense Small,True,NVIDIA GeForce RTX 4090,12.1,0,50,200,10,10000,10000,700000,128,70.0,0.0,70,CUSPARSE,0.081951,0.394431,0.087478,0.481909,0.081951,0.481909,0.076754,0.08279,1.0,1.0,0.936582,0.171797,0.050027,0.540659,,,True,False,False,0.0,0.0,
synth_dense_small_d70,Dense Small,True,NVIDIA GeForce RTX 4090,12.1,0,50,200,10,10000,10000,700000,256,70.0,0.0,70,CSR_DIRECT,0.168187,0.0,0.174448,0.174448,0.157046,0.555224,0.168187,0.174448,0.933757,3.182745,1.0,1.0,0.095196,0.913116,,,True,False,False,1.33514404296875e-05,0.008366600265340756,
synth_dense_small_d70,Dense Small,True,NVIDIA GeForce RTX 4090,12.1,0,50,200,10,10000,10000,700000,256,70.0,0.0,70,RODE_ENHANCED,0.155028,0.188031,0.162957,0.350988,0.157046,0.555224,0.168187,0.174448,1.013012,1.581889,1.084877,0.49702,0.095196,0.913116,,,True,False,False,1.1444091796875e-05,0.008366600265340756,
synth_dense_small_d70,Dense Small,True,NVIDIA GeForce RTX 4090,12.1,0,50,200,10,10000,10000,700000,256,70.0,0.0,70,ZERO_OVERHEAD_CSR,0.147297,0.086257,0.154909,0.241166,0.157046,0.555224,0.168187,0.174448,1.066182,2.302247,1.141819,0.723353,0.095196,0.913116,,,True,False,False,1.33514404296875e-05,0.008366600265340756,
synth_dense_small_d70,Dense Small,True,NVIDIA GeForce RTX 4090,12.1,0,50,200,10,10000,10000,700000,256,70.0,0.0,70,TC_DIRECT,0.111078,13.217654,0.29367,13.511324,0.157046,0.555224,0.168187,0.174448,1.413828,0.041093,1.514128,0.012911,0.095196,0.913116,0.857013,0.067582,True,False,False,0.008159160614013672,0.08366600265340757,
synth_dense_small_d70,Dense Small,True,NVIDIA GeForce RTX 4090,12.1,0,50,200,10,10000,10000,700000,256,70.0,0.0,70,COMMUNITY_TC,0.11584,14.778405,0.423584,15.201989,0.157046,0.555224,0.168187,0.174448,1.355713,0.036523,1.45189,0.011475,0.095196,0.913116,0.821786,0.060066,True,False,False,0.008159160614013672,0.08366600265340757,
synth_dense_small_d70,Dense Small,True,NVIDIA GeForce RTX 4090,12.1,0,50,200,10,10000,10000,700000,256,70.0,0.0,70,SEGMENT_HYBRID,0.131492,14.670793,0.618925,15.289718,0.157046,0.555224,0.168187,0.174448,1.194338,0.036314,1.279067,0.011409,0.095196,0.913116,0.723966,0.059721,True,False,False,0.00815892219543457,0.08366600265340757,
synth_dense_small_d70,Dense Small,True,NVIDIA GeForce RTX 4090,12.1,0,50,200,10,10000,10000,700000,256,70.0,0.0,70,TC_DIRECT_TF32,0.160712,14.169801,0.195894,14.365695,0.157046,0.555224,0.168187,0.174448,0.977189,0.038649,1.046513,0.012143,0.095196,0.913116,0.592338,0.063562,True,False,False,0.008159160614013672,0.08366600265340757,
synth_dense_small_d70,Dense Small,True,NVIDIA GeForce RTX 4090,12.1,0,50,200,10,10000,10000,700000,256,70.0,0.0,70,COMMUNITY_TC_TF32,0.164772,15.110202,0.213498,15.3237,0.157046,0.555224,0.168187,0.174448,0.95311,0.036233,1.020726,0.011384,0.095196,0.913116,0.577742,0.059588,True,False,False,0.008159160614013672,0.08366600265340757,
synth_dense_small_d70,Dense Small,True,NVIDIA GeForce RTX 4090,12.1,0,50,200,10,10000,10000,700000,256,70.0,0.0,70,SEGMENT_HYBRID_TF32,0.181878,14.480062,0.686266,15.166327,0.157046,0.555224,0.168187,0.174448,0.863469,0.036609,0.924725,0.011502,0.095196,0.913116,0.523405,0.060207,True,False,False,0.00815892219543457,0.08366600265340757,
synth_dense_small_d70,Dense Small,True,NVIDIA GeForce RTX 4090,12.1,0,50,200,10,10000,10000,700000,256,70.0,0.0,70,CUSPARSE,0.157046,0.393416,0.161808,0.555224,0.157046,0.555224,0.168187,0.174448,1.0,1.0,1.070942,0.314194,0.095196,0.913116,,,True,False,False,0.0,0.0,
synth_dense_small_d70,Dense Small,True,NVIDIA GeForce RTX 4090,12.1,0,50,200,10,10000,10000,700000,512,70.0,0.0,70,CSR_DIRECT,0.320794,0.0,0.327712,0.327712,0.306893,0.7223,0.320794,0.327712,0.956667,2.204068,1.0,1.0,0.182216,0.636182,,,True,False,False,1.1444091796875e-05,0.008366600265340756,
synth_dense_small_d70,Dense Small,True,NVIDIA GeForce RTX 4090,12.1,0,50,200,10,10000,10000,700000,512,70.0,0.0,70,RODE_ENHANCED,0.29376,0.19439,0.301581,0.495971,0.306893,0.7223,0.320794,0.327712,1.044706,1.456334,1.092026,0.660748,0.182216,0.636182,,,True,False,False,1.1444091796875e-05,0.008366600265340756,
synth_dense_small_d70,Dense Small,True,NVIDIA GeForce RTX 4090,12.1,0,50,200,10,10000,10000,700000,512,70.0,0.0,70,ZERO_OVERHEAD_CSR,0.289295,0.084908,0.297155,0.382064,0.306893,0.7223,0.320794,0.327712,1.060829,1.890522,1.108879,0.857742,0.182216,0.636182,,,True,False,False,1.1444091796875e-05,0.008366600265340756,
synth_dense_small_d70,Dense Small,True,NVIDIA GeForce RTX 4090,12.1,0,50,200,10,10000,10000,700000,512,70.0,0.0,70,TC_DIRECT,0.210554,13.978987,0.393331,14.372318,0.306893,0.7223,0.320794,0.327712,1.457547,0.050256,1.523568,0.022802,0.182216,0.636182,0.86541,0.044264,True,False,False,0.007959365844726562,0.08366600265340757,
synth_dense_small_d70,Dense Small,True,NVIDIA GeForce RTX 4090,12.1,0,50,200,10,10000,10000,700000,512,70.0,0.0,70,COMMUNITY_TC,0.219751,14.676093,0.494166,15.170259,0.306893,0.7223,0.320794,0.327712,1.396547,0.047613,1.459804,0.021602,0.182216,0.636182,0.829191,0.041936,True,False,False,0.007962226867675781,0.08366600265340757,
synth_dense_small_d70,Dense Small,True,NVIDIA GeForce RTX 4090,12.1,0,50,200,10,10000,10000,700000,512,70.0,0.0,70,SEGMENT_HYBRID,0.299018,15.452972,0.584576,16.037548,0.306893,0.7223,0.320794,0.327712,1.026335,0.045038,1.072823,0.020434,0.182216,0.636182,0.60938,0.039668,True,False,False,0.007960319519042969,0.08366600265340757,
synth_dense_small_d70,Dense Small,True,NVIDIA GeForce RTX 4090,12.1,0,50,200,10,10000,10000,700000,512,70.0,0.0,70,TC_DIRECT_TF32,0.312499,13.695335,0.342918,14.038253,0.306893,0.7223,0.320794,0.327712,0.982059,0.051452,1.026542,0.023344,0.182216,0.636182,0.583092,0.045318,True,False,False,0.00795745849609375,0.08366600265340757,
synth_dense_small_d70,Dense Small,True,NVIDIA GeForce RTX 4090,12.1,0,50,200,10,10000,10000,700000,512,70.0,0.0,70,COMMUNITY_TC_TF32,0.318152,15.166262,0.360554,15.526816,0.306893,0.7223,0.320794,0.327712,0.964612,0.046519,1.008304,0.021106,0.182216,0.636182,0.572732,0.040973,True,False,False,0.007958412170410156,0.08366600265340757,
synth_dense_small_d70,Dense Small,True,NVIDIA GeForce RTX 4090,12.1,0,50,200,10,10000,10000,700000,512,70.0,0.0,70,SEGMENT_HYBRID_TF32,0.392069,15.992242,4.96975,20.961992,0.306893,0.7223,0.320794,0.327712,0.782752,0.034458,0.818207,0.015634,0.182216,0.636182,0.464754,0.030349,True,False,False,0.007960319519042969,0.08366600265340757,
synth_dense_small_d70,Dense Small,True,NVIDIA GeForce RTX 4090,12.1,0,50,200,10,10000,10000,700000,512,70.0,0.0,70,CUSPARSE,0.306893,0.410232,0.312067,0.7223,0.306893,0.7223,0.320794,0.327712,1.0,1.0,1.045295,0.453706,0.182216,0.636182,,,True,False,False,0.0,0.0,
synth_dense_small_d90,Dense Small,True,NVIDIA GeForce RTX 4090,12.1,0,50,200,10,10000,10000,900000,64,90.0,0.0,90,CSR_DIRECT,0.047508,0.0,0.054234,0.054234,0.06123,0.460581,0.047508,0.054234,1.288824,8.49254,1.0,1.0,0.04844,0.64622,,,True,False,False,1.1444091796875e-05,0.009486832980505138,
synth_dense_small_d90,Dense Small,True,NVIDIA GeForce RTX 4090,12.1,0,50,200,10,10000,10000,900000,64,90.0,0.0,90,RODE_ENHANCED,0.053279,0.255085,0.063245,0.31833,0.06123,0.460581,0.047508,0.054234,1.14923,1.446868,0.891689,0.170369,0.04844,0.64622,,,True,False,False,9.5367431640625e-06,0.009486832980505138,
synth_dense_small_d90,Dense Small,True,NVIDIA GeForce RTX 4090,12.1,0,50,200,10,10000,10000,900000,64,90.0,0.0,90,ZERO_OVERHEAD_CSR,0.056678,0.093424,0.064528,0.157952,0.06123,0.460581,0.047508,0.054234,1.080307,2.915957,0.838211,0.343355,0.04844,0.64622,,,True,False,False,1.1444091796875e-05,0.009486832980505138,
synth_dense_small_d90,Dense Small,True,NVIDIA GeForce RTX 4090,12.1,0,50,200,10,10000,10000,900000,64,90.0,0.0,90,TC_DIRECT,0.037053,15.703197,0.324173,16.02737,0.06123,0.460581,0.047508,0.054234,1.65248,0.028737,1.282161,0.003384,0.04844,0.64622,1.30731,0.04032,True,False,False,0.008704900741577148,0.09486832980505137,
synth_dense_small_d90,Dense Small,True,NVIDIA GeForce RTX 4090,12.1,0,50,200,10,10000,10000,900000,64,90.0,0.0,90,COMMUNITY_TC,0.039235,14.721818,0.280701,15.002519,0.06123,0.460581,0.047508,0.054234,1.560616,0.0307,1.210883,0.003615,0.04844,0.64622,1.234634,0.043074,True,False,False,0.008703947067260742,0.09486832980505137,
synth_dense_small_d90,Dense Small,True,NVIDIA GeForce RTX 4090,12.1,0,50,200,10,10000,10000,900000,64,90.0,0.0,90,SEGMENT_HYBRID,0.050202,13.725456,0.392,14.117456,0.06123,0.460581,0.047508,0.054234,1.219684,0.032625,0.946354,0.003842,0.04844,0.64622,0.964916,0.045775,True,False,False,0.008704423904418945,0.09486832980505137,
synth_dense_small_d90,Dense Small,True,NVIDIA GeForce RTX 4090,12.1,0,50,200,10,10000,10000,900000,64,90.0,0.0,90,TC_DIRECT_TF32,0.048031,14.967667,0.082038,15.049705,0.06123,0.460581,0.047508,0.054234,1.274802,0.030604,0.98912,0.003604,0.04844,0.64622,1.008521,0.042939,True,False,False,0.008705377578735352,0.09486832980505137,
synth_dense_small_d90,Dense Small,True,NVIDIA GeForce RTX 4090,12.1,0,50,200,10,10000,10000,900000,64,90.0,0.0,90,COMMUNITY_TC_TF32,0.048645,15.687901,0.100966,15.788867,0.06123,0.460581,0.047508,0.054234,1.25871,0.029171,0.976634,0.003435,0.04844,0.64622,0.99579,0.040929,True,False,False,0.008704423904418945,0.09486832980505137,
synth_dense_small_d90,Dense Small,True,NVIDIA GeForce RTX 4090,12.1,0,50,200,10,10000,10000,900000,64,90.0,0.0,90,SEGMENT_HYBRID_TF32,0.063857,14.588265,0.272282,14.860547,0.06123,0.460581,0.047508,0.054234,0.958868,0.030994,0.743987,0.00365,0.04844,0.64622,0.758579,0.043486,True,False,False,0.008704423904418945,0.09486832980505137,
synth_dense_small_d90,Dense Small,True,NVIDIA GeForce RTX 4090,12.1,0,50,200,10,10000,10000,900000,64,90.0,0.0,90,CUSPARSE,0.06123,0.392802,0.067779,0.460581,0.06123,0.460581,0.047508,0.054234,1.0,1.0,0.775901,0.11775,0.04844,0.64622,,,True,False,False,0.0,0.0,
synth_dense_small_d90,Dense Small,True,NVIDIA GeForce RTX 4090,12.1,0,50,200,10,10000,10000,900000,128,90.0,0.0,90,CSR_DIRECT,0.097004,0.0,0.104064,0.104064,0.110075,0.509388,0.097004,0.104064,1.134751,4.894951,1.0,1.0,0.064511,0.689331,,,True,False,False,1.1444091796875e-05,0.009486832980505138,
synth_dense_small_d90,Dense Small,True,NVIDIA GeForce RTX 4090,12.1,0,50,200,10,10000,10000,900000,128,90.0,0.0,90,RODE_ENHANCED,0.103066,0.202476,0.111587,0.314063,0.110075,0.509388,0.097004,0.104064,1.068008,1.621929,0.941182,0.331347,0.064511,0.689331,,,True,False,False,8.58306884765625e-06,0.009486832980505138,
synth_dense_small_d90,Dense Small,True,NVIDIA GeForce RTX 4090,12.1,0,50,200,10,10000,10000,900000,128,90.0,0.0,90,ZERO_OVERHEAD_CSR,0.10176,0.083144,0.109424,0.192568,0.110075,0.509388,0.097004,0.104064,1.081711,2.645243,0.953258,0.540402,0.064511,0.689331,,,True,False,False,1.1444091796875e-05,0.009486832980505138,
synth_dense_small_d90,Dense Small,True,NVIDIA GeForce RTX 4090,12.1,0,50,200,10,10000,10000,900000,128,90.0,0.0,90,TC_DIRECT,0.072555,16.389444,0.291718,16.681162,0.110075,0.509388,0.097004,0.104064,1.517129,0.030537,1.33697,0.006238,0.064511,0.689331,0.889136,0.041324,True,False,False,0.008314132690429688,0.09486832980505137,
synth_dense_small_d90,Dense Small,True,NVIDIA GeForce RTX 4090,12.1,0,50,200,10,10000,10000,900000,128,90.0,0.0,90,COMMUNITY_TC,0.075704,18.104441,0.286829,18.39127,0.110075,0.509388,0.097004,0.104064,1.454011,0.027697,1.281347,0.005658,0.064511,0.689331,0.852145,0.037481,True,False,False,0.008313179016113281,0.09486832980505137,
synth_dense_small_d90,Dense Small,True,NVIDIA GeForce RTX 4090,12.1,0,50,200,10,10000,10000,900000,128,90.0,0.0,90,SEGMENT_HYBRID,0.08832,17.334181,0.429078,17.76326,0.110075,0.509388,0.097004,0.104064,1.246321,0.028677,1.098321,0.005858,0.064511,0.689331,0.730425,0.038807,True,False,False,0.008315563201904297,0.09486832980505137,
synth_dense_small_d90,Dense Small,True,NVIDIA GeForce RTX 4090,12.1,0,50,200,10,10000,10000,900000,128,90.0,0.0,90,TC_DIRECT_TF32,0.109819,17.19104,0.147018,17.338057,0.110075,0.509388,0.097004,0.104064,1.002334,0.02938,0.883307,0.006002,0.064511,0.689331,0.587433,0.039758,True,False,False,0.008313179016113281,0.09486832980505137,
synth_dense_small_d90,Dense Small,True,NVIDIA GeForce RTX 4090,12.1,0,50,200,10,10000,10000,900000,128,90.0,0.0,90,COMMUNITY_TC_TF32,0.112497,18.011456,0.165763,18.177219,0.110075,0.509388,0.097004,0.104064,0.978473,0.028023,0.862279,0.005725,0.064511,0.689331,0.573449,0.037923,True,False,False,0.008313179016113281,0.09486832980505137,
synth_dense_small_d90,Dense Small,True,NVIDIA GeForce RTX 4090,12.1,0,50,200,10,10000,10000,900000,128,90.0,0.0,90,SEGMENT_HYBRID_TF32,0.1263,16.953787,0.354179,17.307966,0.110075,0.509388,0.097004,0.104064,0.871534,0.029431,0.76804,0.006012,0.064511,0.689331,0.510776,0.039827,True,False,False,0.008315563201904297,0.09486832980505137,
synth_dense_small_d90,Dense Small,True,NVIDIA GeForce RTX 4090,12.1,0,50,200,10,10000,10000,900000,128,90.0,0.0,90,CUSPARSE,0.110075,0.393487,0.115901,0.509388,0.110075,0.509388,0.097004,0.104064,1.0,1.0,0.88125,0.204292,0.064511,0.689331,,,True,False,False,0.0,0.0,
synth_dense_small_d90,Dense Small,True,NVIDIA GeForce RTX 4090,12.1,0,50,200,10,10000,10000,900000,256,90.0,0.0,90,CSR_DIRECT,0.228756,0.0,0.234694,0.234694,0.198584,0.597238,0.228756,0.234694,0.868104,2.544748,1.0,1.0,0.118391,0.620556,,,True,False,False,1.1444091796875e-05,0.009486832980505138,
synth_dense_small_d90,Dense Small,True,NVIDIA GeForce RTX 4090,12.1,0,50,200,10,10000,10000,900000,256,90.0,0.0,90,RODE_ENHANCED,0.210284,0.194819,0.219514,0.414333,0.198584,0.597238,0.228756,0.234694,0.944365,1.441445,1.087848,0.566439,0.118391,0.620556,,,True,False,False,9.5367431640625e-06,0.009486832980505138,
synth_dense_small_d90,Dense Small,True,NVIDIA GeForce RTX 4090,12.1,0,50,200,10,10000,10000,900000,256,90.0,0.0,90,ZERO_OVERHEAD_CSR,0.197018,0.082983,0.195978,0.27896,0.198584,0.597238,0.228756,0.234694,1.007952,2.140942,1.161097,0.841318,0.118391,0.620556,,,True,False,False,1.1444091796875e-05,0.009486832980505138,
synth_dense_small_d90,Dense Small,True,NVIDIA GeForce RTX 4090,12.1,0,50,200,10,10000,10000,900000,256,90.0,0.0,90,TC_DIRECT,0.14274,17.202762,0.332253,17.535015,0.198584,0.597238,0.228756,0.234694,1.391226,0.03406,1.602604,0.013384,0.118391,0.620556,0.829414,0.03539,True,False,False,0.008584976196289062,0.09486832980505137,
synth_dense_small_d90,Dense Small,True,NVIDIA GeForce RTX 4090,12.1,0,50,200,10,10000,10000,900000,256,90.0,0.0,90,COMMUNITY_TC,0.147395,17.98088,0.348768,18.329648,0.198584,0.597238,0.228756,0.234694,1.347298,0.032583,1.552001,0.012804,0.118391,0.620556,0.803224,0.033855,True,False,False,0.008585453033447266,0.09486832980505137,
synth_dense_small_d90,Dense Small,True,NVIDIA GeForce RTX 4090,12.1,0,50,200,10,10000,10000,900000,256,90.0,0.0,90,SEGMENT_HYBRID,0.162028,16.823786,0.499082,17.322868,0.198584,0.597238,0.228756,0.234694,1.225621,0.034477,1.411837,0.013548,0.118391,0.620556,0.730684,0.035823,True,False,False,0.00858616828918457,0.09486832980505137,
synth_dense_small_d90,Dense Small,True,NVIDIA GeForce RTX 4090,12.1,0,50,200,10,10000,10000,900000,256,90.0,0.0,90,TC_DIRECT_TF32,0.204447,17.462637,0.241254,17.703892,0.198584,0.597238,0.228756,0.234694,0.971326,0.033735,1.118905,0.013257,0.118391,0.620556,0.579079,0.035052,True,False,False,0.00858449935913086,0.09486832980505137,
synth_dense_small_d90,Dense Small,True,NVIDIA GeForce RTX 4090,12.1,0,50,200,10,10000,10000,900000,256,90.0,0.0,90,COMMUNITY_TC_TF32,0.208471,18.160153,0.255654,18.415807,0.198584,0.597238,0.228756,0.234694,0.952575,0.032431,1.097306,0.012744,0.118391,0.620556,0.567901,0.033697,True,False,False,0.00858449935913086,0.09486832980505137,
synth_dense_small_d90,Dense Small,True,NVIDIA GeForce RTX 4090,12.1,0,50,200,10,10000,10000,900000,256,90.0,0.0,90,SEGMENT_HYBRID_TF32,0.228526,16.947471,0.436128,17.383599,0.198584,0.597238,0.228756,0.234694,0.86898,0.034356,1.00101,0.013501,0.118391,0.620556,0.518064,0.035698,True,False,False,0.008585691452026367,0.09486832980505137,
synth_dense_small_d90,Dense Small,True,NVIDIA GeForce RTX 4090,12.1,0,50,200,10,10000,10000,900000,256,90.0,0.0,90,CUSPARSE,0.198584,0.39384,0.203398,0.597238,0.198584,0.597238,0.228756,0.234694,1.0,1.0,1.151936,0.392966,0.118391,0.620556,,,True,False,False,0.0,0.0,
synth_dense_small_d90,Dense Small,True,NVIDIA GeForce RTX 4090,12.1,0,50,200,10,10000,10000,900000,512,90.0,0.0,90,CSR_DIRECT,0.410772,0.0,0.416042,0.416042,0.389412,0.787759,0.410772,0.416042,0.947999,1.893462,1.0,1.0,0.230953,0.655044,,,True,False,False,1.33514404296875e-05,0.009486832980505138,
synth_dense_small_d90,Dense Small,True,NVIDIA GeForce RTX 4090,12.1,0,50,200,10,10000,10000,900000,512,90.0,0.0,90,RODE_ENHANCED,0.375296,0.197675,0.383446,0.581122,0.389412,0.787759,0.410772,0.416042,1.037613,1.355584,1.094529,0.715929,0.230953,0.655044,,,True,False,False,9.5367431640625e-06,0.009486832980505138,
synth_dense_small_d90,Dense Small,True,NVIDIA GeForce RTX 4090,12.1,0,50,200,10,10000,10000,900000,512,90.0,0.0,90,ZERO_OVERHEAD_CSR,0.370483,0.084387,0.377571,0.461958,0.389412,0.787759,0.410772,0.416042,1.051092,1.705261,1.108748,0.900605,0.230953,0.655044,,,True,False,False,1.33514404296875e-05,0.009486832980505138,
synth_dense_small_d90,Dense Small,True,NVIDIA GeForce RTX 4090,12.1,0,50,200,10,10000,10000,900000,512,90.0,0.0,90,TC_DIRECT,0.268826,17.026952,0.463046,17.489999,0.389412,0.787759,0.410772,0.416042,1.448567,0.045041,1.528026,0.023787,0.230953,0.655044,0.859119,0.037453,True,False,False,0.008645057678222656,0.09486832980505137,
synth_dense_small_d90,Dense Small,True,NVIDIA GeForce RTX 4090,12.1,0,50,200,10,10000,10000,900000,512,90.0,0.0,90,COMMUNITY_TC,0.272216,18.03618,0.47153,18.50771,0.389412,0.787759,0.410772,0.416042,1.430525,0.042564,1.508995,0.022479,0.230953,0.655044,0.848419,0.035393,True,False,False,0.008646011352539062,0.09486832980505137,
synth_dense_small_d90,Dense Small,True,NVIDIA GeForce RTX 4090,12.1,0,50,200,10,10000,10000,900000,512,90.0,0.0,90,SEGMENT_HYBRID,0.354586,17.005788,0.653987,17.659775,0.389412,0.787759,0.410772,0.416042,1.098217,0.044608,1.158458,0.023559,0.230953,0.655044,0.651333,0.037092,True,False,False,0.008649826049804688,0.09486832980505137,
synth_dense_small_d90,Dense Small,True,NVIDIA GeForce RTX 4090,12.1,0,50,200,10,10000,10000,900000,512,90.0,0.0,90,TC_DIRECT_TF32,0.399672,17.189907,0.426899,17.616806,0.389412,0.787759,0.410772,0.416042,0.974328,0.044716,1.027773,0.023616,0.230953,0.655044,0.577857,0.037183,True,False,False,0.008645057678222656,0.09486832980505137,
synth_dense_small_d90,Dense Small,True,NVIDIA GeForce RTX 4090,12.1,0,50,200,10,10000,10000,900000,512,90.0,0.0,90,COMMUNITY_TC_TF32,0.401454,18.779511,0.444291,19.223803,0.389412,0.787759,0.410772,0.416042,0.970003,0.040978,1.023212,0.021642,0.230953,0.655044,0.575292,0.034075,True,False,False,0.008645057678222656,0.09486832980505137,
synth_dense_small_d90,Dense Small,True,NVIDIA GeForce RTX 4090,12.1,0,50,200,10,10000,10000,900000,512,90.0,0.0,90,SEGMENT_HYBRID_TF32,0.481823,17.191975,0.673446,17.865422,0.389412,0.787759,0.410772,0.416042,0.808205,0.044094,0.852538,0.023288,0.230953,0.655044,0.479332,0.036665,True,False,False,0.008649826049804688,0.09486832980505137,
synth_dense_small_d90,Dense Small,True,NVIDIA GeForce RTX 4090,12.1,0,50,200,10,10000,10000,900000,512,90.0,0.0,90,CUSPARSE,0.389412,0.393855,0.393904,0.787759,0.389412,0.787759,0.410772,0.416042,1.0,1.0,1.054854,0.528133,0.230953,0.655044,,,True,False,False,0.0,0.0,
synth_mixed_v1,Mixed/Irregular,True,NVIDIA GeForce RTX 4090,12.1,0,50,200,10,200000,200000,4001390,64,20.00695,2.133334,240,CSR_DIRECT,0.246538,0.0,0.255149,0.255149,0.332001,0.719069,0.246538,0.255149,1.346652,2.818236,1.0,1.0,0.243779,0.773985,,,True,False,False,2.6702880859375e-05,0.01549193338482967,
synth_mixed_v1,Mixed/Irregular,True,NVIDIA GeForce RTX 4090,12.1,0,50,200,10,200000,200000,4001390,64,20.00695,2.133334,240,RODE_ENHANCED,0.258094,2.553346,0.287254,2.8406,0.332001,0.719069,0.246538,0.255149,1.286358,0.25314,0.955226,0.089822,0.243779,0.773985,,,True,False,False,2.6702880859375e-05,0.01549193338482967,
synth_mixed_v1,Mixed/Irregular,True,NVIDIA GeForce RTX 4090,12.1,0,50,200,10,200000,200000,4001390,64,20.00695,2.133334,240,ZERO_OVERHEAD_CSR,0.290228,2.134485,0.307488,2.441973,0.332001,0.719069,0.246538,0.255149,1.143934,0.294462,0.849465,0.104485,0.243779,0.773985,,,True,False,False,2.6702880859375e-05,0.01549193338482967,
synth_mixed_v1,Mixed/Irregular,True,NVIDIA GeForce RTX 4090,12.1,0,50,200,10,200000,200000,4001390,64,20.00695,2.133334,240,TC_DIRECT,0.249057,70.861832,0.53545,71.397281,0.332001,0.719069,0.246538,0.255149,1.333032,0.010071,0.989886,0.003574,0.243779,0.773985,0.978805,0.010841,True,False,False,0.012539386749267578,0.1549193338482967,
synth_mixed_v1,Mixed/Irregular,True,NVIDIA GeForce RTX 4090,12.1,0,50,200,10,200000,200000,4001390,64,20.00695,2.133334,240,COMMUNITY_TC,0.297774,91.079993,0.713117,91.793109,0.332001,0.719069,0.246538,0.255149,1.114943,0.007834,0.827937,0.00278,0.243779,0.773985,0.818669,0.008432,True,False,False,0.012538433074951172,0.1549193338482967,
synth_mixed_v1,Mixed/Irregular,True,NVIDIA GeForce RTX 4090,12.1,0,50,200,10,200000,200000,4001390,64,20.00695,2.133334,240,SEGMENT_HYBRID,0.317358,72.833138,0.655968,73.489106,0.332001,0.719069,0.246538,0.255149,1.046141,0.009785,0.776846,0.003472,0.243779,0.773985,0.76815,0.010532,True,False,False,0.012539386749267578,0.1549193338482967,
synth_mixed_v1,Mixed/Irregular,True,NVIDIA GeForce RTX 4090,12.1,0,50,200,10,200000,200000,4001390,64,20.00695,2.133334,240,TC_DIRECT_TF32,0.277709,67.679559,0.391158,68.070718,0.332001,0.719069,0.246538,0.255149,1.195501,0.010564,0.887758,0.003748,0.243779,0.773985,0.877821,0.01137,True,False,False,0.012538909912109375,0.1549193338482967,
synth_mixed_v1,Mixed/Irregular,True,NVIDIA GeForce RTX 4090,12.1,0,50,200,10,200000,200000,4001390,64,20.00695,2.133334,240,COMMUNITY_TC_TF32,0.329559,91.442563,0.447542,91.890106,0.332001,0.719069,0.246538,0.255149,1.007411,0.007825,0.748085,0.002777,0.243779,0.773985,0.739711,0.008423,True,False,False,0.012538433074951172,0.1549193338482967,
synth_mixed_v1,Mixed/Irregular,True,NVIDIA GeForce RTX 4090,12.1,0,50,200,10,200000,200000,4001390,64,20.00695,2.133334,240,SEGMENT_HYBRID_TF32,0.374426,70.03237,0.49953,70.531899,0.332001,0.719069,0.246538,0.255149,0.886695,0.010195,0.658444,0.003617,0.243779,0.773985,0.651073,0.010974,True,False,False,0.012538909912109375,0.1549193338482967,
synth_mixed_v1,Mixed/Irregular,True,NVIDIA GeForce RTX 4090,12.1,0,50,200,10,200000,200000,4001390,64,20.00695,2.133334,240,CUSPARSE,0.332001,0.395876,0.323194,0.719069,0.332001,0.719069,0.246538,0.255149,1.0,1.0,0.742582,0.354832,0.243779,0.773985,,,True,False,False,0.0,0.0,
synth_mixed_v1,Mixed/Irregular,True,NVIDIA GeForce RTX 4090,12.1,0,50,200,10,200000,200000,4001390,128,20.00695,2.133334,240,CSR_DIRECT,0.912727,0.0,0.918797,0.918797,1.137116,1.625205,0.912727,0.918797,1.245845,1.76884,1.0,1.0,0.452659,0.940754,,,True,False,False,2.86102294921875e-05,0.01549193338482967,
synth_mixed_v1,Mixed/Irregular,True,NVIDIA GeForce RTX 4090,12.1,0,50,200,10,200000,200000,4001390,128,20.00695,2.133334,240,RODE_ENHANCED,0.940348,2.414282,0.965245,3.379526,1.137116,1.625205,0.912727,0.918797,1.20925,0.480897,0.970627,0.271871,0.452659,0.940754,,,True,False,False,2.6702880859375e-05,0.01549193338482967,
synth_mixed_v1,Mixed/Irregular,True,NVIDIA GeForce RTX 4090,12.1,0,50,200,10,200000,200000,4001390,128,20.00695,2.133334,240,ZERO_OVERHEAD_CSR,0.956938,2.109535,0.974538,3.084073,1.137116,1.625205,0.912727,0.918797,1.188286,0.526967,0.953799,0.297917,0.452659,0.940754,,,True,False,False,2.86102294921875e-05,0.01549193338482967,
synth_mixed_v1,Mixed/Irregular,True,NVIDIA GeForce RTX 4090,12.1,0,50,200,10,200000,200000,4001390,128,20.00695,2.133334,240,TC_DIRECT,0.538865,70.658617,2.102755,72.761372,1.137116,1.625205,0.912727,0.918797,2.110208,0.022336,1.693797,0.012628,0.452659,0.940754,0.840024,0.012929,True,False,False,0.012676239013671875,0.1549193338482967,
synth_mixed_v1,Mixed/Irregular,True,NVIDIA GeForce RTX 4090,12.1,0,50,200,10,200000,200000,4001390,128,20.00695,2.133334,240,COMMUNITY_TC,0.6464,95.206259,0.890982,96.097241,1.137116,1.625205,0.912727,0.918797,1.759153,0.016912,1.412016,0.009561,0.452659,0.940754,0.700277,0.00979,True,False,False,0.012675762176513672,0.1549193338482967,
synth_mixed_v1,Mixed/Irregular,True,NVIDIA GeForce RTX 4090,12.1,0,50,200,10,200000,200000,4001390,128,20.00695,2.133334,240,SEGMENT_HYBRID,0.656855,72.3376,0.961123,73.298723,1.137116,1.625205,0.912727,0.918797,1.731152,0.022172,1.389541,0.012535,0.452659,0.940754,0.689131,0.012835,True,False,False,0.012676239013671875,0.1549193338482967,
synth_mixed_v1,Mixed/Irregular,True,NVIDIA GeForce RTX 4090,12.1,0,50,200,10,200000,200000,4001390,128,20.00695,2.133334,240,TC_DIRECT_TF32,0.624046,73.027813,0.691782,73.719596,1.137116,1.625205,0.912727,0.918797,1.822167,0.022046,1.462596,0.012463,0.452659,0.940754,0.725362,0.012761,True,False,False,0.012675285339355469,0.1549193338482967,
synth_mixed_v1,Mixed/Irregular,True,NVIDIA GeForce RTX 4090,12.1,0,50,200,10,200000,200000,4001390,128,20.00695,2.133334,240,COMMUNITY_TC_TF32,0.686484,92.250585,0.797661,93.048246,1.137116,1.625205,0.912727,0.918797,1.656434,0.017466,1.329567,0.009874,0.452659,0.940754,0.659387,0.01011,True,False,False,0.012675762176513672,0.1549193338482967,
synth_mixed_v1,Mixed/Irregular,True,NVIDIA GeForce RTX 4090,12.1,0,50,200,10,200000,200000,4001390,128,20.00695,2.133334,240,SEGMENT_HYBRID_TF32,0.743916,69.33325,0.971344,70.304594,1.137116,1.625205,0.912727,0.918797,1.528555,0.023117,1.226923,0.013069,0.452659,0.940754,0.608482,0.013381,True,False,False,0.012675285339355469,0.1549193338482967,
synth_mixed_v1,Mixed/Irregular,True,NVIDIA GeForce RTX 4090,12.1,0,50,200,10,200000,200000,4001390,128,20.00695,2.133334,240,CUSPARSE,1.137116,0.446469,1.178736,1.625205,1.137116,1.625205,0.912727,0.918797,1.0,1.0,0.802668,0.565342,0.452659,0.940754,,,True,False,False,0.0,0.0,
synth_mixed_v1,Mixed/Irregular,True,NVIDIA GeForce RTX 4090,12.1,0,50,200,10,200000,200000,4001390,256,20.00695,2.133334,240,CSR_DIRECT,3.197082,0.0,3.204032,3.204032,2.243221,2.689769,3.197082,3.204032,0.701646,0.839495,1.0,1.0,0.89491,1.523884,,,True,False,False,2.6702880859375e-05,0.01549193338482967,
synth_mixed_v1,Mixed/Irregular,True,NVIDIA GeForce RTX 4090,12.1,0,50,200,10,200000,200000,4001390,256,20.00695,2.133334,240,RODE_ENHANCED,2.925532,2.531755,2.948912,5.480667,2.243221,2.689769,3.197082,3.204032,0.766773,0.490774,1.092821,0.584606,0.89491,1.523884,,,True,False,False,2.6702880859375e-05,0.01549193338482967,
synth_mixed_v1,Mixed/Irregular,True,NVIDIA GeForce RTX 4090,12.1,0,50,200,10,200000,200000,4001390,256,20.00695,2.133334,240,ZERO_OVERHEAD_CSR,2.672876,2.105151,2.695251,4.800402,2.243221,2.689769,3.197082,3.204032,0.839254,0.560322,1.196121,0.667451,0.89491,1.523884,,,True,False,False,2.6702880859375e-05,0.01549193338482967,
synth_mixed_v1,Mixed/Irregular,True,NVIDIA GeForce RTX 4090,12.1,0,50,200,10,200000,200000,4001390,256,20.00695,2.133334,240,TC_DIRECT,1.128095,73.020498,1.523142,74.543641,2.243221,2.689769,3.197082,3.204032,1.988504,0.036083,2.834054,0.042982,0.89491,1.523884,0.793293,0.020443,True,False,False,0.013782501220703125,0.1549193338482967,
synth_mixed_v1,Mixed/Irregular,True,NVIDIA GeForce RTX 4090,12.1,0,50,200,10,200000,200000,4001390,256,20.00695,2.133334,240,COMMUNITY_TC,1.41847,95.771343,1.626083,97.397426,2.243221,2.689769,3.197082,3.204032,1.581436,0.027616,2.253894,0.032896,0.89491,1.523884,0.630898,0.015646,True,False,False,0.013783454895019531,0.1549193338482967,
synth_mixed_v1,Mixed/Irregular,True,NVIDIA GeForce RTX 4090,12.1,0,50,200,10,200000,200000,4001390,256,20.00695,2.133334,240,SEGMENT_HYBRID,1.365156,72.776547,1.50311,74.279657,2.243221,2.689769,3.197082,3.204032,1.643197,0.036211,2.341917,0.043135,0.89491,1.523884,0.655537,0.020515,True,False,False,0.013782501220703125,0.1549193338482967,
synth_mixed_v1,Mixed/Irregular,True,NVIDIA GeForce RTX 4090,12.1,0,50,200,10,200000,200000,4001390,256,20.00695,2.133334,240,TC_DIRECT_TF32,1.225196,71.496,1.30375,72.79975,2.243221,2.689769,3.197082,3.204032,1.830908,0.036948,2.609446,0.044012,0.89491,1.523884,0.730422,0.020933,True,False,False,0.013782978057861328,0.1549193338482967,
synth_mixed_v1,Mixed/Irregular,True,NVIDIA GeForce RTX 4090,12.1,0,50,200,10,200000,200000,4001390,256,20.00695,2.133334,240,COMMUNITY_TC_TF32,1.384602,90.385448,1.515315,91.900763,2.243221,2.689769,3.197082,3.204032,1.62012,0.029268,2.309026,0.034864,0.89491,1.523884,0.64633,0.016582,True,False,False,0.013784408569335938,0.1549193338482967,
synth_mixed_v1,Mixed/Irregular,True,NVIDIA GeForce RTX 4090,12.1,0,50,200,10,200000,200000,4001390,256,20.00695,2.133334,240,SEGMENT_HYBRID_TF32,1.453512,72.62097,1.596902,74.217872,2.243221,2.689769,3.197082,3.204032,1.543311,0.036242,2.199557,0.043171,0.89491,1.523884,0.615688,0.020533,True,False,False,0.013782978057861328,0.1549193338482967,
synth_mixed_v1,Mixed/Irregular,True,NVIDIA GeForce RTX 4090,12.1,0,50,200,10,200000,200000,4001390,256,20.00695,2.133334,240,CUSPARSE,2.243221,0.404726,2.285043,2.689769,2.243221,2.689769,3.197082,3.204032,1.0,1.0,1.425219,1.191192,0.89491,1.523884,,,True,False,False,0.0,0.0,
synth_mixed_v1,Mixed/Irregular,True,NVIDIA GeForce RTX 4090,12.1,0,50,200,10,200000,200000,4001390,512,20.00695,2.133334,240,CSR_DIRECT,7.833564,0.0,7.846889,7.846889,4.480353,4.916737,7.833564,7.846889,0.571943,0.626584,1.0,1.0,1.77473,2.898415,,,True,False,False,3.4332275390625e-05,0.01549193338482967,
synth_mixed_v1,Mixed/Irregular,True,NVIDIA GeForce RTX 4090,12.1,0,50,200,10,200000,200000,4001390,512,20.00695,2.133334,240,RODE_ENHANCED,7.521387,1.475737,7.532067,9.007804,4.480353,4.916737,7.833564,7.846889,0.595682,0.545831,1.041505,0.871121,1.77473,2.898415,,,True,False,False,3.0517578125e-05,0.01549193338482967,
synth_mixed_v1,Mixed/Irregular,True,NVIDIA GeForce RTX 4090,12.1,0,50,200,10,200000,200000,4001390,512,20.00695,2.133334,240,ZERO_OVERHEAD_CSR,7.47157,1.463183,7.476304,8.939487,4.480353,4.916737,7.833564,7.846889,0.599654,0.550002,1.04845,0.877779,1.77473,2.898415,,,True,False,False,3.4332275390625e-05,0.01549193338482967,
synth_mixed_v1,Mixed/Irregular,True,NVIDIA GeForce RTX 4090,12.1,0,50,200,10,200000,200000,4001390,512,20.00695,2.133334,240,TC_DIRECT,2.711531,49.021804,2.876384,51.898188,4.480353,4.916737,7.833564,7.846889,1.652333,0.094738,2.888982,0.151198,1.77473,2.898415,0.654512,0.055848,True,False,False,0.012422561645507812,0.1549193338482967,
synth_mixed_v1,Mixed/Irregular,True,NVIDIA GeForce RTX 4090,12.1,0,50,200,10,200000,200000,4001390,512,20.00695,2.133334,240,COMMUNITY_TC,3.080709,65.978231,3.167459,69.145691,4.480353,4.916737,7.833564,7.846889,1.454325,0.071107,2.54278,0.113483,1.77473,2.898415,0.576078,0.041918,True,False,False,0.012437820434570312,0.1549193338482967,
synth_mixed_v1,Mixed/Irregular,True,NVIDIA GeForce RTX 4090,12.1,0,50,200,10,200000,200000,4001390,512,20.00695,2.133334,240,SEGMENT_HYBRID,2.918252,49.709839,2.970038,52.679878,4.480353,4.916737,7.833564,7.846889,1.535287,0.093332,2.684335,0.148954,1.77473,2.898415,0.608148,0.055019,True,False,False,0.012422561645507812,0.1549193338482967,
synth_mixed_v1,Mixed/Irregular,True,NVIDIA GeForce RTX 4090,12.1,0,50,200,10,200000,200000,4001390,512,20.00695,2.133334,240,TC_DIRECT_TF32,2.871822,47.008919,2.785942,49.794861,4.480353,4.916737,7.833564,7.846889,1.560108,0.09874,2.727733,0.157584,1.77473,2.898415,0.617981,0.058207,True,False,False,0.012430191040039062,0.1549193338482967,
synth_mixed_v1,Mixed/Irregular,True,NVIDIA GeForce RTX 4090,12.1,0,50,200,10,200000,200000,4001390,512,20.00695,2.133334,240,COMMUNITY_TC_TF32,3.188736,63.262152,3.22832,66.490472,4.480353,4.916737,7.833564,7.846889,1.405056,0.073946,2.456636,0.118015,1.77473,2.898415,0.556562,0.043591,True,False,False,0.012451171875,0.1549193338482967,
synth_mixed_v1,Mixed/Irregular,True,NVIDIA GeForce RTX 4090,12.1,0,50,200,10,200000,200000,4001390,512,20.00695,2.133334,240,SEGMENT_HYBRID_TF32,3.071263,50.666076,3.12473,53.790805,4.480353,4.916737,7.833564,7.846889,1.458798,0.091405,2.5506,0.145878,1.77473,2.898415,0.57785,0.053883,True,False,False,0.012430191040039062,0.1549193338482967,
synth_mixed_v1,Mixed/Irregular,True,NVIDIA GeForce RTX 4090,12.1,0,50,200,10,200000,200000,4001390,512,20.00695,2.133334,240,CUSPARSE,4.480353,0.396081,4.520656,4.916737,4.480353,4.916737,7.833564,7.846889,1.0,1.0,1.748426,1.595955,1.77473,2.898415,,,True,False,False,0.0,0.0,
synth_mixed_v2,Mixed/Irregular,True,NVIDIA GeForce RTX 4090,12.1,0,50,200,10,200000,200000,5457270,64,27.28635,2.361995,360,CSR_DIRECT,0.336527,0.0,0.342045,0.342045,0.411981,0.648275,0.336527,0.342045,1.224212,1.895291,1.0,1.0,0.313364,0.572682,,,True,False,False,3.62396240234375e-05,0.018973665961010275,
synth_mixed_v2,Mixed/Irregular,True,NVIDIA GeForce RTX 4090,12.1,0,50,200,10,200000,200000,5457270,64,27.28635,2.361995,360,RODE_ENHANCED,0.363351,1.889392,0.376797,2.266189,0.411981,0.648275,0.336527,0.342045,1.133837,0.286064,0.926177,0.150934,0.313364,0.572682,,,True,False,False,3.814697265625e-05,0.018973665961010275,
synth_mixed_v2,Mixed/Irregular,True,NVIDIA GeForce RTX 4090,12.1,0,50,200,10,200000,200000,5457270,64,27.28635,2.361995,360,ZERO_OVERHEAD_CSR,0.373356,1.271409,0.371155,1.642564,0.411981,0.648275,0.336527,0.342045,1.103454,0.394672,0.901359,0.208238,0.313364,0.572682,,,True,False,False,3.4332275390625e-05,0.018973665961010275,
synth_mixed_v2,Mixed/Irregular,True,NVIDIA GeForce RTX 4090,12.1,0,50,200,10,200000,200000,5457270,64,27.28635,2.361995,360,TC_DIRECT,0.302183,63.65797,0.462467,64.120437,0.411981,0.648275,0.336527,0.342045,1.363348,0.01011,1.113653,0.005334,0.313364,0.572682,1.037002,0.008931,True,False,False,0.014443159103393555,0.18973665961010275,
synth_mixed_v2,Mixed/Irregular,True,NVIDIA GeForce RTX 4090,12.1,0,50,200,10,200000,200000,5457270,64,27.28635,2.361995,360,COMMUNITY_TC,0.352265,82.90652,0.528445,83.434965,0.411981,0.648275,0.336527,0.342045,1.16952,0.00777,0.955325,0.0041,0.313364,0.572682,0.88957,0.006864,True,False,False,0.014442682266235352,0.18973665961010275,
synth_mixed_v2,Mixed/Irregular,True,NVIDIA GeForce RTX 4090,12.1,0,50,200,10,200000,200000,5457270,64,27.28635,2.361995,360,SEGMENT_HYBRID,0.366607,69.490985,0.527197,70.018182,0.411981,0.648275,0.336527,0.342045,1.123766,0.009259,0.91795,0.004885,0.313364,0.572682,0.854769,0.008179,True,False,False,0.014443159103393555,0.18973665961010275,
synth_mixed_v2,Mixed/Irregular,True,NVIDIA GeForce RTX 4090,12.1,0,50,200,10,200000,200000,5457270,64,27.28635,2.361995,360,TC_DIRECT_TF32,0.381085,61.952792,0.460717,62.413509,0.411981,0.648275,0.336527,0.342045,1.081072,0.010387,0.883076,0.00548,0.313364,0.572682,0.822295,0.009176,True,False,False,0.014443159103393555,0.18973665961010275,
synth_mixed_v2,Mixed/Irregular,True,NVIDIA GeForce RTX 4090,12.1,0,50,200,10,200000,200000,5457270,64,27.28635,2.361995,360,COMMUNITY_TC_TF32,0.406415,77.485493,0.486493,77.971986,0.411981,0.648275,0.336527,0.342045,1.013694,0.008314,0.828038,0.004387,0.313364,0.572682,0.771045,0.007345,True,False,False,0.01444387435913086,0.18973665961010275,
synth_mixed_v2,Mixed/Irregular,True,NVIDIA GeForce RTX 4090,12.1,0,50,200,10,200000,200000,5457270,64,27.28635,2.361995,360,SEGMENT_HYBRID_TF32,0.463407,64.565039,0.639523,65.204562,0.411981,0.648275,0.336527,0.342045,0.889026,0.009942,0.726203,0.005246,0.313364,0.572682,0.676219,0.008783,True,False,False,0.014443159103393555,0.18973665961010275,
synth_mixed_v2,Mixed/Irregular,True,NVIDIA GeForce RTX 4090,12.1,0,50,200,10,200000,200000,5457270,64,27.28635,2.361995,360,CUSPARSE,0.411981,0.237763,0.410512,0.648275,0.411981,0.648275,0.336527,0.342045,1.0,1.0,0.816852,0.527623,0.313364,0.572682,,,True,False,False,0.0,0.0,
synth_mixed_v2,Mixed/Irregular,True,NVIDIA GeForce RTX 4090,12.1,0,50,200,10,200000,200000,5457270,128,27.28635,2.361995,360,CSR_DIRECT,1.152804,0.0,1.156182,1.156182,1.3875,1.676958,1.152804,1.156182,1.203587,1.450427,1.0,1.0,0.521498,0.895814,,,True,False,False,4.9591064453125e-05,0.018973665961010275,
synth_mixed_v2,Mixed/Irregular,True,NVIDIA GeForce RTX 4090,12.1,0,50,200,10,200000,200000,5457270,128,27.28635,2.361995,360,RODE_ENHANCED,1.125366,1.831803,1.138451,2.970254,1.3875,1.676958,1.152804,1.156182,1.232932,0.564584,1.024381,0.389254,0.521498,0.895814,,,True,False,False,3.814697265625e-05,0.018973665961010275,
synth_mixed_v2,Mixed/Irregular,True,NVIDIA GeForce RTX 4090,12.1,0,50,200,10,200000,200000,5457270,128,27.28635,2.361995,360,ZERO_OVERHEAD_CSR,1.097882,1.313746,1.107642,2.421388,1.3875,1.676958,1.152804,1.156182,1.263797,0.692561,1.050026,0.477488,0.521498,0.895814,,,True,False,False,3.814697265625e-05,0.018973665961010275,
synth_mixed_v2,Mixed/Irregular,True,NVIDIA GeForce RTX 4090,12.1,0,50,200,10,200000,200000,5457270,128,27.28635,2.361995,360,TC_DIRECT,0.633927,63.937799,0.786598,64.724397,1.3875,1.676958,1.152804,1.156182,2.188737,0.025909,1.818512,0.017863,0.521498,0.895814,0.822646,0.01384,True,False,False,0.014350652694702148,0.18973665961010275,
synth_mixed_v2,Mixed/Irregular,True,NVIDIA GeForce RTX 4090,12.1,0,50,200,10,200000,200000,5457270,128,27.28635,2.361995,360,COMMUNITY_TC,0.748405,82.186301,0.859955,83.046256,1.3875,1.676958,1.152804,1.156182,1.853941,0.020193,1.540347,0.013922,0.521498,0.895814,0.696812,0.010787,True,False,False,0.014351606369018555,0.18973665961010275,
synth_mixed_v2,Mixed/Irregular,True,NVIDIA GeForce RTX 4090,12.1,0,50,200,10,200000,200000,5457270,128,27.28635,2.361995,360,SEGMENT_HYBRID,0.763191,66.804125,0.965619,67.769744,1.3875,1.676958,1.152804,1.156182,1.818024,0.024745,1.510505,0.01706,0.521498,0.895814,0.683312,0.013218,True,False,False,0.014350652694702148,0.18973665961010275,
synth_mixed_v2,Mixed/Irregular,True,NVIDIA GeForce RTX 4090,12.1,0,50,200,10,200000,200000,5457270,128,27.28635,2.361995,360,TC_DIRECT_TF32,0.813691,62.680695,0.850851,63.531546,1.3875,1.676958,1.152804,1.156182,1.705192,0.026396,1.416759,0.018199,0.521498,0.895814,0.640904,0.0141,True,False,False,0.014349937438964844,0.18973665961010275,
synth_mixed_v2,Mixed/Irregular,True,NVIDIA GeForce RTX 4090,12.1,0,50,200,10,200000,200000,5457270,128,27.28635,2.361995,360,COMMUNITY_TC_TF32,0.839556,76.697821,0.901968,77.599789,1.3875,1.676958,1.152804,1.156182,1.652658,0.02161,1.373111,0.014899,0.521498,0.895814,0.621159,0.011544,True,False,False,0.014351129531860352,0.18973665961010275,
synth_mixed_v2,Mixed/Irregular,True,NVIDIA GeForce RTX 4090,12.1,0,50,200,10,200000,200000,5457270,128,27.28635,2.361995,360,SEGMENT_HYBRID_TF32,0.930012,66.75688,1.118678,67.875559,1.3875,1.676958,1.152804,1.156182,1.491916,0.024706,1.239558,0.017034,0.521498,0.895814,0.560743,0.013198,True,False,False,0.014349937438964844,0.18973665961010275,
synth_mixed_v2,Mixed/Irregular,True,NVIDIA GeForce RTX 4090,12.1,0,50,200,10,200000,200000,5457270,128,27.28635,2.361995,360,CUSPARSE,1.3875,0.248388,1.42857,1.676958,1.3875,1.676958,1.152804,1.156182,1.0,1.0,0.83085,0.689452,0.521498,0.895814,,,True,False,False,0.0,0.0,
synth_mixed_v2,Mixed/Irregular,True,NVIDIA GeForce RTX 4090,12.1,0,50,200,10,200000,200000,5457270,256,27.28635,2.361995,360,CSR_DIRECT,4.233282,0.0,4.238906,4.238906,2.739671,3.055688,4.233282,4.238906,0.647174,0.720867,1.0,1.0,1.040588,1.632732,,,True,False,False,4.57763671875e-05,0.018973665961010275,
synth_mixed_v2,Mixed/Irregular,True,NVIDIA GeForce RTX 4090,12.1,0,50,200,10,200000,200000,5457270,256,27.28635,2.361995,360,RODE_ENHANCED,4.030203,2.050306,4.045715,6.096021,2.739671,3.055688,4.233282,4.238906,0.679785,0.501259,1.050389,0.695356,1.040588,1.632732,,,True,False,False,3.4332275390625e-05,0.018973665961010275,
synth_mixed_v2,Mixed/Irregular,True,NVIDIA GeForce RTX 4090,12.1,0,50,200,10,200000,200000,5457270,256,27.28635,2.361995,360,ZERO_OVERHEAD_CSR,4.073974,1.289434,4.088998,5.378432,2.739671,3.055688,4.233282,4.238906,0.672481,0.568137,1.039104,0.78813,1.040588,1.632732,,,True,False,False,3.4332275390625e-05,0.018973665961010275,
synth_mixed_v2,Mixed/Irregular,True,NVIDIA GeForce RTX 4090,12.1,0,50,200,10,200000,200000,5457270,256,27.28635,2.361995,360,TC_DIRECT,1.334941,67.109896,1.529526,68.639422,2.739671,3.055688,4.233282,4.238906,2.052279,0.044518,3.171138,0.061756,1.040588,1.632732,0.779501,0.023787,True,False,False,0.015058517456054688,0.18973665961010275,
synth_mixed_v2,Mixed/Irregular,True,NVIDIA GeForce RTX 4090,12.1,0,50,200,10,200000,200000,5457270,256,27.28635,2.361995,360,COMMUNITY_TC,1.637207,82.104641,1.78039,83.885032,2.739671,3.055688,4.233282,4.238906,1.673381,0.036427,2.585673,0.050532,1.040588,1.632732,0.635587,0.019464,True,False,False,0.015045166015625,0.18973665961010275,
synth_mixed_v2,Mixed/Irregular,True,NVIDIA GeForce RTX 4090,12.1,0,50,200,10,200000,200000,5457270,256,27.28635,2.361995,360,SEGMENT_HYBRID,1.589955,68.566872,1.652582,70.219454,2.739671,3.055688,4.233282,4.238906,1.723113,0.043516,2.662518,0.060367,1.040588,1.632732,0.654477,0.023252,True,False,False,0.015039443969726562,0.18973665961010275,
synth_mixed_v2,Mixed/Irregular,True,NVIDIA GeForce RTX 4090,12.1,0,50,200,10,200000,200000,5457270,256,27.28635,2.361995,360,TC_DIRECT_TF32,1.618451,63.134907,1.631168,64.766075,2.739671,3.055688,4.233282,4.238906,1.692773,0.04718,2.615638,0.065449,1.040588,1.632732,0.642953,0.02521,True,False,False,0.01507568359375,0.18973665961010275,
synth_mixed_v2,Mixed/Irregular,True,NVIDIA GeForce RTX 4090,12.1,0,50,200,10,200000,200000,5457270,256,27.28635,2.361995,360,COMMUNITY_TC_TF32,1.688904,78.456836,1.779843,80.23668,2.739671,3.055688,4.233282,4.238906,1.622159,0.038083,2.506527,0.05283,1.040588,1.632732,0.616132,0.020349,True,False,False,0.0150604248046875,0.18973665961010275,
synth_mixed_v2,Mixed/Irregular,True,NVIDIA GeForce RTX 4090,12.1,0,50,200,10,200000,200000,5457270,256,27.28635,2.361995,360,SEGMENT_HYBRID_TF32,1.838754,67.289707,1.898554,69.18826,2.739671,3.055688,4.233282,4.238906,1.48996,0.044165,2.302255,0.061266,1.040588,1.632732,0.56592,0.023598,True,False,False,0.015047073364257812,0.18973665961010275,
synth_mixed_v2,Mixed/Irregular,True,NVIDIA GeForce RTX 4090,12.1,0,50,200,10,200000,200000,5457270,256,27.28635,2.361995,360,CUSPARSE,2.739671,0.276002,2.779686,3.055688,2.739671,3.055688,4.233282,4.238906,1.0,1.0,1.545179,1.387218,1.040588,1.632732,,,True,False,False,0.0,0.0,
synth_mixed_v2,Mixed/Irregular,True,NVIDIA GeForce RTX 4090,12.1,0,50,200,10,200000,200000,5457270,512,27.28635,2.361995,360,CSR_DIRECT,10.450907,0.0,10.459523,10.459523,5.497498,5.934932,10.450907,10.459523,0.526031,0.567419,1.0,1.0,2.069484,3.20344,,,True,False,False,4.1961669921875e-05,0.018973665961010275,
synth_mixed_v2,Mixed/Irregular,True,NVIDIA GeForce RTX 4090,12.1,0,50,200,10,200000,200000,5457270,512,27.28635,2.361995,360,RODE_ENHANCED,10.329805,2.262153,10.351475,12.613629,5.497498,5.934932,10.450907,10.459523,0.532198,0.470517,1.011724,0.829224,2.069484,3.20344,,,True,False,False,3.814697265625e-05,0.018973665961010275,
synth_mixed_v2,Mixed/Irregular,True,NVIDIA GeForce RTX 4090,12.1,0,50,200,10,200000,200000,5457270,512,27.28635,2.361995,360,ZERO_OVERHEAD_CSR,10.333993,1.330733,10.346947,11.67768,5.497498,5.934932,10.450907,10.459523,0.531982,0.508229,1.011314,0.895685,2.069484,3.20344,,,True,False,False,4.1961669921875e-05,0.018973665961010275,
synth_mixed_v2,Mixed/Irregular,True,NVIDIA GeForce RTX 4090,12.1,0,50,200,10,200000,200000,5457270,512,27.28635,2.361995,360,TC_DIRECT,3.305001,69.540295,3.476454,73.01675,5.497498,5.934932,10.450907,10.459523,1.663388,0.081282,3.162149,0.143248,2.069484,3.20344,0.626167,0.043873,True,False,False,0.01590728759765625,0.18973665961010275,
synth_mixed_v2,Mixed/Irregular,True,NVIDIA GeForce RTX 4090,12.1,0,50,200,10,200000,200000,5457270,512,27.28635,2.361995,360,COMMUNITY_TC,3.615713,88.451268,3.669069,92.120337,5.497498,5.934932,10.450907,10.459523,1.520446,0.064426,2.890414,0.113542,2.069484,3.20344,0.572358,0.034775,True,False,False,0.01591205596923828,0.18973665961010275,
synth_mixed_v2,Mixed/Irregular,True,NVIDIA GeForce RTX 4090,12.1,0,50,200,10,200000,200000,5457270,512,27.28635,2.361995,360,SEGMENT_HYBRID,3.527762,72.486762,3.581949,76.068711,5.497498,5.934932,10.450907,10.459523,1.558353,0.078021,2.962475,0.137501,2.069484,3.20344,0.586628,0.042112,True,False,False,0.015905380249023438,0.18973665961010275,
synth_mixed_v2,Mixed/Irregular,True,NVIDIA GeForce RTX 4090,12.1,0,50,200,10,200000,200000,5457270,512,27.28635,2.361995,360,TC_DIRECT_TF32,3.548891,70.093326,3.584538,73.677864,5.497498,5.934932,10.450907,10.459523,1.549075,0.080552,2.944837,0.141963,2.069484,3.20344,0.583135,0.043479,True,False,False,0.01591205596923828,0.18973665961010275,
synth_mixed_v2,Mixed/Irregular,True,NVIDIA GeForce RTX 4090,12.1,0,50,200,10,200000,200000,5457270,512,27.28635,2.361995,360,COMMUNITY_TC_TF32,3.74954,82.585529,3.818806,86.404336,5.497498,5.934932,10.450907,10.459523,1.466179,0.068688,2.787251,0.121053,2.069484,3.20344,0.55193,0.037075,True,False,False,0.015920639038085938,0.18973665961010275,
synth_mixed_v2,Mixed/Irregular,True,NVIDIA GeForce RTX 4090,12.1,0,50,200,10,200000,200000,5457270,512,27.28635,2.361995,360,SEGMENT_HYBRID_TF32,3.744102,71.709788,3.915098,75.624886,5.497498,5.934932,10.450907,10.459523,1.468309,0.078479,2.791298,0.138308,2.069484,3.20344,0.552732,0.04236,True,False,False,0.01591014862060547,0.18973665961010275,
synth_mixed_v2,Mixed/Irregular,True,NVIDIA GeForce RTX 4090,12.1,0,50,200,10,200000,200000,5457270,512,27.28635,2.361995,360,CUSPARSE,5.497498,0.397028,5.537904,5.934932,5.497498,5.934932,10.450907,10.459523,1.0,1.0,1.90103,1.762366,2.069484,3.20344,,,True,False,False,0.0,0.0,
synth_mixed_v3,Mixed/Irregular,True,NVIDIA GeForce RTX 4090,12.1,0,50,200,10,200000,200000,5576937,64,27.884685,1.888128,300,CSR_DIRECT,0.338099,0.0,0.344736,0.344736,0.420566,0.640486,0.338099,0.344736,1.243914,1.857903,1.0,1.0,0.318669,0.85941,,,True,False,False,3.4332275390625e-05,0.017320508075688777,
synth_mixed_v3,Mixed/Irregular,True,NVIDIA GeForce RTX 4090,12.1,0,50,200,10,200000,200000,5576937,64,27.884685,1.888128,300,RODE_ENHANCED,0.353787,2.015483,0.371136,2.386619,0.420566,0.640486,0.338099,0.344736,1.188756,0.268365,0.955658,0.144445,0.318669,0.85941,,,True,False,False,2.86102294921875e-05,0.017320508075688777,
synth_mixed_v3,Mixed/Irregular,True,NVIDIA GeForce RTX 4090,12.1,0,50,200,10,200000,200000,5576937,64,27.884685,1.888128,300,ZERO_OVERHEAD_CSR,0.360192,1.36055,0.362771,1.723321,0.420566,0.640486,0.338099,0.344736,1.167617,0.371658,0.938664,0.200042,0.318669,0.85941,,,True,False,False,2.86102294921875e-05,0.017320508075688777,
synth_mixed_v3,Mixed/Irregular,True,NVIDIA GeForce RTX 4090,12.1,0,50,200,10,200000,200000,5576937,64,27.884685,1.888128,300,TC_DIRECT,0.306667,68.538841,0.490778,69.029619,0.420566,0.640486,0.338099,0.344736,1.371411,0.009278,1.102497,0.004994,0.318669,0.85941,1.039137,0.01245,True,False,False,0.013289690017700195,0.17320508075688776,
synth_mixed_v3,Mixed/Irregular,True,NVIDIA GeForce RTX 4090,12.1,0,50,200,10,200000,200000,5576937,64,27.884685,1.888128,300,COMMUNITY_TC,0.348692,83.605529,0.542262,84.147791,0.420566,0.640486,0.338099,0.344736,1.206127,0.007611,0.969623,0.004097,0.318669,0.85941,0.913899,0.010213,True,False,False,0.013289213180541992,0.17320508075688776,
synth_mixed_v3,Mixed/Irregular,True,NVIDIA GeForce RTX 4090,12.1,0,50,200,10,200000,200000,5576937,64,27.884685,1.888128,300,SEGMENT_HYBRID,0.372495,69.482031,0.692611,70.174643,0.420566,0.640486,0.338099,0.344736,1.129051,0.009127,0.90766,0.004913,0.318669,0.85941,0.855497,0.012247,True,False,False,0.013289690017700195,0.17320508075688776,
synth_mixed_v3,Mixed/Irregular,True,NVIDIA GeForce RTX 4090,12.1,0,50,200,10,200000,200000,5576937,64,27.884685,1.888128,300,TC_DIRECT_TF32,0.379904,63.252283,0.467728,63.720011,0.420566,0.640486,0.338099,0.344736,1.107033,0.010052,0.88996,0.00541,0.318669,0.85941,0.838814,0.013487,True,False,False,0.013290166854858398,0.17320508075688776,
synth_mixed_v3,Mixed/Irregular,True,NVIDIA GeForce RTX 4090,12.1,0,50,200,10,200000,200000,5576937,64,27.884685,1.888128,300,COMMUNITY_TC_TF32,0.418514,81.332098,0.506941,81.839039,0.420566,0.640486,0.338099,0.344736,1.004904,0.007826,0.807857,0.004212,0.318669,0.85941,0.761429,0.010501,True,False,False,0.013288259506225586,0.17320508075688776,
synth_mixed_v3,Mixed/Irregular,True,NVIDIA GeForce RTX 4090,12.1,0,50,200,10,200000,200000,5576937,64,27.884685,1.888128,300,SEGMENT_HYBRID_TF32,0.477057,66.611267,0.651715,67.262982,0.420566,0.640486,0.338099,0.344736,0.881584,0.009522,0.708718,0.005125,0.318669,0.85941,0.667989,0.012777,True,False,False,0.013290166854858398,0.17320508075688776,
synth_mixed_v3,Mixed/Irregular,True,NVIDIA GeForce RTX 4090,12.1,0,50,200,10,200000,200000,5576937,64,27.884685,1.888128,300,CUSPARSE,0.420566,0.222515,0.417971,0.640486,0.420566,0.640486,0.338099,0.344736,1.0,1.0,0.803914,0.538241,0.318669,0.85941,,,True,False,False,0.0,0.0,
synth_mixed_v3,Mixed/Irregular,True,NVIDIA GeForce RTX 4090,12.1,0,50,200,10,200000,200000,5576937,128,27.884685,1.888128,300,CSR_DIRECT,1.180324,0.0,1.188106,1.188106,1.429841,1.726865,1.180324,1.188106,1.211397,1.453461,1.0,1.0,0.53014,0.847963,,,True,False,False,3.4332275390625e-05,0.017320508075688777,
synth_mixed_v3,Mixed/Irregular,True,NVIDIA GeForce RTX 4090,12.1,0,50,200,10,200000,200000,5576937,128,27.884685,1.888128,300,RODE_ENHANCED,1.185229,1.752863,1.20136,2.954223,1.429841,1.726865,1.180324,1.188106,1.206384,0.584541,0.995862,0.402172,0.53014,0.847963,,,True,False,False,3.0517578125e-05,0.017320508075688777,
synth_mixed_v3,Mixed/Irregular,True,NVIDIA GeForce RTX 4090,12.1,0,50,200,10,200000,200000,5576937,128,27.884685,1.888128,300,ZERO_OVERHEAD_CSR,1.157779,1.336973,1.167715,2.504689,1.429841,1.726865,1.180324,1.188106,1.234986,0.689453,1.019472,0.474353,0.53014,0.847963,,,True,False,False,3.0517578125e-05,0.017320508075688777,
synth_mixed_v3,Mixed/Irregular,True,NVIDIA GeForce RTX 4090,12.1,0,50,200,10,200000,200000,5576937,128,27.884685,1.888128,300,TC_DIRECT,0.641111,66.687997,0.802157,67.490154,1.429841,1.726865,1.180324,1.188106,2.230254,0.025587,1.841059,0.017604,0.53014,0.847963,0.826908,0.012564,True,False,False,0.015237808227539062,0.17320508075688776,
synth_mixed_v3,Mixed/Irregular,True,NVIDIA GeForce RTX 4090,12.1,0,50,200,10,200000,200000,5576937,128,27.884685,1.888128,300,COMMUNITY_TC,0.742733,83.240591,0.853757,84.094347,1.429841,1.726865,1.180324,1.188106,1.925109,0.020535,1.589164,0.014128,0.53014,0.847963,0.71377,0.010083,True,False,False,0.015231132507324219,0.17320508075688776,
synth_mixed_v3,Mixed/Irregular,True,NVIDIA GeForce RTX 4090,12.1,0,50,200,10,200000,200000,5576937,128,27.884685,1.888128,300,SEGMENT_HYBRID,0.770406,70.908393,0.895478,71.803872,1.429841,1.726865,1.180324,1.188106,1.855957,0.02405,1.532079,0.016547,0.53014,0.847963,0.688131,0.011809,True,False,False,0.015237808227539062,0.17320508075688776,
synth_mixed_v3,Mixed/Irregular,True,NVIDIA GeForce RTX 4090,12.1,0,50,200,10,200000,200000,5576937,128,27.884685,1.888128,300,TC_DIRECT_TF32,0.824008,64.866953,0.866442,65.733395,1.429841,1.726865,1.180324,1.188106,1.735226,0.026271,1.432417,0.018075,0.53014,0.847963,0.643367,0.0129,True,False,False,0.015234947204589844,0.17320508075688776,
synth_mixed_v3,Mixed/Irregular,True,NVIDIA GeForce RTX 4090,12.1,0,50,200,10,200000,200000,5576937,128,27.884685,1.888128,300,COMMUNITY_TC_TF32,0.862015,80.112614,0.934912,81.047526,1.429841,1.726865,1.180324,1.188106,1.658719,0.021307,1.369261,0.014659,0.53014,0.847963,0.615001,0.010463,True,False,False,0.015228271484375,0.17320508075688776,
synth_mixed_v3,Mixed/Irregular,True,NVIDIA GeForce RTX 4090,12.1,0,50,200,10,200000,200000,5576937,128,27.884685,1.888128,300,SEGMENT_HYBRID_TF32,0.945587,67.920891,1.048403,68.969294,1.429841,1.726865,1.180324,1.188106,1.51212,0.025038,1.248244,0.017227,0.53014,0.847963,0.560646,0.012295,True,False,False,0.015234947204589844,0.17320508075688776,
synth_mixed_v3,Mixed/Irregular,True,NVIDIA GeForce RTX 4090,12.1,0,50,200,10,200000,200000,5576937,128,27.884685,1.888128,300,CUSPARSE,1.429841,0.2561,1.470765,1.726865,1.429841,1.726865,1.180324,1.188106,1.0,1.0,0.825493,0.688013,0.53014,0.847963,,,True,False,False,0.0,0.0,
synth_mixed_v3,Mixed/Irregular,True,NVIDIA GeForce RTX 4090,12.1,0,50,200,10,200000,200000,5576937,256,27.884685,1.888128,300,CSR_DIRECT,4.33876,0.0,4.346867,4.346867,2.824074,3.135105,4.33876,4.346867,0.650894,0.721233,1.0,1.0,1.059528,1.675058,,,True,False,False,3.4332275390625e-05,0.017320508075688777,
synth_mixed_v3,Mixed/Irregular,True,NVIDIA GeForce RTX 4090,12.1,0,50,200,10,200000,200000,5576937,256,27.884685,1.888128,300,RODE_ENHANCED,3.986454,1.914898,4.000266,5.915164,2.824074,3.135105,4.33876,4.346867,0.708418,0.530012,1.088376,0.734868,1.059528,1.675058,,,True,False,False,3.24249267578125e-05,0.017320508075688777,
synth_mixed_v3,Mixed/Irregular,True,NVIDIA GeForce RTX 4090,12.1,0,50,200,10,200000,200000,5576937,256,27.884685,1.888128,300,ZERO_OVERHEAD_CSR,3.685765,1.434448,3.730922,5.165369,2.824074,3.135105,4.33876,4.346867,0.766211,0.606947,1.177167,0.84154,1.059528,1.675058,,,True,False,False,3.4332275390625e-05,0.017320508075688777,
synth_mixed_v3,Mixed/Irregular,True,NVIDIA GeForce RTX 4090,12.1,0,50,200,10,200000,200000,5576937,256,27.884685,1.888128,300,TC_DIRECT,1.398282,69.087741,1.572656,70.660397,2.824074,3.135105,4.33876,4.346867,2.019674,0.044369,3.102921,0.061518,1.059528,1.675058,0.757735,0.023706,True,False,False,0.014752388000488281,0.17320508075688776,
synth_mixed_v3,Mixed/Irregular,True,NVIDIA GeForce RTX 4090,12.1,0,50,200,10,200000,200000,5576937,256,27.884685,1.888128,300,COMMUNITY_TC,1.664338,86.273354,1.737882,88.011235,2.824074,3.135105,4.33876,4.346867,1.696815,0.035622,2.606898,0.04939,1.059528,1.675058,0.636606,0.019032,True,False,False,0.014753341674804688,0.17320508075688776,
synth_mixed_v3,Mixed/Irregular,True,NVIDIA GeForce RTX 4090,12.1,0,50,200,10,200000,200000,5576937,256,27.884685,1.888128,300,SEGMENT_HYBRID,1.611597,74.094869,1.703709,75.798577,2.824074,3.135105,4.33876,4.346867,1.752345,0.041361,2.692212,0.057348,1.059528,1.675058,0.65744,0.022099,True,False,False,0.014753341674804688,0.17320508075688776,
synth_mixed_v3,Mixed/Irregular,True,NVIDIA GeForce RTX 4090,12.1,0,50,200,10,200000,200000,5576937,256,27.884685,1.888128,300,TC_DIRECT_TF32,1.64224,66.096555,1.68535,67.781905,2.824074,3.135105,4.33876,4.346867,1.719648,0.046253,2.641977,0.06413,1.059528,1.675058,0.645172,0.024712,True,False,False,0.01474761962890625,0.17320508075688776,
synth_mixed_v3,Mixed/Irregular,True,NVIDIA GeForce RTX 4090,12.1,0,50,200,10,200000,200000,5576937,256,27.884685,1.888128,300,COMMUNITY_TC_TF32,1.73423,85.975187,1.863664,87.838851,2.824074,3.135105,4.33876,4.346867,1.628431,0.035692,2.501836,0.049487,1.059528,1.675058,0.61095,0.01907,True,False,False,0.014749526977539062,0.17320508075688776,
synth_mixed_v3,Mixed/Irregular,True,NVIDIA GeForce RTX 4090,12.1,0,50,200,10,200000,200000,5576937,256,27.884685,1.888128,300,SEGMENT_HYBRID_TF32,1.867576,73.402822,1.934547,75.337369,2.824074,3.135105,4.33876,4.346867,1.51216,0.041614,2.323204,0.057699,1.059528,1.675058,0.567328,0.022234,True,False,False,0.014749526977539062,0.17320508075688776,
synth_mixed_v3,Mixed/Irregular,True,NVIDIA GeForce RTX 4090,12.1,0,50,200,10,200000,200000,5576937,256,27.884685,1.888128,300,CUSPARSE,2.824074,0.270315,2.86479,3.135105,2.824074,3.135105,4.33876,4.346867,1.0,1.0,1.536348,1.386514,1.059528,1.675058,,,True,False,False,0.0,0.0,
synth_mixed_v3,Mixed/Irregular,True,NVIDIA GeForce RTX 4090,12.1,0,50,200,10,200000,200000,5576937,512,27.884685,1.888128,300,CSR_DIRECT,10.708046,0.0,10.716691,10.716691,5.657294,6.358729,10.708046,10.716691,0.528322,0.593348,1.0,1.0,2.107821,3.241754,,,True,False,False,3.814697265625e-05,0.017320508075688777,
synth_mixed_v3,Mixed/Irregular,True,NVIDIA GeForce RTX 4090,12.1,0,50,200,10,200000,200000,5576937,512,27.884685,1.888128,300,RODE_ENHANCED,10.394337,1.999858,10.422531,12.42239,5.657294,6.358729,10.708046,10.716691,0.544267,0.511877,1.030181,0.862692,2.107821,3.241754,,,True,False,False,3.4332275390625e-05,0.017320508075688777,
synth_mixed_v3,Mixed/Irregular,True,NVIDIA GeForce RTX 4090,12.1,0,50,200,10,200000,200000,5576937,512,27.884685,1.888128,300,ZERO_OVERHEAD_CSR,10.352112,1.408976,10.371078,11.780054,5.657294,6.358729,10.708046,10.716691,0.546487,0.539788,1.034383,0.909732,2.107821,3.241754,,,True,False,False,3.4332275390625e-05,0.017320508075688777,
synth_mixed_v3,Mixed/Irregular,True,NVIDIA GeForce RTX 4090,12.1,0,50,200,10,200000,200000,5576937,512,27.884685,1.888128,300,TC_DIRECT,3.471273,73.601885,3.661286,77.263171,5.657294,6.358729,10.708046,10.716691,1.629746,0.0823,3.08476,0.138704,2.107821,3.241754,0.607218,0.041957,True,False,False,0.01512908935546875,0.17320508075688776,
synth_mixed_v3,Mixed/Irregular,True,NVIDIA GeForce RTX 4090,12.1,0,50,200,10,200000,200000,5576937,512,27.884685,1.888128,300,COMMUNITY_TC,3.799066,95.798227,3.876522,99.674749,5.657294,6.358729,10.708046,10.716691,1.489128,0.063795,2.8186,0.107517,2.107821,3.241754,0.554826,0.032523,True,False,False,0.015127897262573242,0.17320508075688776,
synth_mixed_v3,Mixed/Irregular,True,NVIDIA GeForce RTX 4090,12.1,0,50,200,10,200000,200000,5576937,512,27.884685,1.888128,300,SEGMENT_HYBRID,3.693179,76.082291,3.755834,79.838125,5.657294,6.358729,10.708046,10.716691,1.531822,0.079645,2.899411,0.13423,2.107821,3.241754,0.570733,0.040604,True,False,False,0.015129566192626953,0.17320508075688776,
synth_mixed_v3,Mixed/Irregular,True,NVIDIA GeForce RTX 4090,12.1,0,50,200,10,200000,200000,5576937,512,27.884685,1.888128,300,TC_DIRECT_TF32,3.924198,75.792011,3.84097,79.63298,5.657294,6.358729,10.708046,10.716691,1.441643,0.07985,2.728722,0.134576,2.107821,3.241754,0.537134,0.040709,True,False,False,0.015126943588256836,0.17320508075688776,
synth_mixed_v3,Mixed/Irregular,True,NVIDIA GeForce RTX 4090,12.1,0,50,200,10,200000,200000,5576937,512,27.884685,1.888128,300,COMMUNITY_TC_TF32,4.096742,90.211898,4.141818,94.353715,5.657294,6.358729,10.708046,10.716691,1.380925,0.067392,2.613795,0.11358,2.107821,3.241754,0.514511,0.034357,True,False,False,0.01512598991394043,0.17320508075688776,
synth_mixed_v3,Mixed/Irregular,True,NVIDIA GeForce RTX 4090,12.1,0,50,200,10,200000,200000,5576937,512,27.884685,1.888128,300,SEGMENT_HYBRID_TF32,4.21441,74.87407,4.162589,79.036659,5.657294,6.358729,10.708046,10.716691,1.342369,0.080453,2.540817,0.135591,2.107821,3.241754,0.500146,0.041016,True,False,False,0.015128374099731445,0.17320508075688776,
synth_mixed_v3,Mixed/Irregular,True,NVIDIA GeForce RTX 4090,12.1,0,50,200,10,200000,200000,5576937,512,27.884685,1.888128,300,CUSPARSE,5.657294,0.660316,5.698413,6.358729,5.657294,6.358729,10.708046,10.716691,1.0,1.0,1.892786,1.685351,2.107821,3.241754,,,True,False,False,0.0,0.0,
synth_mixed_v4,Mixed/Irregular,True,NVIDIA GeForce RTX 4090,12.1,0,50,200,10,200000,200000,7410217,64,37.051085,2.317877,480,CSR_DIRECT,0.453361,0.0,0.457334,0.457334,0.52394,1.036769,0.453361,0.457334,1.15568,2.266983,1.0,1.0,0.410593,0.912538,,,True,False,False,5.53131103515625e-05,0.021908902300206645,
synth_mixed_v4,Mixed/Irregular,True,NVIDIA GeForce RTX 4090,12.1,0,50,200,10,200000,200000,7410217,64,37.051085,2.317877,480,RODE_ENHANCED,0.483528,3.651079,0.51209,4.163169,0.52394,1.036769,0.453361,0.457334,1.083578,0.249034,0.937611,0.109852,0.410593,0.912538,,,True,False,False,3.4332275390625e-05,0.021908902300206645,
synth_mixed_v4,Mixed/Irregular,True,NVIDIA GeForce RTX 4090,12.1,0,50,200,10,200000,200000,7410217,64,37.051085,2.317877,480,ZERO_OVERHEAD_CSR,0.471465,1.903501,0.492403,2.395904,0.52394,1.036769,0.453361,0.457334,1.111302,0.432726,0.9616,0.190882,0.410593,0.912538,,,True,False,False,3.4332275390625e-05,0.021908902300206645,
synth_mixed_v4,Mixed/Irregular,True,NVIDIA GeForce RTX 4090,12.1,0,50,200,10,200000,200000,7410217,64,37.051085,2.317877,480,TC_DIRECT,0.378736,107.786132,0.64704,108.433172,0.52394,1.036769,0.453361,0.457334,1.38339,0.009561,1.197036,0.004218,0.410593,0.912538,1.084114,0.008416,True,False,False,0.017889022827148438,0.21908902300206645,
synth_mixed_v4,Mixed/Irregular,True,NVIDIA GeForce RTX 4090,12.1,0,50,200,10,200000,200000,7410217,64,37.051085,2.317877,480,COMMUNITY_TC,0.414326,152.87985,0.768643,153.648494,0.52394,1.036769,0.453361,0.457334,1.26456,0.006748,1.094213,0.002976,0.410593,0.912538,0.990991,0.005939,True,False,False,0.017925262451171875,0.21908902300206645,
synth_mixed_v4,Mixed/Irregular,True,NVIDIA GeForce RTX 4090,12.1,0,50,200,10,200000,200000,7410217,64,37.051085,2.317877,480,SEGMENT_HYBRID,0.458588,126.411166,0.885392,127.296558,0.52394,1.036769,0.453361,0.457334,1.142506,0.008145,0.988601,0.003593,0.410593,0.912538,0.895342,0.007169,True,False,False,0.01788330078125,0.21908902300206645,
synth_mixed_v4,Mixed/Irregular,True,NVIDIA GeForce RTX 4090,12.1,0,50,200,10,200000,200000,7410217,64,37.051085,2.317877,480,TC_DIRECT_TF32,0.507085,126.665762,0.617322,127.283083,0.52394,1.036769,0.453361,0.457334,1.033239,0.008145,0.894053,0.003593,0.410593,0.912538,0.809713,0.007169,True,False,False,0.017904281616210938,0.21908902300206645,
synth_mixed_v4,Mixed/Irregular,True,NVIDIA GeForce RTX 4090,12.1,0,50,200,10,200000,200000,7410217,64,37.051085,2.317877,480,COMMUNITY_TC_TF32,0.517043,151.454128,0.61743,152.071559,0.52394,1.036769,0.453361,0.457334,1.013339,0.006818,0.876833,0.003007,0.410593,0.912538,0.794118,0.006001,True,False,False,0.017942428588867188,0.21908902300206645,
synth_mixed_v4,Mixed/Irregular,True,NVIDIA GeForce RTX 4090,12.1,0,50,200,10,200000,200000,7410217,64,37.051085,2.317877,480,SEGMENT_HYBRID_TF32,0.601769,131.012341,0.925789,131.93813,0.52394,1.036769,0.453361,0.457334,0.870666,0.007858,0.75338,0.003466,0.410593,0.912538,0.68231,0.006916,True,False,False,0.017896652221679688,0.21908902300206645,
synth_mixed_v4,Mixed/Irregular,True,NVIDIA GeForce RTX 4090,12.1,0,50,200,10,200000,200000,7410217,64,37.051085,2.317877,480,CUSPARSE,0.52394,0.511883,0.524886,1.036769,0.52394,1.036769,0.453361,0.457334,1.0,1.0,0.865291,0.441115,0.410593,0.912538,,,True,False,False,0.0,0.0,
synth_mixed_v4,Mixed/Irregular,True,NVIDIA GeForce RTX 4090,12.1,0,50,200,10,200000,200000,7410217,128,37.051085,2.317877,480,CSR_DIRECT,1.499049,0.0,1.505446,1.505446,1.730801,2.176603,1.499049,1.505446,1.154599,1.445819,1.0,1.0,0.63639,1.069243,,,True,False,False,6.103515625e-05,0.021908902300206645,
synth_mixed_v4,Mixed/Irregular,True,NVIDIA GeForce RTX 4090,12.1,0,50,200,10,200000,200000,7410217,128,37.051085,2.317877,480,RODE_ENHANCED,1.446564,3.74199,1.474266,5.216255,1.730801,2.176603,1.499049,1.505446,1.196491,0.417273,1.036283,0.288607,0.63639,1.069243,,,True,False,False,3.4332275390625e-05,0.021908902300206645,
synth_mixed_v4,Mixed/Irregular,True,NVIDIA GeForce RTX 4090,12.1,0,50,200,10,200000,200000,7410217,128,37.051085,2.317877,480,ZERO_OVERHEAD_CSR,1.518868,1.928793,1.535648,3.464441,1.730801,2.176603,1.499049,1.505446,1.139533,0.62827,0.986951,0.434542,0.63639,1.069243,,,True,False,False,3.4332275390625e-05,0.021908902300206645,
synth_mixed_v4,Mixed/Irregular,True,NVIDIA GeForce RTX 4090,12.1,0,50,200,10,200000,200000,7410217,128,37.051085,2.317877,480,TC_DIRECT,0.781445,125.954038,1.11097,127.065007,1.730801,2.176603,1.499049,1.505446,2.214872,0.01713,1.918304,0.011848,0.63639,1.069243,0.814376,0.008415,True,False,False,0.017966866493225098,0.21908902300206645,
synth_mixed_v4,Mixed/Irregular,True,NVIDIA GeForce RTX 4090,12.1,0,50,200,10,200000,200000,7410217,128,37.051085,2.317877,480,COMMUNITY_TC,0.877486,158.020382,1.147651,159.168033,1.730801,2.176603,1.499049,1.505446,1.972454,0.013675,1.708345,0.009458,0.63639,1.069243,0.725243,0.006718,True,False,False,0.017952680587768555,0.21908902300206645,
synth_mixed_v4,Mixed/Irregular,True,NVIDIA GeForce RTX 4090,12.1,0,50,200,10,200000,200000,7410217,128,37.051085,2.317877,480,SEGMENT_HYBRID,0.95425,128.189104,1.617798,129.806903,1.730801,2.176603,1.499049,1.505446,1.813781,0.016768,1.570918,0.011598,0.63639,1.069243,0.666901,0.008237,True,False,False,0.017966151237487793,0.21908902300206645,
synth_mixed_v4,Mixed/Irregular,True,NVIDIA GeForce RTX 4090,12.1,0,50,200,10,200000,200000,7410217,128,37.051085,2.317877,480,TC_DIRECT_TF32,1.065329,125.079245,1.110544,126.189789,1.730801,2.176603,1.499049,1.505446,1.624664,0.017249,1.407123,0.01193,0.63639,1.069243,0.597365,0.008473,True,False,False,0.01795947551727295,0.21908902300206645,
synth_mixed_v4,Mixed/Irregular,True,NVIDIA GeForce RTX 4090,12.1,0,50,200,10,200000,200000,7410217,128,37.051085,2.317877,480,COMMUNITY_TC_TF32,1.064325,151.015288,1.141542,152.15683,1.730801,2.176603,1.499049,1.505446,1.626195,0.014305,1.40845,0.009894,0.63639,1.069243,0.597929,0.007027,True,False,False,0.01794266700744629,0.21908902300206645,
synth_mixed_v4,Mixed/Irregular,True,NVIDIA GeForce RTX 4090,12.1,0,50,200,10,200000,200000,7410217,128,37.051085,2.317877,480,SEGMENT_HYBRID_TF32,1.223229,130.652985,1.56471,132.217695,1.730801,2.176603,1.499049,1.505446,1.414944,0.016462,1.225485,0.011386,0.63639,1.069243,0.520254,0.008087,True,False,False,0.0179593563079834,0.21908902300206645,
synth_mixed_v4,Mixed/Irregular,True,NVIDIA GeForce RTX 4090,12.1,0,50,200,10,200000,200000,7410217,128,37.051085,2.317877,480,CUSPARSE,1.730801,0.402738,1.773866,2.176603,1.730801,2.176603,1.499049,1.505446,1.0,1.0,0.866101,0.691649,0.63639,1.069243,,,True,False,False,0.0,0.0,
synth_mixed_v4,Mixed/Irregular,True,NVIDIA GeForce RTX 4090,12.1,0,50,200,10,200000,200000,7410217,256,37.051085,2.317877,480,CSR_DIRECT,5.631248,0.0,5.639043,5.639043,3.419966,3.959472,5.631248,5.639043,0.607319,0.702153,1.0,1.0,1.276211,2.264329,,,True,False,False,5.340576171875e-05,0.021908902300206645,
synth_mixed_v4,Mixed/Irregular,True,NVIDIA GeForce RTX 4090,12.1,0,50,200,10,200000,200000,7410217,256,37.051085,2.317877,480,RODE_ENHANCED,5.421716,3.820901,5.451296,9.272197,3.419966,3.959472,5.631248,5.639043,0.63079,0.427026,1.038647,0.608167,1.276211,2.264329,,,True,False,False,3.3736228942871094e-05,0.021908902300206645,
synth_mixed_v4,Mixed/Irregular,True,NVIDIA GeForce RTX 4090,12.1,0,50,200,10,200000,200000,7410217,256,37.051085,2.317877,480,ZERO_OVERHEAD_CSR,5.614827,1.982521,5.636634,7.619155,3.419966,3.959472,5.631248,5.639043,0.609095,0.519673,1.002924,0.740114,1.276211,2.264329,,,True,False,False,3.4332275390625e-05,0.021908902300206645,
synth_mixed_v4,Mixed/Irregular,True,NVIDIA GeForce RTX 4090,12.1,0,50,200,10,200000,200000,7410217,256,37.051085,2.317877,480,TC_DIRECT,1.631524,127.53268,1.923149,129.455829,3.419966,3.959472,5.631248,5.639043,2.096178,0.030586,3.451526,0.04356,1.276211,2.264329,0.78222,0.017491,True,False,False,0.017658472061157227,0.21908902300206645,
synth_mixed_v4,Mixed/Irregular,True,NVIDIA GeForce RTX 4090,12.1,0,50,200,10,200000,200000,7410217,256,37.051085,2.317877,480,COMMUNITY_TC,1.901353,153.214008,2.028464,155.242472,3.419966,3.959472,5.631248,5.639043,1.798701,0.025505,2.961705,0.036324,1.276211,2.264329,0.671212,0.014586,True,False,False,0.01764988899230957,0.21908902300206645,
synth_mixed_v4,Mixed/Irregular,True,NVIDIA GeForce RTX 4090,12.1,0,50,200,10,200000,200000,7410217,256,37.051085,2.317877,480,SEGMENT_HYBRID,1.967089,130.212667,2.117459,132.330126,3.419966,3.959472,5.631248,5.639043,1.738592,0.029921,2.862732,0.042613,1.276211,2.264329,0.648782,0.017111,True,False,False,0.017638206481933594,0.21908902300206645,
synth_mixed_v4,Mixed/Irregular,True,NVIDIA GeForce RTX 4090,12.1,0,50,200,10,200000,200000,7410217,256,37.051085,2.317877,480,TC_DIRECT_TF32,2.116772,125.865312,2.120541,127.985853,3.419966,3.959472,5.631248,5.639043,1.615651,0.030937,2.6603,0.04406,1.276211,2.264329,0.602904,0.017692,True,False,False,0.017665624618530273,0.21908902300206645,
synth_mixed_v4,Mixed/Irregular,True,NVIDIA GeForce RTX 4090,12.1,0,50,200,10,200000,200000,7410217,256,37.051085,2.317877,480,COMMUNITY_TC_TF32,2.144747,152.800168,2.229117,155.029285,3.419966,3.959472,5.631248,5.639043,1.594577,0.02554,2.625599,0.036374,1.276211,2.264329,0.59504,0.014606,True,False,False,0.017661571502685547,0.21908902300206645,
synth_mixed_v4,Mixed/Irregular,True,NVIDIA GeForce RTX 4090,12.1,0,50,200,10,200000,200000,7410217,256,37.051085,2.317877,480,SEGMENT_HYBRID_TF32,2.449572,131.189853,2.560586,133.750439,3.419966,3.959472,5.631248,5.639043,1.396148,0.029603,2.29887,0.042161,1.276211,2.264329,0.520994,0.01693,True,False,False,0.01763916015625,0.21908902300206645,
synth_mixed_v4,Mixed/Irregular,True,NVIDIA GeForce RTX 4090,12.1,0,50,200,10,200000,200000,7410217,256,37.051085,2.317877,480,CUSPARSE,3.419966,0.497523,3.461949,3.959472,3.419966,3.959472,5.631248,5.639043,1.0,1.0,1.64658,1.424191,1.276211,2.264329,,,True,False,False,0.0,0.0,
synth_mixed_v4,Mixed/Irregular,True,NVIDIA GeForce RTX 4090,12.1,0,50,200,10,200000,200000,7410217,512,37.051085,2.317877,480,CSR_DIRECT,13.969966,0.0,13.975571,13.975571,6.874547,7.312046,13.969966,13.975571,0.492095,0.523202,1.0,1.0,2.546094,3.717194,,,True,False,False,6.67572021484375e-05,0.021908902300206645,
synth_mixed_v4,Mixed/Irregular,True,NVIDIA GeForce RTX 4090,12.1,0,50,200,10,200000,200000,7410217,512,37.051085,2.317877,480,RODE_ENHANCED,13.775114,2.682415,13.795031,16.477445,6.874547,7.312046,13.969966,13.975571,0.499056,0.443761,1.014145,0.848164,2.546094,3.717194,,,True,False,False,3.814697265625e-05,0.021908902300206645,
synth_mixed_v4,Mixed/Irregular,True,NVIDIA GeForce RTX 4090,12.1,0,50,200,10,200000,200000,7410217,512,37.051085,2.317877,480,ZERO_OVERHEAD_CSR,13.849425,1.432324,13.863216,15.29554,6.874547,7.312046,13.969966,13.975571,0.496378,0.478051,1.008704,0.913702,2.546094,3.717194,,,True,False,False,3.814697265625e-05,0.021908902300206645,
synth_mixed_v4,Mixed/Irregular,True,NVIDIA GeForce RTX 4090,12.1,0,50,200,10,200000,200000,7410217,512,37.051085,2.317877,480,TC_DIRECT,4.051589,98.999391,7.375632,106.375023,6.874547,7.312046,13.969966,13.975571,1.696753,0.068738,3.448021,0.13138,2.546094,3.717194,0.628419,0.034944,True,False,False,0.019163131713867188,0.21908902300206645,
synth_mixed_v4,Mixed/Irregular,True,NVIDIA GeForce RTX 4090,12.1,0,50,200,10,200000,200000,7410217,512,37.051085,2.317877,480,COMMUNITY_TC,4.299141,116.692767,4.358829,121.051595,6.874547,7.312046,13.969966,13.975571,1.599051,0.060404,3.249478,0.115451,2.546094,3.717194,0.592233,0.030708,True,False,False,0.019164562225341797,0.21908902300206645,
synth_mixed_v4,Mixed/Irregular,True,NVIDIA GeForce RTX 4090,12.1,0,50,200,10,200000,200000,7410217,512,37.051085,2.317877,480,SEGMENT_HYBRID,4.37271,101.337335,4.418275,105.75561,6.874547,7.312046,13.969966,13.975571,1.572148,0.069141,3.194807,0.13215,2.546094,3.717194,0.582269,0.035149,True,False,False,0.019163131713867188,0.21908902300206645,
synth_mixed_v4,Mixed/Irregular,True,NVIDIA GeForce RTX 4090,12.1,0,50,200,10,200000,200000,7410217,512,37.051085,2.317877,480,TC_DIRECT_TF32,4.565345,92.538727,4.684246,97.222973,6.874547,7.312046,13.969966,13.975571,1.505811,0.075209,3.060002,0.143748,2.546094,3.717194,0.5577,0.038234,True,False,False,0.0191650390625,0.21908902300206645,
synth_mixed_v4,Mixed/Irregular,True,NVIDIA GeForce RTX 4090,12.1,0,50,200,10,200000,200000,7410217,512,37.051085,2.317877,480,COMMUNITY_TC_TF32,4.702755,113.487811,4.798573,118.286384,6.874547,7.312046,13.969966,13.975571,1.461813,0.061816,2.970592,0.11815,2.546094,3.717194,0.541405,0.031425,True,False,False,0.019165992736816406,0.21908902300206645,
synth_mixed_v4,Mixed/Irregular,True,NVIDIA GeForce RTX 4090,12.1,0,50,200,10,200000,200000,7410217,512,37.051085,2.317877,480,SEGMENT_HYBRID_TF32,5.184005,97.627972,5.15263,102.780603,6.874547,7.312046,13.969966,13.975571,1.326107,0.071142,2.694821,0.135975,2.546094,3.717194,0.491144,0.036166,True,False,False,0.0191650390625,0.21908902300206645,
synth_mixed_v4,Mixed/Irregular,True,NVIDIA GeForce RTX 4090,12.1,0,50,200,10,200000,200000,7410217,512,37.051085,2.317877,480,CUSPARSE,6.874547,0.396392,6.915654,7.312046,6.874547,7.312046,13.969966,13.975571,1.0,1.0,2.032129,1.911308,2.546094,3.717194,,,True,False,False,0.0,0.0,
synth_mixed_v5,Mixed/Irregular,True,NVIDIA GeForce RTX 4090,12.1,0,50,200,10,200000,200000,7276677,64,36.383385,2.047165,420,CSR_DIRECT,0.444626,0.0,0.451498,0.451498,0.516536,0.91787,0.444626,0.451498,1.161732,2.032945,1.0,1.0,0.405919,0.851427,,,True,False,False,4.9591064453125e-05,0.020493901531919198,
synth_mixed_v5,Mixed/Irregular,True,NVIDIA GeForce RTX 4090,12.1,0,50,200,10,200000,200000,7276677,64,36.383385,2.047165,420,RODE_ENHANCED,0.464901,4.035082,0.49729,4.532372,0.516536,0.91787,0.444626,0.451498,1.111067,0.202514,0.956388,0.099616,0.405919,0.851427,,,True,False,False,3.814697265625e-05,0.020493901531919198,
synth_mixed_v5,Mixed/Irregular,True,NVIDIA GeForce RTX 4090,12.1,0,50,200,10,200000,200000,7276677,64,36.383385,2.047165,420,ZERO_OVERHEAD_CSR,0.451804,1.949737,0.473158,2.422895,0.516536,0.91787,0.444626,0.451498,1.143275,0.378832,0.984112,0.186346,0.405919,0.851427,,,True,False,False,3.814697265625e-05,0.020493901531919198,
synth_mixed_v5,Mixed/Irregular,True,NVIDIA GeForce RTX 4090,12.1,0,50,200,10,200000,200000,7276677,64,36.383385,2.047165,420,TC_DIRECT,0.370529,105.327247,0.586461,105.913708,0.516536,0.91787,0.444626,0.451498,1.394052,0.008666,1.199977,0.004263,0.405919,0.851427,1.095513,0.008039,True,False,False,0.015401840209960938,0.20493901531919198,
synth_mixed_v5,Mixed/Irregular,True,NVIDIA GeForce RTX 4090,12.1,0,50,200,10,200000,200000,7276677,64,36.383385,2.047165,420,COMMUNITY_TC,0.409262,152.684936,0.727046,153.411983,0.516536,0.91787,0.444626,0.451498,1.262116,0.005983,1.086409,0.002943,0.405919,0.851427,0.991832,0.00555,True,False,False,0.015401840209960938,0.20493901531919198,
synth_mixed_v5,Mixed/Irregular,True,NVIDIA GeForce RTX 4090,12.1,0,50,200,10,200000,200000,7276677,64,36.383385,2.047165,420,SEGMENT_HYBRID,0.442317,129.86597,0.78712,130.65309,0.516536,0.91787,0.444626,0.451498,1.167797,0.007025,1.00522,0.003456,0.405919,0.851427,0.917711,0.006517,True,False,False,0.015401363372802734,0.20493901531919198,
synth_mixed_v5,Mixed/Irregular,True,NVIDIA GeForce RTX 4090,12.1,0,50,200,10,200000,200000,7276677,64,36.383385,2.047165,420,TC_DIRECT_TF32,0.498161,125.510711,0.603542,126.114254,0.516536,0.91787,0.444626,0.451498,1.036887,0.007278,0.892535,0.00358,0.405919,0.851427,0.814836,0.006751,True,False,False,0.015402793884277344,0.20493901531919198,
synth_mixed_v5,Mixed/Irregular,True,NVIDIA GeForce RTX 4090,12.1,0,50,200,10,200000,200000,7276677,64,36.383385,2.047165,420,COMMUNITY_TC_TF32,0.51564,152.892441,0.629238,153.52168,0.516536,0.91787,0.444626,0.451498,1.001738,0.005979,0.862279,0.002941,0.405919,0.851427,0.787214,0.005546,True,False,False,0.015405654907226562,0.20493901531919198,
synth_mixed_v5,Mixed/Irregular,True,NVIDIA GeForce RTX 4090,12.1,0,50,200,10,200000,200000,7276677,64,36.383385,2.047165,420,SEGMENT_HYBRID_TF32,0.584689,127.382969,0.908736,128.291705,0.516536,0.91787,0.444626,0.451498,0.883438,0.007155,0.760449,0.003519,0.405919,0.851427,0.694248,0.006637,True,False,False,0.01540374755859375,0.20493901531919198,
synth_mixed_v5,Mixed/Irregular,True,NVIDIA GeForce RTX 4090,12.1,0,50,200,10,200000,200000,7276677,64,36.383385,2.047165,420,CUSPARSE,0.516536,0.400443,0.517427,0.91787,0.516536,0.91787,0.444626,0.451498,1.0,1.0,0.860783,0.491897,0.405919,0.851427,,,True,False,False,0.0,0.0,
synth_mixed_v5,Mixed/Irregular,True,NVIDIA GeForce RTX 4090,12.1,0,50,200,10,200000,200000,7276677,128,36.383385,2.047165,420,CSR_DIRECT,1.476705,0.0,1.482979,1.482979,1.7218,2.191874,1.476705,1.482979,1.165974,1.47802,1.0,1.0,0.630057,1.070952,,,True,False,False,5.340576171875e-05,0.020493901531919198,
synth_mixed_v5,Mixed/Irregular,True,NVIDIA GeForce RTX 4090,12.1,0,50,200,10,200000,200000,7276677,128,36.383385,2.047165,420,RODE_ENHANCED,1.45769,3.814279,1.490141,5.30442,1.7218,2.191874,1.476705,1.482979,1.181184,0.413216,1.013045,0.279574,0.630057,1.070952,,,True,False,False,3.4332275390625e-05,0.020493901531919198,
synth_mixed_v5,Mixed/Irregular,True,NVIDIA GeForce RTX 4090,12.1,0,50,200,10,200000,200000,7276677,128,36.383385,2.047165,420,ZERO_OVERHEAD_CSR,1.461816,1.956974,1.481165,3.438139,1.7218,2.191874,1.476705,1.482979,1.17785,0.637517,1.010185,0.431332,0.630057,1.070952,,,True,False,False,3.4332275390625e-05,0.020493901531919198,
synth_mixed_v5,Mixed/Irregular,True,NVIDIA GeForce RTX 4090,12.1,0,50,200,10,200000,200000,7276677,128,36.383385,2.047165,420,TC_DIRECT,0.764334,128.739994,1.174528,129.914522,1.7218,2.191874,1.476705,1.482979,2.252679,0.016872,1.932015,0.011415,0.630057,1.070952,0.824321,0.008244,True,False,False,0.01701343059539795,0.20493901531919198,
synth_mixed_v5,Mixed/Irregular,True,NVIDIA GeForce RTX 4090,12.1,0,50,200,10,200000,200000,7276677,128,36.383385,2.047165,420,COMMUNITY_TC,0.856904,155.535897,1.179494,156.715391,1.7218,2.191874,1.476705,1.482979,2.009327,0.013986,1.723304,0.009463,0.630057,1.070952,0.735272,0.006834,True,False,False,0.017012834548950195,0.20493901531919198,
synth_mixed_v5,Mixed/Irregular,True,NVIDIA GeForce RTX 4090,12.1,0,50,200,10,200000,200000,7276677,128,36.383385,2.047165,420,SEGMENT_HYBRID,0.921185,127.976514,1.184259,129.160773,1.7218,2.191874,1.476705,1.482979,1.869113,0.01697,1.603049,0.011482,0.630057,1.070952,0.683963,0.008292,True,False,False,0.01701343059539795,0.20493901531919198,
synth_mixed_v5,Mixed/Irregular,True,NVIDIA GeForce RTX 4090,12.1,0,50,200,10,200000,200000,7276677,128,36.383385,2.047165,420,TC_DIRECT_TF32,1.046901,124.300319,1.094426,125.394745,1.7218,2.191874,1.476705,1.482979,1.644663,0.01748,1.410549,0.011826,0.630057,1.070952,0.601831,0.008541,True,False,False,0.017012476921081543,0.20493901531919198,
synth_mixed_v5,Mixed/Irregular,True,NVIDIA GeForce RTX 4090,12.1,0,50,200,10,200000,200000,7276677,128,36.383385,2.047165,420,COMMUNITY_TC_TF32,1.057746,153.626403,1.150662,154.777065,1.7218,2.191874,1.476705,1.482979,1.627801,0.014161,1.396087,0.009581,0.630057,1.070952,0.59566,0.006919,True,False,False,0.01701188087463379,0.20493901531919198,
synth_mixed_v5,Mixed/Irregular,True,NVIDIA GeForce RTX 4090,12.1,0,50,200,10,200000,200000,7276677,128,36.383385,2.047165,420,SEGMENT_HYBRID_TF32,1.188904,127.554663,1.43016,128.984823,1.7218,2.191874,1.476705,1.482979,1.448224,0.016993,1.242072,0.011497,0.630057,1.070952,0.529948,0.008303,True,False,False,0.017012596130371094,0.20493901531919198,
synth_mixed_v5,Mixed/Irregular,True,NVIDIA GeForce RTX 4090,12.1,0,50,200,10,200000,200000,7276677,128,36.383385,2.047165,420,CUSPARSE,1.7218,0.427083,1.76479,2.191874,1.7218,2.191874,1.476705,1.482979,1.0,1.0,0.857652,0.676581,0.630057,1.070952,,,True,False,False,0.0,0.0,
synth_mixed_v5,Mixed/Irregular,True,NVIDIA GeForce RTX 4090,12.1,0,50,200,10,200000,200000,7276677,256,36.383385,2.047165,420,CSR_DIRECT,5.558856,0.0,5.566931,5.566931,3.403448,3.665806,5.558856,5.566931,0.612257,0.658497,1.0,1.0,1.261834,1.86376,,,True,False,False,6.103515625e-05,0.020493901531919198,
synth_mixed_v5,Mixed/Irregular,True,NVIDIA GeForce RTX 4090,12.1,0,50,200,10,200000,200000,7276677,256,36.383385,2.047165,420,RODE_ENHANCED,5.381176,2.280995,5.394979,7.675974,3.403448,3.665806,5.558856,5.566931,0.632473,0.477569,1.033019,0.725241,1.261834,1.86376,,,True,False,False,3.814697265625e-05,0.020493901531919198,
synth_mixed_v5,Mixed/Irregular,True,NVIDIA GeForce RTX 4090,12.1,0,50,200,10,200000,200000,7276677,256,36.383385,2.047165,420,ZERO_OVERHEAD_CSR,5.474452,1.344041,5.485818,6.829858,3.403448,3.665806,5.558856,5.566931,0.621697,0.536732,1.015418,0.815087,1.261834,1.86376,,,True,False,False,3.814697265625e-05,0.020493901531919198,
synth_mixed_v5,Mixed/Irregular,True,NVIDIA GeForce RTX 4090,12.1,0,50,200,10,200000,200000,7276677,256,36.383385,2.047165,420,TC_DIRECT,1.635563,89.538273,1.795354,91.333626,3.403448,3.665806,5.558856,5.566931,2.080903,0.040136,3.398741,0.060952,1.261834,1.86376,0.771498,0.020406,True,False,False,0.01708221435546875,0.20493901531919198,
synth_mixed_v5,Mixed/Irregular,True,NVIDIA GeForce RTX 4090,12.1,0,50,200,10,200000,200000,7276677,256,36.383385,2.047165,420,COMMUNITY_TC,1.899709,110.055875,1.9856,112.041475,3.403448,3.665806,5.558856,5.566931,1.791562,0.032718,2.926161,0.049686,1.261834,1.86376,0.664225,0.016635,True,False,False,0.0171051025390625,0.20493901531919198,
synth_mixed_v5,Mixed/Irregular,True,NVIDIA GeForce RTX 4090,12.1,0,50,200,10,200000,200000,7276677,256,36.383385,2.047165,420,SEGMENT_HYBRID,1.909279,91.943081,1.990541,93.933621,3.403448,3.665806,5.558856,5.566931,1.782583,0.039025,2.911495,0.059265,1.261834,1.86376,0.660896,0.019841,True,False,False,0.017076492309570312,0.20493901531919198,
synth_mixed_v5,Mixed/Irregular,True,NVIDIA GeForce RTX 4090,12.1,0,50,200,10,200000,200000,7276677,256,36.383385,2.047165,420,TC_DIRECT_TF32,2.083493,89.699113,2.078755,91.777868,3.403448,3.665806,5.558856,5.566931,1.63353,0.039942,2.668046,0.060657,1.261834,1.86376,0.605634,0.020307,True,False,False,0.017093658447265625,0.20493901531919198,
synth_mixed_v5,Mixed/Irregular,True,NVIDIA GeForce RTX 4090,12.1,0,50,200,10,200000,200000,7276677,256,36.383385,2.047165,420,COMMUNITY_TC_TF32,2.12716,103.888358,2.20417,106.092527,3.403448,3.665806,5.558856,5.566931,1.599996,0.034553,2.613276,0.052472,1.261834,1.86376,0.593201,0.017567,True,False,False,0.017122268676757812,0.20493901531919198,
synth_mixed_v5,Mixed/Irregular,True,NVIDIA GeForce RTX 4090,12.1,0,50,200,10,200000,200000,7276677,256,36.383385,2.047165,420,SEGMENT_HYBRID_TF32,2.379443,91.785145,2.592118,94.377264,3.403448,3.665806,5.558856,5.566931,1.430355,0.038842,2.336201,0.058986,1.261834,1.86376,0.530307,0.019748,True,False,False,0.017086029052734375,0.20493901531919198,
synth_mixed_v5,Mixed/Irregular,True,NVIDIA GeForce RTX 4090,12.1,0,50,200,10,200000,200000,7276677,256,36.383385,2.047165,420,CUSPARSE,3.403448,0.221307,3.444499,3.665806,3.403448,3.665806,5.558856,5.566931,1.0,1.0,1.633301,1.51861,1.261834,1.86376,,,True,False,False,0.0,0.0,
synth_mixed_v5,Mixed/Irregular,True,NVIDIA GeForce RTX 4090,12.1,0,50,200,10,200000,200000,7276677,512,36.383385,2.047165,420,CSR_DIRECT,13.759979,0.0,13.765232,13.765232,6.857615,7.295218,13.759979,13.765232,0.498374,0.529974,1.0,1.0,2.5161,3.646439,,,True,False,False,5.7220458984375e-05,0.020493901531919198,
synth_mixed_v5,Mixed/Irregular,True,NVIDIA GeForce RTX 4090,12.1,0,50,200,10,200000,200000,7276677,512,36.383385,2.047165,420,RODE_ENHANCED,13.706772,2.492073,13.725159,16.217232,6.857615,7.295218,13.759979,13.765232,0.500309,0.449844,1.003882,0.848803,2.5161,3.646439,,,True,False,False,3.814697265625e-05,0.020493901531919198,
synth_mixed_v5,Mixed/Irregular,True,NVIDIA GeForce RTX 4090,12.1,0,50,200,10,200000,200000,7276677,512,36.383385,2.047165,420,ZERO_OVERHEAD_CSR,13.671136,1.357806,13.682518,15.040325,6.857615,7.295218,13.759979,13.765232,0.501613,0.485044,1.006499,0.915222,2.5161,3.646439,,,True,False,False,3.814697265625e-05,0.020493901531919198,
synth_mixed_v5,Mixed/Irregular,True,NVIDIA GeForce RTX 4090,12.1,0,50,200,10,200000,200000,7276677,512,36.383385,2.047165,420,TC_DIRECT,4.105052,97.649216,4.286595,101.935811,6.857615,7.295218,13.759979,13.765232,1.670531,0.071567,3.351962,0.135038,2.5161,3.646439,0.612928,0.035772,True,False,False,0.017908096313476562,0.20493901531919198,
synth_mixed_v5,Mixed/Irregular,True,NVIDIA GeForce RTX 4090,12.1,0,50,200,10,200000,200000,7276677,512,36.383385,2.047165,420,COMMUNITY_TC,4.385408,117.962255,4.443702,122.405957,6.857615,7.295218,13.759979,13.765232,1.563735,0.059599,3.137674,0.112456,2.5161,3.646439,0.573744,0.02979,True,False,False,0.017907142639160156,0.20493901531919198,
synth_mixed_v5,Mixed/Irregular,True,NVIDIA GeForce RTX 4090,12.1,0,50,200,10,200000,200000,7276677,512,36.383385,2.047165,420,SEGMENT_HYBRID,4.386232,96.25247,4.465354,100.717823,6.857615,7.295218,13.759979,13.765232,1.563441,0.072432,3.137084,0.136671,2.5161,3.646439,0.573636,0.036205,True,False,False,0.017908096313476562,0.20493901531919198,
synth_mixed_v5,Mixed/Irregular,True,NVIDIA GeForce RTX 4090,12.1,0,50,200,10,200000,200000,7276677,512,36.383385,2.047165,420,TC_DIRECT_TF32,4.72986,97.195399,4.724918,101.920318,6.857615,7.295218,13.759979,13.765232,1.449856,0.071578,2.909173,0.135059,2.5161,3.646439,0.531961,0.035777,True,False,False,0.017905235290527344,0.20493901531919198,
synth_mixed_v5,Mixed/Irregular,True,NVIDIA GeForce RTX 4090,12.1,0,50,200,10,200000,200000,7276677,512,36.383385,2.047165,420,COMMUNITY_TC_TF32,4.810542,111.281391,4.891718,116.17311,6.857615,7.295218,13.759979,13.765232,1.425539,0.062796,2.86038,0.118489,2.5161,3.646439,0.523039,0.031388,True,False,False,0.017904281616210938,0.20493901531919198,
synth_mixed_v5,Mixed/Irregular,True,NVIDIA GeForce RTX 4090,12.1,0,50,200,10,200000,200000,7276677,512,36.383385,2.047165,420,SEGMENT_HYBRID_TF32,5.243909,97.465832,5.109053,102.574885,6.857615,7.295218,13.759979,13.765232,1.30773,0.071121,2.623993,0.134197,2.5161,3.646439,0.479814,0.035549,True,False,False,0.017905235290527344,0.20493901531919198,
synth_mixed_v5,Mixed/Irregular,True,NVIDIA GeForce RTX 4090,12.1,0,50,200,10,200000,200000,7276677,512,36.383385,2.047165,420,CUSPARSE,6.857615,0.396629,6.898589,7.295218,6.857615,7.295218,13.759979,13.765232,1.0,1.0,2.006525,1.886884,2.5161,3.646439,,,True,False,False,0.0,0.0,
synth_sparse_skewed_cv1p5,Sparse Skewed,True,NVIDIA GeForce RTX 4090,12.1,0,50,200,10,200000,200000,3622709,64,18.113545,0.929948,60,CSR_DIRECT,0.216509,0.0,0.224554,0.224554,0.31486,0.698946,0.216509,0.224554,1.454253,3.112603,1.0,1.0,0.228992,0.661854,,,True,False,False,7.62939453125e-06,0.007745966692414835,
synth_sparse_skewed_cv1p5,Sparse Skewed,True,NVIDIA GeForce RTX 4090,12.1,0,50,200,10,200000,200000,3622709,64,18.113545,0.929948,60,RODE_ENHANCED,0.227635,2.77674,0.257962,3.034702,0.31486,0.698946,0.216509,0.224554,1.383176,0.230318,0.951125,0.073995,0.228992,0.661854,,,True,False,False,5.7220458984375e-06,0.007745966692414835,
synth_sparse_skewed_cv1p5,Sparse Skewed,True,NVIDIA GeForce RTX 4090,12.1,0,50,200,10,200000,200000,3622709,64,18.113545,0.929948,60,ZERO_OVERHEAD_CSR,0.239196,2.009384,0.25441,2.263793,0.31486,0.698946,0.216509,0.224554,1.316323,0.30875,0.905154,0.099194,0.228992,0.661854,,,True,False,False,7.62939453125e-06,0.007745966692414835,
synth_sparse_skewed_cv1p5,Sparse Skewed,True,NVIDIA GeForce RTX 4090,12.1,0,50,200,10,200000,200000,3622709,64,18.113545,0.929948,60,TC_DIRECT,0.229791,60.455901,0.505558,60.96146,0.31486,0.698946,0.216509,0.224554,1.370201,0.011465,0.942203,0.003684,0.228992,0.661854,0.996524,0.010857,True,False,False,0.006809711456298828,0.07745966692414835,
synth_sparse_skewed_cv1p5,Sparse Skewed,True,NVIDIA GeForce RTX 4090,12.1,0,50,200,10,200000,200000,3622709,64,18.113545,0.929948,60,COMMUNITY_TC,0.283443,83.009023,0.720282,83.729305,0.31486,0.698946,0.216509,0.224554,1.110838,0.008348,0.763855,0.002682,0.228992,0.661854,0.807894,0.007905,True,False,False,0.006809711456298828,0.07745966692414835,
synth_sparse_skewed_cv1p5,Sparse Skewed,True,NVIDIA GeForce RTX 4090,12.1,0,50,200,10,200000,200000,3622709,64,18.113545,0.929948,60,SEGMENT_HYBRID,0.298092,64.270627,0.644573,64.9152,0.31486,0.698946,0.216509,0.224554,1.056251,0.010767,0.726319,0.003459,0.228992,0.661854,0.768194,0.010196,True,False,False,0.006809711456298828,0.07745966692414835,
synth_sparse_skewed_cv1p5,Sparse Skewed,True,NVIDIA GeForce RTX 4090,12.1,0,50,200,10,200000,200000,3622709,64,18.113545,0.929948,60,TC_DIRECT_TF32,0.24745,58.494526,0.367616,58.862142,0.31486,0.698946,0.216509,0.224554,1.272419,0.011874,0.874964,0.003815,0.228992,0.661854,0.925409,0.011244,True,False,False,0.006809711456298828,0.07745966692414835,
synth_sparse_skewed_cv1p5,Sparse Skewed,True,NVIDIA GeForce RTX 4090,12.1,0,50,200,10,200000,200000,3622709,64,18.113545,0.929948,60,COMMUNITY_TC_TF32,0.321208,84.419401,0.452285,84.871686,0.31486,0.698946,0.216509,0.224554,0.980235,0.008235,0.674047,0.002646,0.228992,0.661854,0.712908,0.007798,True,False,False,0.006809711456298828,0.07745966692414835,
synth_sparse_skewed_cv1p5,Sparse Skewed,True,NVIDIA GeForce RTX 4090,12.1,0,50,200,10,200000,200000,3622709,64,18.113545,0.929948,60,SEGMENT_HYBRID_TF32,0.347576,62.006958,0.473789,62.480747,0.31486,0.698946,0.216509,0.224554,0.905872,0.011187,0.622912,0.003594,0.228992,0.661854,0.658825,0.010593,True,False,False,0.006809711456298828,0.07745966692414835,
synth_sparse_skewed_cv1p5,Sparse Skewed,True,NVIDIA GeForce RTX 4090,12.1,0,50,200,10,200000,200000,3622709,64,18.113545,0.929948,60,CUSPARSE,0.31486,0.393397,0.305549,0.698946,0.31486,0.698946,0.216509,0.224554,1.0,1.0,0.687638,0.321275,0.228992,0.661854,,,True,False,False,0.0,0.0,
synth_sparse_skewed_cv1p5,Sparse Skewed,True,NVIDIA GeForce RTX 4090,12.1,0,50,200,10,200000,200000,3622709,128,18.113545,0.929948,60,CSR_DIRECT,0.840888,0.0,0.846125,0.846125,1.082936,1.527344,0.840888,0.846125,1.287848,1.805104,1.0,1.0,0.468169,1.058552,,,True,False,False,7.62939453125e-06,0.007745966692414835,
synth_sparse_skewed_cv1p5,Sparse Skewed,True,NVIDIA GeForce RTX 4090,12.1,0,50,200,10,200000,200000,3622709,128,18.113545,0.929948,60,RODE_ENHANCED,0.841421,2.661893,0.865734,3.527627,1.082936,1.527344,0.840888,0.846125,1.287033,0.432966,0.999367,0.239857,0.468169,1.058552,,,True,False,False,5.7220458984375e-06,0.007745966692414835,
synth_sparse_skewed_cv1p5,Sparse Skewed,True,NVIDIA GeForce RTX 4090,12.1,0,50,200,10,200000,200000,3622709,128,18.113545,0.929948,60,ZERO_OVERHEAD_CSR,0.870589,1.961139,0.885898,2.847036,1.082936,1.527344,0.840888,0.846125,1.243912,0.536468,0.965884,0.297195,0.468169,1.058552,,,True,False,False,7.62939453125e-06,0.007745966692414835,
synth_sparse_skewed_cv1p5,Sparse Skewed,True,NVIDIA GeForce RTX 4090,12.1,0,50,200,10,200000,200000,3622709,128,18.113545,0.929948,60,TC_DIRECT,0.509296,62.369887,0.800858,63.170745,1.082936,1.527344,0.840888,0.846125,2.126342,0.024178,1.651081,0.013394,0.468169,1.058552,0.919248,0.016757,True,False,False,0.007460594177246094,0.07745966692414835,
synth_sparse_skewed_cv1p5,Sparse Skewed,True,NVIDIA GeForce RTX 4090,12.1,0,50,200,10,200000,200000,3622709,128,18.113545,0.929948,60,COMMUNITY_TC,0.612787,89.646771,0.885078,90.531849,1.082936,1.527344,0.840888,0.846125,1.767231,0.016871,1.372235,0.009346,0.468169,1.058552,0.763999,0.011693,True,False,False,0.007460594177246094,0.07745966692414835,
synth_sparse_skewed_cv1p5,Sparse Skewed,True,NVIDIA GeForce RTX 4090,12.1,0,50,200,10,200000,200000,3622709,128,18.113545,0.929948,60,SEGMENT_HYBRID,0.622966,61.293923,0.89681,62.190733,1.082936,1.527344,0.840888,0.846125,1.738356,0.024559,1.349815,0.013605,0.468169,1.058552,0.751516,0.017021,True,False,False,0.007460594177246094,0.07745966692414835,
synth_sparse_skewed_cv1p5,Sparse Skewed,True,NVIDIA GeForce RTX 4090,12.1,0,50,200,10,200000,200000,3622709,128,18.113545,0.929948,60,TC_DIRECT_TF32,0.564091,58.919543,0.646538,59.566081,1.082936,1.527344,0.840888,0.846125,1.91979,0.025641,1.490696,0.014205,0.468169,1.058552,0.829953,0.017771,True,False,False,0.007460594177246094,0.07745966692414835,
synth_sparse_skewed_cv1p5,Sparse Skewed,True,NVIDIA GeForce RTX 4090,12.1,0,50,200,10,200000,200000,3622709,128,18.113545,0.929948,60,COMMUNITY_TC_TF32,0.666568,84.056776,0.783037,84.839813,1.082936,1.527344,0.840888,0.846125,1.624646,0.018003,1.26152,0.009973,0.468169,1.058552,0.702358,0.012477,True,False,False,0.0074596405029296875,0.07745966692414835,
synth_sparse_skewed_cv1p5,Sparse Skewed,True,NVIDIA GeForce RTX 4090,12.1,0,50,200,10,200000,200000,3622709,128,18.113545,0.929948,60,SEGMENT_HYBRID_TF32,0.685353,61.399363,0.803734,62.203097,1.082936,1.527344,0.840888,0.846125,1.580115,0.024554,1.226942,0.013603,0.468169,1.058552,0.683106,0.017018,True,False,False,0.007460594177246094,0.07745966692414835,
synth_sparse_skewed_cv1p5,Sparse Skewed,True,NVIDIA GeForce RTX 4090,12.1,0,50,200,10,200000,200000,3622709,128,18.113545,0.929948,60,CUSPARSE,1.082936,0.402723,1.124621,1.527344,1.082936,1.527344,0.840888,0.846125,1.0,1.0,0.776489,0.553985,0.468169,1.058552,,,True,False,False,0.0,0.0,
synth_sparse_skewed_cv1p5,Sparse Skewed,True,NVIDIA GeForce RTX 4090,12.1,0,50,200,10,200000,200000,3622709,256,18.113545,0.929948,60,CSR_DIRECT,2.926643,0.0,2.935456,2.935456,2.134845,2.605114,2.926643,2.935456,0.729452,0.887465,1.0,1.0,0.893082,1.477396,,,True,False,False,9.5367431640625e-06,0.007745966692414835,
synth_sparse_skewed_cv1p5,Sparse Skewed,True,NVIDIA GeForce RTX 4090,12.1,0,50,200,10,200000,200000,3622709,256,18.113545,0.929948,60,RODE_ENHANCED,2.887142,2.682552,2.914102,5.596655,2.134845,2.605114,2.926643,2.935456,0.739432,0.465477,1.013682,0.524502,0.893082,1.477396,,,True,False,False,5.7220458984375e-06,0.007745966692414835,
synth_sparse_skewed_cv1p5,Sparse Skewed,True,NVIDIA GeForce RTX 4090,12.1,0,50,200,10,200000,200000,3622709,256,18.113545,0.929948,60,ZERO_OVERHEAD_CSR,2.937052,2.047141,2.954032,5.001173,2.134845,2.605114,2.926643,2.935456,0.726867,0.520901,0.996456,0.586953,0.893082,1.477396,,,True,False,False,9.5367431640625e-06,0.007745966692414835,
synth_sparse_skewed_cv1p5,Sparse Skewed,True,NVIDIA GeForce RTX 4090,12.1,0,50,200,10,200000,200000,3622709,256,18.113545,0.929948,60,TC_DIRECT,1.094743,60.229435,1.373498,61.602932,2.134845,2.605114,2.926643,2.935456,1.950088,0.042289,2.673361,0.047651,0.893082,1.477396,0.815791,0.023983,True,False,False,0.008011341094970703,0.07745966692414835,
synth_sparse_skewed_cv1p5,Sparse Skewed,True,NVIDIA GeForce RTX 4090,12.1,0,50,200,10,200000,200000,3622709,256,18.113545,0.929948,60,COMMUNITY_TC,1.352837,89.453811,1.558813,91.012623,2.134845,2.605114,2.926643,2.935456,1.578051,0.028624,2.163337,0.032253,0.893082,1.477396,0.660155,0.016233,True,False,False,0.008011102676391602,0.07745966692414835,
synth_sparse_skewed_cv1p5,Sparse Skewed,True,NVIDIA GeForce RTX 4090,12.1,0,50,200,10,200000,200000,3622709,256,18.113545,0.929948,60,SEGMENT_HYBRID,1.308483,64.247534,1.558851,65.806385,2.134845,2.605114,2.926643,2.935456,1.631543,0.039588,2.23667,0.044607,0.893082,1.477396,0.682532,0.022451,True,False,False,0.008011341094970703,0.07745966692414835,
synth_sparse_skewed_cv1p5,Sparse Skewed,True,NVIDIA GeForce RTX 4090,12.1,0,50,200,10,200000,200000,3622709,256,18.113545,0.929948,60,TC_DIRECT_TF32,1.129994,59.834577,1.224582,61.059159,2.134845,2.605114,2.926643,2.935456,1.889253,0.042665,2.589963,0.048076,0.893082,1.477396,0.790342,0.024196,True,False,False,0.008011341094970703,0.07745966692414835,
synth_sparse_skewed_cv1p5,Sparse Skewed,True,NVIDIA GeForce RTX 4090,12.1,0,50,200,10,200000,200000,3622709,256,18.113545,0.929948,60,COMMUNITY_TC_TF32,1.398446,86.263414,1.512726,87.77614,2.134845,2.605114,2.926643,2.935456,1.526584,0.029679,2.092782,0.033443,0.893082,1.477396,0.638624,0.016831,True,False,False,0.008011102676391602,0.07745966692414835,
synth_sparse_skewed_cv1p5,Sparse Skewed,True,NVIDIA GeForce RTX 4090,12.1,0,50,200,10,200000,200000,3622709,256,18.113545,0.929948,60,SEGMENT_HYBRID_TF32,1.346811,68.939786,1.469866,70.409652,2.134845,2.605114,2.926643,2.935456,1.585112,0.036999,2.173017,0.041691,0.893082,1.477396,0.663108,0.020983,True,False,False,0.008011341094970703,0.07745966692414835,
synth_sparse_skewed_cv1p5,Sparse Skewed,True,NVIDIA GeForce RTX 4090,12.1,0,50,200,10,200000,200000,3622709,256,18.113545,0.929948,60,CUSPARSE,2.134845,0.429194,2.17592,2.605114,2.134845,2.605114,2.926643,2.935456,1.0,1.0,1.370892,1.126805,0.893082,1.477396,,,True,False,False,0.0,0.0,
synth_sparse_skewed_cv1p5,Sparse Skewed,True,NVIDIA GeForce RTX 4090,12.1,0,50,200,10,200000,200000,3622709,512,18.113545,0.929948,60,CSR_DIRECT,7.164022,0.0,7.172013,7.172013,4.280556,4.766199,7.164022,7.172013,0.597507,0.664555,1.0,1.0,1.750179,2.872636,,,True,False,False,9.5367431640625e-06,0.007745966692414835,
synth_sparse_skewed_cv1p5,Sparse Skewed,True,NVIDIA GeForce RTX 4090,12.1,0,50,200,10,200000,200000,3622709,512,18.113545,0.929948,60,RODE_ENHANCED,7.158144,2.800825,7.188003,9.988828,4.280556,4.766199,7.164022,7.172013,0.597998,0.477153,1.000821,0.718003,1.750179,2.872636,,,True,False,False,5.7220458984375e-06,0.007745966692414835,
synth_sparse_skewed_cv1p5,Sparse Skewed,True,NVIDIA GeForce RTX 4090,12.1,0,50,200,10,200000,200000,3622709,512,18.113545,0.929948,60,ZERO_OVERHEAD_CSR,7.131305,1.388961,7.140646,8.529607,4.280556,4.766199,7.164022,7.172013,0.600249,0.558783,1.004588,0.840837,1.750179,2.872636,,,True,False,False,9.5367431640625e-06,0.007745966692414835,
synth_sparse_skewed_cv1p5,Sparse Skewed,True,NVIDIA GeForce RTX 4090,12.1,0,50,200,10,200000,200000,3622709,512,18.113545,0.929948,60,TC_DIRECT,2.655739,47.998048,2.816963,50.815011,4.280556,4.766199,7.164022,7.172013,1.611814,0.093795,2.697563,0.14114,1.750179,2.872636,0.659018,0.056531,True,False,False,0.007756948471069336,0.07745966692414835,
synth_sparse_skewed_cv1p5,Sparse Skewed,True,NVIDIA GeForce RTX 4090,12.1,0,50,200,10,200000,200000,3622709,512,18.113545,0.929948,60,COMMUNITY_TC,3.053446,61.51995,3.118627,64.638577,4.280556,4.766199,7.164022,7.172013,1.401877,0.073736,2.346209,0.110956,1.750179,2.872636,0.573182,0.044442,True,False,False,0.007756948471069336,0.07745966692414835,
synth_sparse_skewed_cv1p5,Sparse Skewed,True,NVIDIA GeForce RTX 4090,12.1,0,50,200,10,200000,200000,3622709,512,18.113545,0.929948,60,SEGMENT_HYBRID,2.887931,45.490213,2.953478,48.443691,4.280556,4.766199,7.164022,7.172013,1.482223,0.098386,2.480676,0.148048,1.750179,2.872636,0.606032,0.059298,True,False,False,0.007756948471069336,0.07745966692414835,
synth_sparse_skewed_cv1p5,Sparse Skewed,True,NVIDIA GeForce RTX 4090,12.1,0,50,200,10,200000,200000,3622709,512,18.113545,0.929948,60,TC_DIRECT_TF32,2.727578,43.46219,2.683722,46.145912,4.280556,4.766199,7.164022,7.172013,1.569362,0.103285,2.626514,0.15542,1.750179,2.872636,0.64166,0.062251,True,False,False,0.007756948471069336,0.07745966692414835,
synth_sparse_skewed_cv1p5,Sparse Skewed,True,NVIDIA GeForce RTX 4090,12.1,0,50,200,10,200000,200000,3622709,512,18.113545,0.929948,60,COMMUNITY_TC_TF32,3.153061,60.941534,3.228854,64.170388,4.280556,4.766199,7.164022,7.172013,1.357587,0.074274,2.272085,0.111765,1.750179,2.872636,0.555073,0.044766,True,False,False,0.007756471633911133,0.07745966692414835,
synth_sparse_skewed_cv1p5,Sparse Skewed,True,NVIDIA GeForce RTX 4090,12.1,0,50,200,10,200000,200000,3622709,512,18.113545,0.929948,60,SEGMENT_HYBRID_TF32,2.990674,43.973618,2.972669,46.946287,4.280556,4.766199,7.164022,7.172013,1.431302,0.101525,2.395454,0.152771,1.750179,2.872636,0.585212,0.06119,True,False,False,0.007756948471069336,0.07745966692414835,
synth_sparse_skewed_cv1p5,Sparse Skewed,True,NVIDIA GeForce RTX 4090,12.1,0,50,200,10,200000,200000,3622709,512,18.113545,0.929948,60,CUSPARSE,4.280556,0.446173,4.320026,4.766199,4.280556,4.766199,7.164022,7.172013,1.0,1.0,1.673619,1.504766,1.750179,2.872636,,,True,False,False,0.0,0.0,
synth_sparse_skewed_cv2p0,Sparse Skewed,True,NVIDIA GeForce RTX 4090,12.1,0,50,200,10,200000,200000,6166484,64,30.83242,0.932635,100,CSR_DIRECT,0.362373,0.0,0.371712,0.371712,0.452204,1.47403,0.362373,0.371712,1.247895,3.965516,1.0,1.0,0.352169,0.7989,,,True,False,False,1.1444091796875e-05,0.01,
synth_sparse_skewed_cv2p0,Sparse Skewed,True,NVIDIA GeForce RTX 4090,12.1,0,50,200,10,200000,200000,6166484,64,30.83242,0.932635,100,RODE_ENHANCED,0.37508,3.666404,0.406838,4.073242,0.452204,1.47403,0.362373,0.371712,1.205618,0.361881,0.966122,0.091257,0.352169,0.7989,,,True,False,False,9.5367431640625e-06,0.01,
synth_sparse_skewed_cv2p0,Sparse Skewed,True,NVIDIA GeForce RTX 4090,12.1,0,50,200,10,200000,200000,6166484,64,30.83242,0.932635,100,ZERO_OVERHEAD_CSR,0.373028,2.284563,0.391085,2.675647,0.452204,1.47403,0.362373,0.371712,1.212251,0.550906,0.971437,0.138924,0.352169,0.7989,,,True,False,False,1.1444091796875e-05,0.01,
synth_sparse_skewed_cv2p0,Sparse Skewed,True,NVIDIA GeForce RTX 4090,12.1,0,50,200,10,200000,200000,6166484,64,30.83242,0.932635,100,TC_DIRECT,0.320123,94.998471,0.579818,95.578289,0.452204,1.47403,0.362373,0.371712,1.412594,0.015422,1.131981,0.003889,0.352169,0.7989,1.100105,0.008359,True,False,False,0.008595466613769531,0.1,
synth_sparse_skewed_cv2p0,Sparse Skewed,True,NVIDIA GeForce RTX 4090,12.1,0,50,200,10,200000,200000,6166484,64,30.83242,0.932635,100,COMMUNITY_TC,0.367949,144.107104,0.797606,144.90471,0.452204,1.47403,0.362373,0.371712,1.228985,0.010172,0.984847,0.002565,0.352169,0.7989,0.957113,0.005513,True,False,False,0.008595466613769531,0.1,
synth_sparse_skewed_cv2p0,Sparse Skewed,True,NVIDIA GeForce RTX 4090,12.1,0,50,200,10,200000,200000,6166484,64,30.83242,0.932635,100,SEGMENT_HYBRID,0.383918,111.968801,0.788573,112.757374,0.452204,1.47403,0.362373,0.371712,1.177865,0.013073,0.943881,0.003297,0.352169,0.7989,0.917302,0.007085,True,False,False,0.008595466613769531,0.1,
synth_sparse_skewed_cv2p0,Sparse Skewed,True,NVIDIA GeForce RTX 4090,12.1,0,50,200,10,200000,200000,6166484,64,30.83242,0.932635,100,TC_DIRECT_TF32,0.411761,105.24355,0.527859,105.771409,0.452204,1.47403,0.362373,0.371712,1.098219,0.013936,0.880058,0.003514,0.352169,0.7989,0.855275,0.007553,True,False,False,0.008594512939453125,0.1,
synth_sparse_skewed_cv2p0,Sparse Skewed,True,NVIDIA GeForce RTX 4090,12.1,0,50,200,10,200000,200000,6166484,64,30.83242,0.932635,100,COMMUNITY_TC_TF32,0.475208,133.012626,0.596893,133.609519,0.452204,1.47403,0.362373,0.371712,0.951591,0.011032,0.762557,0.002782,0.352169,0.7989,0.741084,0.005979,True,False,False,0.008594512939453125,0.1,
synth_sparse_skewed_cv2p0,Sparse Skewed,True,NVIDIA GeForce RTX 4090,12.1,0,50,200,10,200000,200000,6166484,64,30.83242,0.932635,100,SEGMENT_HYBRID_TF32,0.493174,110.31845,0.630157,110.948607,0.452204,1.47403,0.362373,0.371712,0.916925,0.013286,0.734778,0.00335,0.352169,0.7989,0.714086,0.007201,True,False,False,0.008594512939453125,0.1,
synth_sparse_skewed_cv2p0,Sparse Skewed,True,NVIDIA GeForce RTX 4090,12.1,0,50,200,10,200000,200000,6166484,64,30.83242,0.932635,100,CUSPARSE,0.452204,1.019889,0.454141,1.47403,0.452204,1.47403,0.362373,0.371712,1.0,1.0,0.80135,0.252174,0.352169,0.7989,,,True,False,False,0.0,0.0,
synth_sparse_skewed_cv2p0,Sparse Skewed,True,NVIDIA GeForce RTX 4090,12.1,0,50,200,10,200000,200000,6166484,128,30.83242,0.932635,100,CSR_DIRECT,1.287619,0.0,1.295053,1.295053,1.534239,2.568031,1.287619,1.295053,1.191532,1.982955,1.0,1.0,0.56383,0.998324,,,True,False,False,1.71661376953125e-05,0.01,
synth_sparse_skewed_cv2p0,Sparse Skewed,True,NVIDIA GeForce RTX 4090,12.1,0,50,200,10,200000,200000,6166484,128,30.83242,0.932635,100,RODE_ENHANCED,1.222963,3.667294,1.252758,4.920053,1.534239,2.568031,1.287619,1.295053,1.254526,0.521952,1.052868,0.263219,0.56383,0.998324,,,True,False,False,1.71661376953125e-05,0.01,
synth_sparse_skewed_cv2p0,Sparse Skewed,True,NVIDIA GeForce RTX 4090,12.1,0,50,200,10,200000,200000,6166484,128,30.83242,0.932635,100,ZERO_OVERHEAD_CSR,1.338895,2.287504,1.359894,3.647399,1.534239,2.568031,1.287619,1.295053,1.145899,0.704072,0.961702,0.355062,0.56383,0.998324,,,True,False,False,1.71661376953125e-05,0.01,
synth_sparse_skewed_cv2p0,Sparse Skewed,True,NVIDIA GeForce RTX 4090,12.1,0,50,200,10,200000,200000,6166484,128,30.83242,0.932635,100,TC_DIRECT,0.677018,109.218681,0.944899,110.16358,1.534239,2.568031,1.287619,1.295053,2.266173,0.023311,1.901898,0.011756,0.56383,0.998324,0.832814,0.009062,True,False,False,0.008408308029174805,0.1,
synth_sparse_skewed_cv2p0,Sparse Skewed,True,NVIDIA GeForce RTX 4090,12.1,0,50,200,10,200000,200000,6166484,128,30.83242,0.932635,100,COMMUNITY_TC,0.774748,138.410718,1.038646,139.449364,1.534239,2.568031,1.287619,1.295053,1.980306,0.018416,1.661983,0.009287,0.56383,0.998324,0.727759,0.007159,True,False,False,0.008408308029174805,0.1,
synth_sparse_skewed_cv2p0,Sparse Skewed,True,NVIDIA GeForce RTX 4090,12.1,0,50,200,10,200000,200000,6166484,128,30.83242,0.932635,100,SEGMENT_HYBRID,0.78529,114.929322,1.042515,115.971837,1.534239,2.568031,1.287619,1.295053,1.953722,0.022144,1.639672,0.011167,0.56383,0.998324,0.717989,0.008608,True,False,False,0.008408308029174805,0.1,
synth_sparse_skewed_cv2p0,Sparse Skewed,True,NVIDIA GeForce RTX 4090,12.1,0,50,200,10,200000,200000,6166484,128,30.83242,0.932635,100,TC_DIRECT_TF32,0.889866,109.050327,0.947773,109.9981,1.534239,2.568031,1.287619,1.295053,1.724123,0.023346,1.44698,0.011773,0.56383,0.998324,0.633612,0.009076,True,False,False,0.008408069610595703,0.1,
synth_sparse_skewed_cv2p0,Sparse Skewed,True,NVIDIA GeForce RTX 4090,12.1,0,50,200,10,200000,200000,6166484,128,30.83242,0.932635,100,COMMUNITY_TC_TF32,0.963149,135.734494,1.072925,136.807419,1.534239,2.568031,1.287619,1.295053,1.59294,0.018771,1.336884,0.009466,0.56383,0.998324,0.585403,0.007297,True,False,False,0.008408308029174805,0.1,
synth_sparse_skewed_cv2p0,Sparse Skewed,True,NVIDIA GeForce RTX 4090,12.1,0,50,200,10,200000,200000,6166484,128,30.83242,0.932635,100,SEGMENT_HYBRID_TF32,0.991288,112.8374,1.106733,113.944133,1.534239,2.568031,1.287619,1.295053,1.547723,0.022538,1.298935,0.011366,0.56383,0.998324,0.568785,0.008762,True,False,False,0.008408069610595703,0.1,
synth_sparse_skewed_cv2p0,Sparse Skewed,True,NVIDIA GeForce RTX 4090,12.1,0,50,200,10,200000,200000,6166484,128,30.83242,0.932635,100,CUSPARSE,1.534239,0.990687,1.577344,2.568031,1.534239,2.568031,1.287619,1.295053,1.0,1.0,0.839256,0.504298,0.56383,0.998324,,,True,False,False,0.0,0.0,
synth_sparse_skewed_cv2p0,Sparse Skewed,True,NVIDIA GeForce RTX 4090,12.1,0,50,200,10,200000,200000,6166484,256,30.83242,0.932635,100,CSR_DIRECT,4.781245,0.0,4.794138,4.794138,3.033523,3.360174,4.781245,4.794138,0.634463,0.700892,1.0,1.0,1.123983,1.72716,,,True,False,False,1.33514404296875e-05,0.01,
synth_sparse_skewed_cv2p0,Sparse Skewed,True,NVIDIA GeForce RTX 4090,12.1,0,50,200,10,200000,200000,6166484,256,30.83242,0.932635,100,RODE_ENHANCED,4.55468,3.63653,4.587984,8.224514,3.033523,3.360174,4.781245,4.794138,0.666023,0.408556,1.049743,0.582908,1.123983,1.72716,,,True,False,False,1.1444091796875e-05,0.01,
synth_sparse_skewed_cv2p0,Sparse Skewed,True,NVIDIA GeForce RTX 4090,12.1,0,50,200,10,200000,200000,6166484,256,30.83242,0.932635,100,ZERO_OVERHEAD_CSR,4.752947,2.346257,4.776294,7.122551,3.033523,3.360174,4.781245,4.794138,0.63824,0.471766,1.005954,0.673093,1.123983,1.72716,,,True,False,False,1.33514404296875e-05,0.01,
synth_sparse_skewed_cv2p0,Sparse Skewed,True,NVIDIA GeForce RTX 4090,12.1,0,50,200,10,200000,200000,6166484,256,30.83242,0.932635,100,TC_DIRECT,1.531827,97.772631,1.921453,99.694084,3.033523,3.360174,4.781245,4.794138,1.98033,0.033705,3.121269,0.048088,1.123983,1.72716,0.733753,0.017325,True,False,False,0.009105682373046875,0.1,
synth_sparse_skewed_cv2p0,Sparse Skewed,True,NVIDIA GeForce RTX 4090,12.1,0,50,200,10,200000,200000,6166484,256,30.83242,0.932635,100,COMMUNITY_TC,1.729121,92.230782,1.798106,94.028888,3.033523,3.360174,4.781245,4.794138,1.754373,0.035736,2.76513,0.050986,1.123983,1.72716,0.650032,0.018368,True,False,False,0.009107589721679688,0.1,
synth_sparse_skewed_cv2p0,Sparse Skewed,True,NVIDIA GeForce RTX 4090,12.1,0,50,200,10,200000,200000,6166484,256,30.83242,0.932635,100,SEGMENT_HYBRID,1.667988,80.087723,1.74536,81.833083,3.033523,3.360174,4.781245,4.794138,1.818672,0.041061,2.866474,0.058584,1.123983,1.72716,0.673856,0.021106,True,False,False,0.009105682373046875,0.1,
synth_sparse_skewed_cv2p0,Sparse Skewed,True,NVIDIA GeForce RTX 4090,12.1,0,50,200,10,200000,200000,6166484,256,30.83242,0.932635,100,TC_DIRECT_TF32,1.77724,73.699816,1.825232,75.525048,3.033523,3.360174,4.781245,4.794138,1.706873,0.044491,2.690265,0.063477,1.123983,1.72716,0.632432,0.022869,True,False,False,0.009107589721679688,0.1,
synth_sparse_skewed_cv2p0,Sparse Skewed,True,NVIDIA GeForce RTX 4090,12.1,0,50,200,10,200000,200000,6166484,256,30.83242,0.932635,100,COMMUNITY_TC_TF32,1.940673,93.732388,2.061968,95.794357,3.033523,3.360174,4.781245,4.794138,1.563129,0.035077,2.463704,0.050046,1.123983,1.72716,0.579172,0.01803,True,False,False,0.009107589721679688,0.1,
synth_sparse_skewed_cv2p0,Sparse Skewed,True,NVIDIA GeForce RTX 4090,12.1,0,50,200,10,200000,200000,6166484,256,30.83242,0.932635,100,SEGMENT_HYBRID_TF32,1.972515,74.940728,2.036774,76.977502,3.033523,3.360174,4.781245,4.794138,1.537896,0.043651,2.423933,0.06228,1.123983,1.72716,0.569822,0.022437,True,False,False,0.009107589721679688,0.1,
synth_sparse_skewed_cv2p0,Sparse Skewed,True,NVIDIA GeForce RTX 4090,12.1,0,50,200,10,200000,200000,6166484,256,30.83242,0.932635,100,CUSPARSE,3.033523,0.285185,3.074989,3.360174,3.033523,3.360174,4.781245,4.794138,1.0,1.0,1.576136,1.426753,1.123983,1.72716,,,True,False,False,0.0,0.0,
synth_sparse_skewed_cv2p0,Sparse Skewed,True,NVIDIA GeForce RTX 4090,12.1,0,50,200,10,200000,200000,6166484,512,30.83242,0.932635,100,CSR_DIRECT,11.793038,0.0,11.796989,11.796989,6.080163,6.519558,11.793038,11.796989,0.515572,0.552646,1.0,1.0,2.242374,3.378028,,,True,False,False,1.52587890625e-05,0.01,
synth_sparse_skewed_cv2p0,Sparse Skewed,True,NVIDIA GeForce RTX 4090,12.1,0,50,200,10,200000,200000,6166484,512,30.83242,0.932635,100,RODE_ENHANCED,11.651416,2.195812,11.666573,13.862384,6.080163,6.519558,11.793038,11.796989,0.521839,0.470306,1.012155,0.851007,2.242374,3.378028,,,True,False,False,1.52587890625e-05,0.01,
synth_sparse_skewed_cv2p0,Sparse Skewed,True,NVIDIA GeForce RTX 4090,12.1,0,50,200,10,200000,200000,6166484,512,30.83242,0.932635,100,ZERO_OVERHEAD_CSR,11.701893,1.603565,11.715434,13.318998,6.080163,6.519558,11.793038,11.796989,0.519588,0.489493,1.007789,0.885726,2.242374,3.378028,,,True,False,False,1.52587890625e-05,0.01,
synth_sparse_skewed_cv2p0,Sparse Skewed,True,NVIDIA GeForce RTX 4090,12.1,0,50,200,10,200000,200000,6166484,512,30.83242,0.932635,100,TC_DIRECT,3.893293,81.929714,4.136589,86.066303,6.080163,6.519558,11.793038,11.796989,1.561702,0.07575,3.029066,0.137069,2.242374,3.378028,0.575958,0.039249,True,False,False,0.009236812591552734,0.1,
synth_sparse_skewed_cv2p0,Sparse Skewed,True,NVIDIA GeForce RTX 4090,12.1,0,50,200,10,200000,200000,6166484,512,30.83242,0.932635,100,COMMUNITY_TC,4.188109,99.722464,4.304435,104.026899,6.080163,6.519558,11.793038,11.796989,1.451768,0.062672,2.815839,0.113403,2.242374,3.378028,0.535414,0.032473,True,False,False,0.009236812591552734,0.1,
synth_sparse_skewed_cv2p0,Sparse Skewed,True,NVIDIA GeForce RTX 4090,12.1,0,50,200,10,200000,200000,6166484,512,30.83242,0.932635,100,SEGMENT_HYBRID,4.033311,81.775065,4.109331,85.884396,6.080163,6.519558,11.793038,11.796989,1.507487,0.075911,2.92391,0.137359,2.242374,3.378028,0.555964,0.039332,True,False,False,0.009236812591552734,0.1,
synth_sparse_skewed_cv2p0,Sparse Skewed,True,NVIDIA GeForce RTX 4090,12.1,0,50,200,10,200000,200000,6166484,512,30.83242,0.932635,100,TC_DIRECT_TF32,4.454825,80.88099,4.377619,85.258609,6.080163,6.519558,11.793038,11.796989,1.364849,0.076468,2.647251,0.138367,2.242374,3.378028,0.503358,0.039621,True,False,False,0.00923776626586914,0.1,
synth_sparse_skewed_cv2p0,Sparse Skewed,True,NVIDIA GeForce RTX 4090,12.1,0,50,200,10,200000,200000,6166484,512,30.83242,0.932635,100,COMMUNITY_TC_TF32,4.721818,101.844118,4.763318,106.607436,6.080163,6.519558,11.793038,11.796989,1.287674,0.061155,2.497563,0.110658,2.242374,3.378028,0.474896,0.031687,True,False,False,0.00923919677734375,0.1,
synth_sparse_skewed_cv2p0,Sparse Skewed,True,NVIDIA GeForce RTX 4090,12.1,0,50,200,10,200000,200000,6166484,512,30.83242,0.932635,100,SEGMENT_HYBRID_TF32,4.693233,85.080801,4.67321,89.754011,6.080163,6.519558,11.793038,11.796989,1.295517,0.072638,2.512775,0.131437,2.242374,3.378028,0.477789,0.037637,True,False,False,0.00923776626586914,0.1,
synth_sparse_skewed_cv2p0,Sparse Skewed,True,NVIDIA GeForce RTX 4090,12.1,0,50,200,10,200000,200000,6166484,512,30.83242,0.932635,100,CUSPARSE,6.080163,0.400016,6.119543,6.519558,6.080163,6.519558,11.793038,11.796989,1.0,1.0,1.939592,1.809477,2.242374,3.378028,,,True,False,False,0.0,0.0,
synth_sparse_skewed_cv2p5,Sparse Skewed,True,NVIDIA GeForce RTX 4090,12.1,0,50,200,10,200000,200000,10306672,64,51.53336,0.908696,160,CSR_DIRECT,0.59308,0.0,0.600854,0.600854,0.69591,1.091601,0.59308,0.600854,1.173383,1.816747,1.0,1.0,0.544988,0.987153,,,True,False,False,1.9073486328125e-05,0.012649110640673518,
synth_sparse_skewed_cv2p5,Sparse Skewed,True,NVIDIA GeForce RTX 4090,12.1,0,50,200,10,200000,200000,10306672,64,51.53336,0.908696,160,RODE_ENHANCED,0.619197,5.563877,0.643219,6.207096,0.69591,1.091601,0.59308,0.600854,1.123891,0.175863,0.957821,0.096801,0.544988,0.987153,,,True,False,False,1.71661376953125e-05,0.012649110640673518,
synth_sparse_skewed_cv2p5,Sparse Skewed,True,NVIDIA GeForce RTX 4090,12.1,0,50,200,10,200000,200000,10306672,64,51.53336,0.908696,160,ZERO_OVERHEAD_CSR,0.609725,4.46543,0.642128,5.107558,0.69591,1.091601,0.59308,0.600854,1.14135,0.213723,0.972701,0.11764,0.544988,0.987153,,,True,False,False,1.9073486328125e-05,0.012649110640673518,
synth_sparse_skewed_cv2p5,Sparse Skewed,True,NVIDIA GeForce RTX 4090,12.1,0,50,200,10,200000,200000,10306672,64,51.53336,0.908696,160,TC_DIRECT,0.487076,187.783586,0.757626,188.541211,0.69591,1.091601,0.59308,0.600854,1.428752,0.00579,1.217634,0.003187,0.544988,0.987153,1.118898,0.005236,True,False,False,0.011127948760986328,0.12649110640673517,
synth_sparse_skewed_cv2p5,Sparse Skewed,True,NVIDIA GeForce RTX 4090,12.1,0,50,200,10,200000,200000,10306672,64,51.53336,0.908696,160,COMMUNITY_TC,0.521769,215.310976,0.829114,216.14009,0.69591,1.091601,0.59308,0.600854,1.333752,0.00505,1.136672,0.00278,0.544988,0.987153,1.044501,0.004567,True,False,False,0.011127471923828125,0.12649110640673517,
synth_sparse_skewed_cv2p5,Sparse Skewed,True,NVIDIA GeForce RTX 4090,12.1,0,50,200,10,200000,200000,10306672,64,51.53336,0.908696,160,SEGMENT_HYBRID,0.563896,188.683311,0.925069,189.60838,0.69591,1.091601,0.59308,0.600854,1.234111,0.005757,1.051754,0.003169,0.544988,0.987153,0.966469,0.005206,True,False,False,0.011126518249511719,0.12649110640673517,
synth_sparse_skewed_cv2p5,Sparse Skewed,True,NVIDIA GeForce RTX 4090,12.1,0,50,200,10,200000,200000,10306672,64,51.53336,0.908696,160,TC_DIRECT_TF32,0.674058,187.690633,0.768278,188.458912,0.69591,1.091601,0.59308,0.600854,1.032419,0.005792,0.879865,0.003188,0.544988,0.987153,0.808518,0.005238,True,False,False,0.011126995086669922,0.12649110640673517,
synth_sparse_skewed_cv2p5,Sparse Skewed,True,NVIDIA GeForce RTX 4090,12.1,0,50,200,10,200000,200000,10306672,64,51.53336,0.908696,160,COMMUNITY_TC_TF32,0.717906,212.699569,0.823392,213.522961,0.69591,1.091601,0.59308,0.600854,0.969362,0.005112,0.826125,0.002814,0.544988,0.987153,0.759136,0.004623,True,False,False,0.011126995086669922,0.12649110640673517,
synth_sparse_skewed_cv2p5,Sparse Skewed,True,NVIDIA GeForce RTX 4090,12.1,0,50,200,10,200000,200000,10306672,64,51.53336,0.908696,160,SEGMENT_HYBRID_TF32,0.781998,187.871422,1.180445,189.051867,0.69591,1.091601,0.59308,0.600854,0.889913,0.005774,0.758417,0.003178,0.544988,0.987153,0.696918,0.005222,True,False,False,0.011125564575195312,0.12649110640673517,
synth_sparse_skewed_cv2p5,Sparse Skewed,True,NVIDIA GeForce RTX 4090,12.1,0,50,200,10,200000,200000,10306672,64,51.53336,0.908696,160,CUSPARSE,0.69591,0.394848,0.696752,1.091601,0.69591,1.091601,0.59308,0.600854,1.0,1.0,0.852237,0.550434,0.544988,0.987153,,,True,False,False,0.0,0.0,
synth_sparse_skewed_cv2p5,Sparse Skewed,True,NVIDIA GeForce RTX 4090,12.1,0,50,200,10,200000,200000,10306672,128,51.53336,0.908696,160,CSR_DIRECT,2.035389,0.0,2.041616,2.041616,2.260024,2.700977,2.035389,2.041616,1.110365,1.32296,1.0,1.0,0.81941,1.311663,,,True,False,False,1.9073486328125e-05,0.012649110640673518,
synth_sparse_skewed_cv2p5,Sparse Skewed,True,NVIDIA GeForce RTX 4090,12.1,0,50,200,10,200000,200000,10306672,128,51.53336,0.908696,160,RODE_ENHANCED,1.870699,4.112634,1.903498,6.016131,2.260024,2.700977,2.035389,2.041616,1.208117,0.448956,1.088037,0.339357,0.81941,1.311663,,,True,False,False,1.71661376953125e-05,0.012649110640673518,
synth_sparse_skewed_cv2p5,Sparse Skewed,True,NVIDIA GeForce RTX 4090,12.1,0,50,200,10,200000,200000,10306672,128,51.53336,0.908696,160,ZERO_OVERHEAD_CSR,2.048492,2.664538,2.077901,4.742439,2.260024,2.700977,2.035389,2.041616,1.103263,0.569533,0.993604,0.430499,0.81941,1.311663,,,True,False,False,1.9073486328125e-05,0.012649110640673518,
synth_sparse_skewed_cv2p5,Sparse Skewed,True,NVIDIA GeForce RTX 4090,12.1,0,50,200,10,200000,200000,10306672,128,51.53336,0.908696,160,TC_DIRECT,0.983619,186.58488,1.294973,187.879852,2.260024,2.700977,2.035389,2.041616,2.297663,0.014376,2.069287,0.010867,0.81941,1.311663,0.833057,0.006981,True,False,False,0.011607170104980469,0.12649110640673517,
synth_sparse_skewed_cv2p5,Sparse Skewed,True,NVIDIA GeForce RTX 4090,12.1,0,50,200,10,200000,200000,10306672,128,51.53336,0.908696,160,COMMUNITY_TC,1.063327,213.318293,1.343462,214.661756,2.260024,2.700977,2.035389,2.041616,2.125428,0.012582,1.914171,0.009511,0.81941,1.311663,0.77061,0.00611,True,False,False,0.011606931686401367,0.12649110640673517,
synth_sparse_skewed_cv2p5,Sparse Skewed,True,NVIDIA GeForce RTX 4090,12.1,0,50,200,10,200000,200000,10306672,128,51.53336,0.908696,160,SEGMENT_HYBRID,1.154539,188.183319,1.43072,189.614039,2.260024,2.700977,2.035389,2.041616,1.957511,0.014245,1.762945,0.010767,0.81941,1.311663,0.709729,0.006918,True,False,False,0.011608600616455078,0.12649110640673517,
synth_sparse_skewed_cv2p5,Sparse Skewed,True,NVIDIA GeForce RTX 4090,12.1,0,50,200,10,200000,200000,10306672,128,51.53336,0.908696,160,TC_DIRECT_TF32,1.410365,185.895491,1.435005,187.330496,2.260024,2.700977,2.035389,2.041616,1.602439,0.014418,1.443165,0.010898,0.81941,1.311663,0.580991,0.007002,True,False,False,0.011606693267822266,0.12649110640673517,
synth_sparse_skewed_cv2p5,Sparse Skewed,True,NVIDIA GeForce RTX 4090,12.1,0,50,200,10,200000,200000,10306672,128,51.53336,0.908696,160,COMMUNITY_TC_TF32,1.453189,213.714273,1.542038,215.256311,2.260024,2.700977,2.035389,2.041616,1.555217,0.012548,1.400636,0.009485,0.81941,1.311663,0.56387,0.006093,True,False,False,0.011606693267822266,0.12649110640673517,
synth_sparse_skewed_cv2p5,Sparse Skewed,True,NVIDIA GeForce RTX 4090,12.1,0,50,200,10,200000,200000,10306672,128,51.53336,0.908696,160,SEGMENT_HYBRID_TF32,1.574384,190.578163,1.817091,192.395254,2.260024,2.700977,2.035389,2.041616,1.435497,0.014039,1.292816,0.010612,0.81941,1.311663,0.520464,0.006818,True,False,False,0.011607885360717773,0.12649110640673517,
synth_sparse_skewed_cv2p5,Sparse Skewed,True,NVIDIA GeForce RTX 4090,12.1,0,50,200,10,200000,200000,10306672,128,51.53336,0.908696,160,CUSPARSE,2.260024,0.39914,2.301837,2.700977,2.260024,2.700977,2.035389,2.041616,1.0,1.0,0.900605,0.755881,0.81941,1.311663,,,True,False,False,0.0,0.0,
synth_sparse_skewed_cv2p5,Sparse Skewed,True,NVIDIA GeForce RTX 4090,12.1,0,50,200,10,200000,200000,10306672,256,51.53336,0.908696,160,CSR_DIRECT,7.723351,0.0,7.733546,7.733546,4.475561,5.14214,7.723351,7.733546,0.579484,0.664914,1.0,1.0,1.641354,2.263622,,,True,False,False,2.09808349609375e-05,0.012649110640673518,
synth_sparse_skewed_cv2p5,Sparse Skewed,True,NVIDIA GeForce RTX 4090,12.1,0,50,200,10,200000,200000,10306672,256,51.53336,0.908696,160,RODE_ENHANCED,6.95658,4.299809,6.976816,11.276625,4.475561,5.14214,7.723351,7.733546,0.643357,0.456,1.110222,0.685803,1.641354,2.263622,,,True,False,False,1.9073486328125e-05,0.012649110640673518,
synth_sparse_skewed_cv2p5,Sparse Skewed,True,NVIDIA GeForce RTX 4090,12.1,0,50,200,10,200000,200000,10306672,256,51.53336,0.908696,160,ZERO_OVERHEAD_CSR,7.715128,2.579701,7.741005,10.320706,4.475561,5.14214,7.723351,7.733546,0.580102,0.498235,1.001066,0.749323,1.641354,2.263622,,,True,False,False,2.09808349609375e-05,0.012649110640673518,
synth_sparse_skewed_cv2p5,Sparse Skewed,True,NVIDIA GeForce RTX 4090,12.1,0,50,200,10,200000,200000,10306672,256,51.53336,0.908696,160,TC_DIRECT,2.06337,185.824086,2.369085,188.193171,4.475561,5.14214,7.723351,7.733546,2.169054,0.027324,3.743075,0.041094,1.641354,2.263622,0.795472,0.012028,True,False,False,0.01094818115234375,0.12649110640673517,
synth_sparse_skewed_cv2p5,Sparse Skewed,True,NVIDIA GeForce RTX 4090,12.1,0,50,200,10,200000,200000,10306672,256,51.53336,0.908696,160,COMMUNITY_TC,2.258033,215.467945,2.435158,217.903104,4.475561,5.14214,7.723351,7.733546,1.982062,0.023598,3.420389,0.035491,1.641354,2.263622,0.726896,0.010388,True,False,False,0.010947704315185547,0.12649110640673517,
synth_sparse_skewed_cv2p5,Sparse Skewed,True,NVIDIA GeForce RTX 4090,12.1,0,50,200,10,200000,200000,10306672,256,51.53336,0.908696,160,SEGMENT_HYBRID,2.35967,187.812601,2.609981,190.422582,4.475561,5.14214,7.723351,7.733546,1.89669,0.027004,3.273064,0.040613,1.641354,2.263622,0.695586,0.011887,True,False,False,0.010947942733764648,0.12649110640673517,
synth_sparse_skewed_cv2p5,Sparse Skewed,True,NVIDIA GeForce RTX 4090,12.1,0,50,200,10,200000,200000,10306672,256,51.53336,0.908696,160,TC_DIRECT_TF32,2.815534,186.16338,2.810589,188.973969,4.475561,5.14214,7.723351,7.733546,1.589596,0.027211,2.743121,0.040924,1.641354,2.263622,0.582964,0.011978,True,False,False,0.010948419570922852,0.12649110640673517,
synth_sparse_skewed_cv2p5,Sparse Skewed,True,NVIDIA GeForce RTX 4090,12.1,0,50,200,10,200000,200000,10306672,256,51.53336,0.908696,160,COMMUNITY_TC_TF32,2.927411,215.690242,2.985789,218.676031,4.475561,5.14214,7.723351,7.733546,1.528846,0.023515,2.638287,0.035365,1.641354,2.263622,0.560685,0.010351,True,False,False,0.01094818115234375,0.12649110640673517,
synth_sparse_skewed_cv2p5,Sparse Skewed,True,NVIDIA GeForce RTX 4090,12.1,0,50,200,10,200000,200000,10306672,256,51.53336,0.908696,160,SEGMENT_HYBRID_TF32,3.146056,166.593666,3.177766,169.771433,4.475561,5.14214,7.723351,7.733546,1.422594,0.030289,2.454931,0.045553,1.641354,2.263622,0.521718,0.013333,True,False,False,0.010947942733764648,0.12649110640673517,
synth_sparse_skewed_cv2p5,Sparse Skewed,True,NVIDIA GeForce RTX 4090,12.1,0,50,200,10,200000,200000,10306672,256,51.53336,0.908696,160,CUSPARSE,4.475561,0.625251,4.51689,5.14214,4.475561,5.14214,7.723351,7.733546,1.0,1.0,1.725672,1.503955,1.641354,2.263622,,,True,False,False,0.0,0.0,
synth_sparse_skewed_cv2p5,Sparse Skewed,True,NVIDIA GeForce RTX 4090,12.1,0,50,200,10,200000,200000,10306672,512,51.53336,0.908696,160,CSR_DIRECT,19.230167,0.0,19.238582,19.238582,9.059727,9.501294,19.230167,19.238582,0.471121,0.493867,1.0,1.0,3.299518,4.591358,,,True,False,False,2.47955322265625e-05,0.012649110640673518,
synth_sparse_skewed_cv2p5,Sparse Skewed,True,NVIDIA GeForce RTX 4090,12.1,0,50,200,10,200000,200000,10306672,512,51.53336,0.908696,160,RODE_ENHANCED,18.388184,2.922288,18.422141,21.344428,9.059727,9.501294,19.230167,19.238582,0.492693,0.445142,1.045789,0.90134,3.299518,4.591358,,,True,False,False,1.9073486328125e-05,0.012649110640673518,
synth_sparse_skewed_cv2p5,Sparse Skewed,True,NVIDIA GeForce RTX 4090,12.1,0,50,200,10,200000,200000,10306672,512,51.53336,0.908696,160,ZERO_OVERHEAD_CSR,19.154519,1.911299,19.173386,21.084685,9.059727,9.501294,19.230167,19.238582,0.472981,0.450625,1.003949,0.912443,3.299518,4.591358,,,True,False,False,2.47955322265625e-05,0.012649110640673518,
synth_sparse_skewed_cv2p5,Sparse Skewed,True,NVIDIA GeForce RTX 4090,12.1,0,50,200,10,200000,200000,10306672,512,51.53336,0.908696,160,TC_DIRECT,5.452124,151.503078,5.625082,157.12816,9.059727,9.501294,19.230167,19.238582,1.661688,0.060468,3.527096,0.122439,3.299518,4.591358,0.60518,0.02922,True,False,False,0.011991500854492188,0.12649110640673517,
synth_sparse_skewed_cv2p5,Sparse Skewed,True,NVIDIA GeForce RTX 4090,12.1,0,50,200,10,200000,200000,10306672,512,51.53336,0.908696,160,COMMUNITY_TC,5.606815,169.730614,5.67441,175.405024,9.059727,9.501294,19.230167,19.238582,1.615842,0.054168,3.429785,0.109681,3.299518,4.591358,0.588483,0.026176,True,False,False,0.011991500854492188,0.12649110640673517,
synth_sparse_skewed_cv2p5,Sparse Skewed,True,NVIDIA GeForce RTX 4090,12.1,0,50,200,10,200000,200000,10306672,512,51.53336,0.908696,160,SEGMENT_HYBRID,5.692953,150.482054,5.757744,156.239798,9.059727,9.501294,19.230167,19.238582,1.591393,0.060812,3.37789,0.123135,3.299518,4.591358,0.579579,0.029387,True,False,False,0.01198577880859375,0.12649110640673517,
synth_sparse_skewed_cv2p5,Sparse Skewed,True,NVIDIA GeForce RTX 4090,12.1,0,50,200,10,200000,200000,10306672,512,51.53336,0.908696,160,TC_DIRECT_TF32,6.951076,151.0836,6.771667,157.855268,9.059727,9.501294,19.230167,19.238582,1.303356,0.06019,2.766502,0.121875,3.299518,4.591358,0.474677,0.029086,True,False,False,0.012002944946289062,0.12649110640673517,
synth_sparse_skewed_cv2p5,Sparse Skewed,True,NVIDIA GeForce RTX 4090,12.1,0,50,200,10,200000,200000,10306672,512,51.53336,0.908696,160,COMMUNITY_TC_TF32,6.702367,170.20469,6.815808,177.020498,9.059727,9.501294,19.230167,19.238582,1.35172,0.053673,2.869161,0.10868,3.299518,4.591358,0.492291,0.025937,True,False,False,0.012004852294921875,0.12649110640673517,
synth_sparse_skewed_cv2p5,Sparse Skewed,True,NVIDIA GeForce RTX 4090,12.1,0,50,200,10,200000,200000,10306672,512,51.53336,0.908696,160,SEGMENT_HYBRID_TF32,7.265433,152.116261,7.033376,159.149637,9.059727,9.501294,19.230167,19.238582,1.246963,0.0597,2.646803,0.120884,3.299518,4.591358,0.454139,0.028849,True,False,False,0.011993408203125,0.12649110640673517,
synth_sparse_skewed_cv2p5,Sparse Skewed,True,NVIDIA GeForce RTX 4090,12.1,0,50,200,10,200000,200000,10306672,512,51.53336,0.908696,160,CUSPARSE,9.059727,0.398453,9.102841,9.501294,9.059727,9.501294,19.230167,19.238582,1.0,1.0,2.122599,2.024838,3.299518,4.591358,,,True,False,False,0.0,0.0,
synth_sparse_skewed_cv3p0,Sparse Skewed,True,NVIDIA GeForce RTX 4090,12.1,0,50,200,10,200000,200000,16207364,64,81.03682,0.87397,240,CSR_DIRECT,0.902077,0.0,0.903456,0.903456,1.041731,1.506521,0.902077,0.903456,1.154813,1.667509,1.0,1.0,0.823967,1.344173,,,True,False,False,3.4332275390625e-05,0.01549193338482967,
synth_sparse_skewed_cv3p0,Sparse Skewed,True,NVIDIA GeForce RTX 4090,12.1,0,50,200,10,200000,200000,16207364,64,81.03682,0.87397,240,RODE_ENHANCED,0.957942,6.175734,0.967341,7.143074,1.041731,1.506521,0.902077,0.903456,1.087468,0.210906,0.941683,0.12648,0.823967,1.344173,,,True,False,False,3.0517578125e-05,0.01549193338482967,
synth_sparse_skewed_cv3p0,Sparse Skewed,True,NVIDIA GeForce RTX 4090,12.1,0,50,200,10,200000,200000,16207364,64,81.03682,0.87397,240,ZERO_OVERHEAD_CSR,0.945925,2.316096,0.969568,3.285664,1.041731,1.506521,0.902077,0.903456,1.101282,0.458513,0.953646,0.274969,0.823967,1.344173,,,True,False,False,3.4332275390625e-05,0.01549193338482967,
synth_sparse_skewed_cv3p0,Sparse Skewed,True,NVIDIA GeForce RTX 4090,12.1,0,50,200,10,200000,200000,16207364,64,81.03682,0.87397,240,TC_DIRECT,0.723732,266.348651,0.953443,267.302094,1.041731,1.506521,0.902077,0.903456,1.439388,0.005636,1.246425,0.00338,0.823967,1.344173,1.138498,0.005029,True,False,False,0.012950897216796875,0.1549193338482967,
synth_sparse_skewed_cv3p0,Sparse Skewed,True,NVIDIA GeForce RTX 4090,12.1,0,50,200,10,200000,200000,16207364,64,81.03682,0.87397,240,COMMUNITY_TC,0.750582,295.944939,1.052118,296.997057,1.041731,1.506521,0.902077,0.903456,1.387898,0.005073,1.201838,0.003042,0.823967,1.344173,1.097771,0.004526,True,False,False,0.012949943542480469,0.1549193338482967,
synth_sparse_skewed_cv3p0,Sparse Skewed,True,NVIDIA GeForce RTX 4090,12.1,0,50,200,10,200000,200000,16207364,64,81.03682,0.87397,240,SEGMENT_HYBRID,0.881654,273.053116,1.218611,274.271727,1.041731,1.506521,0.902077,0.903456,1.181564,0.005493,1.023165,0.003294,0.823967,1.344173,0.93457,0.004901,True,False,False,0.012951850891113281,0.1549193338482967,
synth_sparse_skewed_cv3p0,Sparse Skewed,True,NVIDIA GeForce RTX 4090,12.1,0,50,200,10,200000,200000,16207364,64,81.03682,0.87397,240,TC_DIRECT_TF32,1.045222,272.706489,1.111718,273.818208,1.041731,1.506521,0.902077,0.903456,0.996659,0.005502,0.863048,0.003299,0.823967,1.344173,0.788317,0.004909,True,False,False,0.012949943542480469,0.1549193338482967,
synth_sparse_skewed_cv3p0,Sparse Skewed,True,NVIDIA GeForce RTX 4090,12.1,0,50,200,10,200000,200000,16207364,64,81.03682,0.87397,240,COMMUNITY_TC_TF32,1.071903,292.500538,1.14735,293.647888,1.041731,1.506521,0.902077,0.903456,0.971852,0.00513,0.841567,0.003077,0.823967,1.344173,0.768695,0.004578,True,False,False,0.012949943542480469,0.1549193338482967,
synth_sparse_skewed_cv3p0,Sparse Skewed,True,NVIDIA GeForce RTX 4090,12.1,0,50,200,10,200000,200000,16207364,64,81.03682,0.87397,240,SEGMENT_HYBRID_TF32,1.226885,272.826222,1.509498,274.33572,1.041731,1.506521,0.902077,0.903456,0.849086,0.005492,0.735258,0.003293,0.823967,1.344173,0.671592,0.0049,True,False,False,0.012952804565429688,0.1549193338482967,
synth_sparse_skewed_cv3p0,Sparse Skewed,True,NVIDIA GeForce RTX 4090,12.1,0,50,200,10,200000,200000,16207364,64,81.03682,0.87397,240,CUSPARSE,1.041731,0.460786,1.045734,1.506521,1.041731,1.506521,0.902077,0.903456,1.0,1.0,0.865941,0.599697,0.823967,1.344173,,,True,False,False,0.0,0.0,
synth_sparse_skewed_cv3p0,Sparse Skewed,True,NVIDIA GeForce RTX 4090,12.1,0,50,200,10,200000,200000,16207364,128,81.03682,0.87397,240,CSR_DIRECT,3.049585,0.0,3.059616,3.059616,3.24544,3.685072,3.049585,3.059616,1.064224,1.204423,1.0,1.0,1.196349,1.588731,,,True,False,False,2.6702880859375e-05,0.01549193338482967,
synth_sparse_skewed_cv3p0,Sparse Skewed,True,NVIDIA GeForce RTX 4090,12.1,0,50,200,10,200000,200000,16207364,128,81.03682,0.87397,240,RODE_ENHANCED,2.805832,4.589982,2.828387,7.41837,3.24544,3.685072,3.049585,3.059616,1.156677,0.49675,1.086874,0.412438,1.196349,1.588731,,,True,False,False,2.6702880859375e-05,0.01549193338482967,
synth_sparse_skewed_cv3p0,Sparse Skewed,True,NVIDIA GeForce RTX 4090,12.1,0,50,200,10,200000,200000,16207364,128,81.03682,0.87397,240,ZERO_OVERHEAD_CSR,3.051284,2.365008,3.079747,5.444755,3.24544,3.685072,3.049585,3.059616,1.063631,0.676811,0.999443,0.561938,1.196349,1.588731,,,True,False,False,2.6702880859375e-05,0.01549193338482967,
synth_sparse_skewed_cv3p0,Sparse Skewed,True,NVIDIA GeForce RTX 4090,12.1,0,50,200,10,200000,200000,16207364,128,81.03682,0.87397,240,TC_DIRECT,1.461658,251.040523,1.73679,252.777313,3.24544,3.685072,3.049585,3.059616,2.220383,0.014578,2.086388,0.012104,1.196349,1.588731,0.818488,0.006285,True,False,False,0.01305389404296875,0.1549193338482967,
synth_sparse_skewed_cv3p0,Sparse Skewed,True,NVIDIA GeForce RTX 4090,12.1,0,50,200,10,200000,200000,16207364,128,81.03682,0.87397,240,COMMUNITY_TC,1.51916,242.309789,1.713776,244.023565,3.24544,3.685072,3.049585,3.059616,2.136338,0.015101,2.007415,0.012538,1.196349,1.588731,0.787507,0.006511,True,False,False,0.013042449951171875,0.1549193338482967,
synth_sparse_skewed_cv3p0,Sparse Skewed,True,NVIDIA GeForce RTX 4090,12.1,0,50,200,10,200000,200000,16207364,128,81.03682,0.87397,240,SEGMENT_HYBRID,1.776963,224.218742,1.901958,226.1207,3.24544,3.685072,3.049585,3.059616,1.826397,0.016297,1.716178,0.013531,1.196349,1.588731,0.673255,0.007026,True,False,False,0.013055801391601562,0.1549193338482967,
synth_sparse_skewed_cv3p0,Sparse Skewed,True,NVIDIA GeForce RTX 4090,12.1,0,50,200,10,200000,200000,16207364,128,81.03682,0.87397,240,TC_DIRECT_TF32,2.136617,220.106145,2.096867,222.203013,3.24544,3.685072,3.049585,3.059616,1.518962,0.016584,1.427296,0.013769,1.196349,1.588731,0.559927,0.00715,True,False,False,0.0130462646484375,0.1549193338482967,
synth_sparse_skewed_cv3p0,Sparse Skewed,True,NVIDIA GeForce RTX 4090,12.1,0,50,200,10,200000,200000,16207364,128,81.03682,0.87397,240,COMMUNITY_TC_TF32,2.165171,241.246736,2.154739,243.401475,3.24544,3.685072,3.049585,3.059616,1.49893,0.01514,1.408473,0.01257,1.196349,1.588731,0.552543,0.006527,True,False,False,0.013042449951171875,0.1549193338482967,
synth_sparse_skewed_cv3p0,Sparse Skewed,True,NVIDIA GeForce RTX 4090,12.1,0,50,200,10,200000,200000,16207364,128,81.03682,0.87397,240,SEGMENT_HYBRID_TF32,2.493771,224.94815,2.592797,227.540947,3.24544,3.685072,3.049585,3.059616,1.301419,0.016195,1.222881,0.013446,1.196349,1.588731,0.479735,0.006982,True,False,False,0.013048171997070312,0.1549193338482967,
synth_sparse_skewed_cv3p0,Sparse Skewed,True,NVIDIA GeForce RTX 4090,12.1,0,50,200,10,200000,200000,16207364,128,81.03682,0.87397,240,CUSPARSE,3.24544,0.397001,3.28807,3.685072,3.24544,3.685072,3.049585,3.059616,1.0,1.0,0.939652,0.830273,1.196349,1.588731,,,True,False,False,0.0,0.0,
synth_sparse_skewed_cv3p0,Sparse Skewed,True,NVIDIA GeForce RTX 4090,12.1,0,50,200,10,200000,200000,16207364,256,81.03682,0.87397,240,CSR_DIRECT,11.891083,0.0,11.903363,11.903363,6.453089,7.298547,11.891083,11.903363,0.542683,0.61315,1.0,1.0,2.398336,3.116281,,,True,False,False,3.0517578125e-05,0.01549193338482967,
synth_sparse_skewed_cv3p0,Sparse Skewed,True,NVIDIA GeForce RTX 4090,12.1,0,50,200,10,200000,200000,16207364,256,81.03682,0.87397,240,RODE_ENHANCED,10.932234,3.378434,10.953667,14.332101,6.453089,7.298547,11.891083,11.903363,0.590281,0.509245,1.087708,0.830539,2.398336,3.116281,,,True,False,False,3.0517578125e-05,0.01549193338482967,
synth_sparse_skewed_cv3p0,Sparse Skewed,True,NVIDIA GeForce RTX 4090,12.1,0,50,200,10,200000,200000,16207364,256,81.03682,0.87397,240,ZERO_OVERHEAD_CSR,11.892562,1.629975,11.90728,13.537255,6.453089,7.298547,11.891083,11.903363,0.542616,0.539145,0.999876,0.879304,2.398336,3.116281,,,True,False,False,3.0517578125e-05,0.01549193338482967,
synth_sparse_skewed_cv3p0,Sparse Skewed,True,NVIDIA GeForce RTX 4090,12.1,0,50,200,10,200000,200000,16207364,256,81.03682,0.87397,240,TC_DIRECT,2.939356,223.265255,3.050064,226.315319,6.453089,7.298547,11.891083,11.903363,2.195409,0.032249,4.045472,0.052596,2.398336,3.116281,0.815939,0.01377,True,False,False,0.012937545776367188,0.1549193338482967,
synth_sparse_skewed_cv3p0,Sparse Skewed,True,NVIDIA GeForce RTX 4090,12.1,0,50,200,10,200000,200000,16207364,256,81.03682,0.87397,240,COMMUNITY_TC,3.147795,276.661972,3.231117,279.893089,6.453089,7.298547,11.891083,11.903363,2.050034,0.026076,3.777591,0.042528,2.398336,3.116281,0.76191,0.011134,True,False,False,0.012933731079101562,0.1549193338482967,
synth_sparse_skewed_cv3p0,Sparse Skewed,True,NVIDIA GeForce RTX 4090,12.1,0,50,200,10,200000,200000,16207364,256,81.03682,0.87397,240,SEGMENT_HYBRID,3.586826,276.81677,3.871069,280.687838,6.453089,7.298547,11.891083,11.903363,1.799108,0.026002,3.31521,0.042408,2.398336,3.116281,0.668651,0.011102,True,False,False,0.012920379638671875,0.1549193338482967,
synth_sparse_skewed_cv3p0,Sparse Skewed,True,NVIDIA GeForce RTX 4090,12.1,0,50,200,10,200000,200000,16207364,256,81.03682,0.87397,240,TC_DIRECT_TF32,4.270869,266.188189,4.128656,270.316846,6.453089,7.298547,11.891083,11.903363,1.510955,0.027,2.784231,0.044035,2.398336,3.116281,0.561557,0.011528,True,False,False,0.012950897216796875,0.1549193338482967,
synth_sparse_skewed_cv3p0,Sparse Skewed,True,NVIDIA GeForce RTX 4090,12.1,0,50,200,10,200000,200000,16207364,256,81.03682,0.87397,240,COMMUNITY_TC_TF32,4.323246,296.383425,4.289766,300.673191,6.453089,7.298547,11.891083,11.903363,1.492649,0.024274,2.750499,0.039589,2.398336,3.116281,0.554753,0.010364,True,False,False,0.0129547119140625,0.1549193338482967,
synth_sparse_skewed_cv3p0,Sparse Skewed,True,NVIDIA GeForce RTX 4090,12.1,0,50,200,10,200000,200000,16207364,256,81.03682,0.87397,240,SEGMENT_HYBRID_TF32,4.970844,275.134513,5.030096,280.164609,6.453089,7.298547,11.891083,11.903363,1.298188,0.026051,2.392166,0.042487,2.398336,3.116281,0.482481,0.011123,True,False,False,0.012922286987304688,0.1549193338482967,
synth_sparse_skewed_cv3p0,Sparse Skewed,True,NVIDIA GeForce RTX 4090,12.1,0,50,200,10,200000,200000,16207364,256,81.03682,0.87397,240,CUSPARSE,6.453089,0.801594,6.496953,7.298547,6.453089,7.298547,11.891083,11.903363,1.0,1.0,1.842696,1.630922,2.398336,3.116281,,,True,False,False,0.0,0.0,
synth_sparse_skewed_cv3p0,Sparse Skewed,True,NVIDIA GeForce RTX 4090,12.1,0,50,200,10,200000,200000,16207364,512,81.03682,0.87397,240,CSR_DIRECT,29.800493,0.0,29.816384,29.816384,13.057213,13.512954,29.800493,29.816384,0.438154,0.453206,1.0,1.0,4.785536,6.135644,,,True,False,False,3.0517578125e-05,0.01549193338482967,
synth_sparse_skewed_cv3p0,Sparse Skewed,True,NVIDIA GeForce RTX 4090,12.1,0,50,200,10,200000,200000,16207364,512,81.03682,0.87397,240,RODE_ENHANCED,28.615781,5.34214,28.655757,33.997896,13.057213,13.512954,29.800493,29.816384,0.456294,0.397464,1.041401,0.877007,4.785536,6.135644,,,True,False,False,3.0517578125e-05,0.01549193338482967,
synth_sparse_skewed_cv3p0,Sparse Skewed,True,NVIDIA GeForce RTX 4090,12.1,0,50,200,10,200000,200000,16207364,512,81.03682,0.87397,240,ZERO_OVERHEAD_CSR,29.730171,2.490463,29.764585,32.255049,13.057213,13.512954,29.800493,29.816384,0.439191,0.418941,1.002365,0.924394,4.785536,6.135644,,,True,False,False,3.0517578125e-05,0.01549193338482967,
synth_sparse_skewed_cv3p0,Sparse Skewed,True,NVIDIA GeForce RTX 4090,12.1,0,50,200,10,200000,200000,16207364,512,81.03682,0.87397,240,TC_DIRECT,7.241723,223.339701,7.310243,230.649945,13.057213,13.512954,29.800493,29.816384,1.803053,0.058586,4.115111,0.129271,4.785536,6.135644,0.660828,0.026602,True,False,False,0.01351785659790039,0.1549193338482967,
synth_sparse_skewed_cv3p0,Sparse Skewed,True,NVIDIA GeForce RTX 4090,12.1,0,50,200,10,200000,200000,16207364,512,81.03682,0.87397,240,COMMUNITY_TC,7.229363,238.746251,7.287651,246.033902,13.057213,13.512954,29.800493,29.816384,1.806136,0.054923,4.122146,0.121188,4.785536,6.135644,0.661958,0.024938,True,False,False,0.013518810272216797,0.1549193338482967,
synth_sparse_skewed_cv3p0,Sparse Skewed,True,NVIDIA GeForce RTX 4090,12.1,0,50,200,10,200000,200000,16207364,512,81.03682,0.87397,240,SEGMENT_HYBRID,7.850998,225.537843,7.889597,233.42744,13.057213,13.512954,29.800493,29.816384,1.663128,0.057889,3.795759,0.127733,4.785536,6.135644,0.609545,0.026285,True,False,False,0.013520240783691406,0.1549193338482967,
synth_sparse_skewed_cv3p0,Sparse Skewed,True,NVIDIA GeForce RTX 4090,12.1,0,50,200,10,200000,200000,16207364,512,81.03682,0.87397,240,TC_DIRECT_TF32,9.452462,250.884784,9.394102,260.278887,13.057213,13.512954,29.800493,29.816384,1.381356,0.051917,3.15267,0.114556,4.785536,6.135644,0.506274,0.023573,True,False,False,0.013518810272216797,0.1549193338482967,
synth_sparse_skewed_cv3p0,Sparse Skewed,True,NVIDIA GeForce RTX 4090,12.1,0,50,200,10,200000,200000,16207364,512,81.03682,0.87397,240,COMMUNITY_TC_TF32,9.188301,294.278186,9.16151,303.439696,13.057213,13.512954,29.800493,29.816384,1.421069,0.044533,3.243308,0.098261,4.785536,6.135644,0.520829,0.02022,True,False,False,0.013518810272216797,0.1549193338482967,
synth_sparse_skewed_cv3p0,Sparse Skewed,True,NVIDIA GeForce RTX 4090,12.1,0,50,200,10,200000,200000,16207364,512,81.03682,0.87397,240,SEGMENT_HYBRID_TF32,10.38142,272.150136,10.197043,282.347179,13.057213,13.512954,29.800493,29.816384,1.257748,0.047859,2.87056,0.105602,4.785536,6.135644,0.460971,0.021731,True,False,False,0.013520240783691406,0.1549193338482967,
synth_sparse_skewed_cv3p0,Sparse Skewed,True,NVIDIA GeForce RTX 4090,12.1,0,50,200,10,200000,200000,16207364,512,81.03682,0.87397,240,CUSPARSE,13.057213,0.412307,13.100647,13.512954,13.057213,13.512954,29.800493,29.816384,1.0,1.0,2.282301,2.206504,4.785536,6.135644,,,True,False,False,0.0,0.0,
synth_sparse_skewed_cv4p0,Sparse Skewed,True,NVIDIA GeForce RTX 4090,12.1,0,50,200,10,200000,200000,25191428,64,125.95714,0.852584,360,CSR_DIRECT,1.415951,0.0,1.386083,1.386083,1.572613,2.049308,1.415951,1.386083,1.110641,1.478489,1.0,1.0,1.249905,1.688451,,,True,False,False,4.9591064453125e-05,0.018973665961010275,
synth_sparse_skewed_cv4p0,Sparse Skewed,True,NVIDIA GeForce RTX 4090,12.1,0,50,200,10,200000,200000,25191428,64,125.95714,0.852584,360,RODE_ENHANCED,1.473561,7.442188,1.47464,8.916828,1.572613,2.049308,1.415951,1.386083,1.067219,0.229825,0.960904,0.155446,1.249905,1.688451,,,True,False,False,3.62396240234375e-05,0.018973665961010275,
synth_sparse_skewed_cv4p0,Sparse Skewed,True,NVIDIA GeForce RTX 4090,12.1,0,50,200,10,200000,200000,25191428,64,125.95714,0.852584,360,ZERO_OVERHEAD_CSR,1.463373,3.995381,1.476653,5.472033,1.572613,2.049308,1.415951,1.386083,1.07465,0.374506,0.967594,0.253303,1.249905,1.688451,,,True,False,False,3.814697265625e-05,0.018973665961010275,
synth_sparse_skewed_cv4p0,Sparse Skewed,True,NVIDIA GeForce RTX 4090,12.1,0,50,200,10,200000,200000,25191428,64,125.95714,0.852584,360,TC_DIRECT,1.090406,399.52802,1.322083,400.850103,1.572613,2.049308,1.415951,1.386083,1.442227,0.005112,1.298554,0.003458,1.249905,1.688451,1.146274,0.004212,True,False,False,0.015482902526855469,0.18973665961010275,
synth_sparse_skewed_cv4p0,Sparse Skewed,True,NVIDIA GeForce RTX 4090,12.1,0,50,200,10,200000,200000,25191428,64,125.95714,0.852584,360,COMMUNITY_TC,1.102351,430.076542,1.398877,431.475419,1.572613,2.049308,1.415951,1.386083,1.426599,0.00475,1.284483,0.003212,1.249905,1.688451,1.133853,0.003913,True,False,False,0.015478134155273438,0.18973665961010275,
synth_sparse_skewed_cv4p0,Sparse Skewed,True,NVIDIA GeForce RTX 4090,12.1,0,50,200,10,200000,200000,25191428,64,125.95714,0.852584,360,SEGMENT_HYBRID,1.28468,403.954621,1.62016,405.574781,1.572613,2.049308,1.415951,1.386083,1.224129,0.005053,1.102182,0.003418,1.249905,1.688451,0.972931,0.004163,True,False,False,0.015485763549804688,0.18973665961010275,
synth_sparse_skewed_cv4p0,Sparse Skewed,True,NVIDIA GeForce RTX 4090,12.1,0,50,200,10,200000,200000,25191428,64,125.95714,0.852584,360,TC_DIRECT_TF32,1.614075,405.089126,1.641763,406.730889,1.572613,2.049308,1.415951,1.386083,0.974312,0.005038,0.877253,0.003408,1.249905,1.688451,0.774378,0.004151,True,False,False,0.015474319458007812,0.18973665961010275,
synth_sparse_skewed_cv4p0,Sparse Skewed,True,NVIDIA GeForce RTX 4090,12.1,0,50,200,10,200000,200000,25191428,64,125.95714,0.852584,360,COMMUNITY_TC_TF32,1.6128,430.889766,1.643389,432.533155,1.572613,2.049308,1.415951,1.386083,0.975083,0.004738,0.877946,0.003205,1.249905,1.688451,0.77499,0.003904,True,False,False,0.015474319458007812,0.18973665961010275,
synth_sparse_skewed_cv4p0,Sparse Skewed,True,NVIDIA GeForce RTX 4090,12.1,0,50,200,10,200000,200000,25191428,64,125.95714,0.852584,360,SEGMENT_HYBRID_TF32,1.844147,407.130822,2.103424,409.234246,1.572613,2.049308,1.415951,1.386083,0.852759,0.005008,0.767808,0.003387,1.249905,1.688451,0.677768,0.004126,True,False,False,0.015481948852539062,0.18973665961010275,
synth_sparse_skewed_cv4p0,Sparse Skewed,True,NVIDIA GeForce RTX 4090,12.1,0,50,200,10,200000,200000,25191428,64,125.95714,0.852584,360,CUSPARSE,1.572613,0.466409,1.582899,2.049308,1.572613,2.049308,1.415951,1.386083,1.0,1.0,0.900381,0.676366,1.249905,1.688451,,,True,False,False,0.0,0.0,
synth_sparse_skewed_cv4p0,Sparse Skewed,True,NVIDIA GeForce RTX 4090,12.1,0,50,200,10,200000,200000,25191428,128,125.95714,0.852584,360,CSR_DIRECT,4.541563,0.0,4.551187,4.551187,4.742661,5.347247,4.541563,4.551187,1.04428,1.174912,1.0,1.0,1.774377,2.276532,,,True,False,False,4.1961669921875e-05,0.018973665961010275,
synth_sparse_skewed_cv4p0,Sparse Skewed,True,NVIDIA GeForce RTX 4090,12.1,0,50,200,10,200000,200000,25191428,128,125.95714,0.852584,360,RODE_ENHANCED,4.184151,5.667137,4.217296,9.884433,4.742661,5.347247,4.541563,4.551187,1.133482,0.540977,1.08542,0.46044,1.774377,2.276532,,,True,False,False,3.4332275390625e-05,0.018973665961010275,
synth_sparse_skewed_cv4p0,Sparse Skewed,True,NVIDIA GeForce RTX 4090,12.1,0,50,200,10,200000,200000,25191428,128,125.95714,0.852584,360,ZERO_OVERHEAD_CSR,4.676214,2.972113,4.704934,7.677048,4.742661,5.347247,4.541563,4.551187,1.01421,0.696524,0.971205,0.59283,1.774377,2.276532,,,True,False,False,3.814697265625e-05,0.018973665961010275,
synth_sparse_skewed_cv4p0,Sparse Skewed,True,NVIDIA GeForce RTX 4090,12.1,0,50,200,10,200000,200000,25191428,128,125.95714,0.852584,360,TC_DIRECT,2.187402,403.448894,2.362678,405.811572,4.742661,5.347247,4.541563,4.551187,2.168171,0.013177,2.076236,0.011215,1.774377,2.276532,0.81118,0.00561,True,False,False,0.017583847045898438,0.18973665961010275,
synth_sparse_skewed_cv4p0,Sparse Skewed,True,NVIDIA GeForce RTX 4090,12.1,0,50,200,10,200000,200000,25191428,128,125.95714,0.852584,360,COMMUNITY_TC,2.24555,431.064962,2.406061,433.471023,4.742661,5.347247,4.541563,4.551187,2.112026,0.012336,2.022472,0.010499,1.774377,2.276532,0.790175,0.005252,True,False,False,0.01758575439453125,0.18973665961010275,
synth_sparse_skewed_cv4p0,Sparse Skewed,True,NVIDIA GeForce RTX 4090,12.1,0,50,200,10,200000,200000,25191428,128,125.95714,0.852584,360,SEGMENT_HYBRID,2.576148,375.526138,2.744365,378.270503,4.742661,5.347247,4.541563,4.551187,1.840989,0.014136,1.762927,0.012032,1.774377,2.276532,0.688771,0.006018,True,False,False,0.017581939697265625,0.18973665961010275,
synth_sparse_skewed_cv4p0,Sparse Skewed,True,NVIDIA GeForce RTX 4090,12.1,0,50,200,10,200000,200000,25191428,128,125.95714,0.852584,360,TC_DIRECT_TF32,3.251451,329.851011,3.16705,333.018061,4.742661,5.347247,4.541563,4.551187,1.458629,0.016057,1.39678,0.013666,1.774377,2.276532,0.545719,0.006836,True,False,False,0.01758575439453125,0.18973665961010275,
synth_sparse_skewed_cv4p0,Sparse Skewed,True,NVIDIA GeForce RTX 4090,12.1,0,50,200,10,200000,200000,25191428,128,125.95714,0.852584,360,COMMUNITY_TC_TF32,3.257999,373.884326,3.198298,377.082624,4.742661,5.347247,4.541563,4.551187,1.455697,0.014181,1.393973,0.012069,1.774377,2.276532,0.544622,0.006037,True,False,False,0.017591476440429688,0.18973665961010275,
synth_sparse_skewed_cv4p0,Sparse Skewed,True,NVIDIA GeForce RTX 4090,12.1,0,50,200,10,200000,200000,25191428,128,125.95714,0.852584,360,SEGMENT_HYBRID_TF32,3.727549,409.784945,3.9272,413.712145,4.742661,5.347247,4.541563,4.551187,1.272327,0.012925,1.218378,0.011001,1.774377,2.276532,0.476017,0.005503,True,False,False,0.017581939697265625,0.18973665961010275,
synth_sparse_skewed_cv4p0,Sparse Skewed,True,NVIDIA GeForce RTX 4090,12.1,0,50,200,10,200000,200000,25191428,128,125.95714,0.852584,360,CUSPARSE,4.742661,0.560332,4.786915,5.347247,4.742661,5.347247,4.541563,4.551187,1.0,1.0,0.957598,0.851127,1.774377,2.276532,,,True,False,False,0.0,0.0,
synth_sparse_skewed_cv4p0,Sparse Skewed,True,NVIDIA GeForce RTX 4090,12.1,0,50,200,10,200000,200000,25191428,256,125.95714,0.852584,360,CSR_DIRECT,18.206382,0.0,18.221264,18.221264,9.423437,9.940612,18.206382,18.221264,0.51759,0.54555,1.0,1.0,3.540378,4.354345,,,True,False,False,4.9591064453125e-05,0.018973665961010275,
synth_sparse_skewed_cv4p0,Sparse Skewed,True,NVIDIA GeForce RTX 4090,12.1,0,50,200,10,200000,200000,25191428,256,125.95714,0.852584,360,RODE_ENHANCED,17.10899,5.80354,17.141904,22.945444,9.423437,9.940612,18.206382,18.221264,0.550789,0.433228,1.064141,0.794113,3.540378,4.354345,,,True,False,False,4.57763671875e-05,0.018973665961010275,
synth_sparse_skewed_cv4p0,Sparse Skewed,True,NVIDIA GeForce RTX 4090,12.1,0,50,200,10,200000,200000,25191428,256,125.95714,0.852584,360,ZERO_OVERHEAD_CSR,18.437463,3.214267,18.473731,21.687998,9.423437,9.940612,18.206382,18.221264,0.511103,0.458346,0.987467,0.840154,3.540378,4.354345,,,True,False,False,4.57763671875e-05,0.018973665961010275,
synth_sparse_skewed_cv4p0,Sparse Skewed,True,NVIDIA GeForce RTX 4090,12.1,0,50,200,10,200000,200000,25191428,256,125.95714,0.852584,360,TC_DIRECT,4.403625,355.849942,4.508826,360.358768,9.423437,9.940612,18.206382,18.221264,2.139927,0.027585,4.134408,0.050564,3.540378,4.354345,0.803969,0.012083,True,False,False,0.016990184783935547,0.18973665961010275,
synth_sparse_skewed_cv4p0,Sparse Skewed,True,NVIDIA GeForce RTX 4090,12.1,0,50,200,10,200000,200000,25191428,256,125.95714,0.852584,360,COMMUNITY_TC,4.556764,350.212644,4.517894,354.730538,9.423437,9.940612,18.206382,18.221264,2.068011,0.028023,3.995463,0.051366,3.540378,4.354345,0.77695,0.012275,True,False,False,0.016990184783935547,0.18973665961010275,
synth_sparse_skewed_cv4p0,Sparse Skewed,True,NVIDIA GeForce RTX 4090,12.1,0,50,200,10,200000,200000,25191428,256,125.95714,0.852584,360,SEGMENT_HYBRID,5.196006,333.4483,5.39463,338.842931,9.423437,9.940612,18.206382,18.221264,1.813592,0.029337,3.503918,0.053775,3.540378,4.354345,0.681365,0.012851,True,False,False,0.01698446273803711,0.18973665961010275,
synth_sparse_skewed_cv4p0,Sparse Skewed,True,NVIDIA GeForce RTX 4090,12.1,0,50,200,10,200000,200000,25191428,256,125.95714,0.852584,360,TC_DIRECT_TF32,6.497224,332.112586,6.220557,338.333142,9.423437,9.940612,18.206382,18.221264,1.450379,0.029381,2.802179,0.053856,3.540378,4.354345,0.544906,0.01287,True,False,False,0.016990184783935547,0.18973665961010275,
synth_sparse_skewed_cv4p0,Sparse Skewed,True,NVIDIA GeForce RTX 4090,12.1,0,50,200,10,200000,200000,25191428,256,125.95714,0.852584,360,COMMUNITY_TC_TF32,6.548906,350.061064,6.31336,356.374425,9.423437,9.940612,18.206382,18.221264,1.438933,0.027894,2.780065,0.05113,3.540378,4.354345,0.540606,0.012218,True,False,False,0.01699066162109375,0.18973665961010275,
synth_sparse_skewed_cv4p0,Sparse Skewed,True,NVIDIA GeForce RTX 4090,12.1,0,50,200,10,200000,200000,25191428,256,125.95714,0.852584,360,SEGMENT_HYBRID_TF32,7.459615,334.141054,7.338422,341.479476,9.423437,9.940612,18.206382,18.221264,1.263261,0.02911,2.44066,0.05336,3.540378,4.354345,0.474606,0.012751,True,False,False,0.016983509063720703,0.18973665961010275,
synth_sparse_skewed_cv4p0,Sparse Skewed,True,NVIDIA GeForce RTX 4090,12.1,0,50,200,10,200000,200000,25191428,256,125.95714,0.852584,360,CUSPARSE,9.423437,0.474365,9.466247,9.940612,9.423437,9.940612,18.206382,18.221264,1.0,1.0,1.932032,1.833012,3.540378,4.354345,,,True,False,False,0.0,0.0,
synth_sparse_skewed_cv4p0,Sparse Skewed,True,NVIDIA GeForce RTX 4090,12.1,0,50,200,10,200000,200000,25191428,512,125.95714,0.852584,360,CSR_DIRECT,45.777559,0.0,45.791488,45.791488,19.114557,19.554108,45.777559,45.791488,0.417553,0.427025,1.0,1.0,7.102889,8.283399,,,True,False,False,5.7220458984375e-05,0.018973665961010275,
synth_sparse_skewed_cv4p0,Sparse Skewed,True,NVIDIA GeForce RTX 4090,12.1,0,50,200,10,200000,200000,25191428,512,125.95714,0.852584,360,RODE_ENHANCED,44.283672,3.677329,44.304717,47.982046,19.114557,19.554108,45.777559,45.791488,0.431639,0.40753,1.033734,0.954346,7.102889,8.283399,,,True,False,False,4.1961669921875e-05,0.018973665961010275,
synth_sparse_skewed_cv4p0,Sparse Skewed,True,NVIDIA GeForce RTX 4090,12.1,0,50,200,10,200000,200000,25191428,512,125.95714,0.852584,360,ZERO_OVERHEAD_CSR,46.239775,2.089996,46.256106,48.346102,19.114557,19.554108,45.777559,45.791488,0.413379,0.404461,0.990004,0.94716,7.102889,8.283399,,,True,False,False,4.1961669921875e-05,0.018973665961010275,
synth_sparse_skewed_cv4p0,Sparse Skewed,True,NVIDIA GeForce RTX 4090,12.1,0,50,200,10,200000,200000,25191428,512,125.95714,0.852584,360,TC_DIRECT,9.560084,331.239655,9.368576,340.608231,19.114557,19.554108,45.777559,45.791488,1.999413,0.057409,4.788405,0.13444,7.102889,8.283399,0.742973,0.024319,True,False,False,0.01643657684326172,0.18973665961010275,
synth_sparse_skewed_cv4p0,Sparse Skewed,True,NVIDIA GeForce RTX 4090,12.1,0,50,200,10,200000,200000,25191428,512,125.95714,0.852584,360,COMMUNITY_TC,9.513503,350.479318,9.450441,359.929759,19.114557,19.554108,45.777559,45.791488,2.009203,0.054328,4.811851,0.127223,7.102889,8.283399,0.746611,0.023014,True,False,False,0.016431808471679688,0.18973665961010275,
synth_sparse_skewed_cv4p0,Sparse Skewed,True,NVIDIA GeForce RTX 4090,12.1,0,50,200,10,200000,200000,25191428,512,125.95714,0.852584,360,SEGMENT_HYBRID,10.521266,335.440707,10.562237,346.002944,19.114557,19.554108,45.777559,45.791488,1.816755,0.056514,4.350955,0.132344,7.102889,8.283399,0.675098,0.02394,True,False,False,0.016437530517578125,0.18973665961010275,
synth_sparse_skewed_cv4p0,Sparse Skewed,True,NVIDIA GeForce RTX 4090,12.1,0,50,200,10,200000,200000,25191428,512,125.95714,0.852584,360,TC_DIRECT_TF32,13.111838,329.754773,12.817213,342.571986,19.114557,19.554108,45.777559,45.791488,1.457809,0.05708,3.491315,0.13367,7.102889,8.283399,0.541716,0.02418,True,False,False,0.01643085479736328,0.18973665961010275,
synth_sparse_skewed_cv4p0,Sparse Skewed,True,NVIDIA GeForce RTX 4090,12.1,0,50,200,10,200000,200000,25191428,512,125.95714,0.852584,360,COMMUNITY_TC_TF32,13.466045,347.900253,13.035645,360.935897,19.114557,19.554108,45.777559,45.791488,1.419463,0.054176,3.399481,0.126869,7.102889,8.283399,0.527467,0.02295,True,False,False,0.016429901123046875,0.18973665961010275,
synth_sparse_skewed_cv4p0,Sparse Skewed,True,NVIDIA GeForce RTX 4090,12.1,0,50,200,10,200000,200000,25191428,512,125.95714,0.852584,360,SEGMENT_HYBRID_TF32,15.058387,334.184727,14.711101,348.895828,19.114557,19.554108,45.777559,45.791488,1.269363,0.056046,3.040004,0.131247,7.102889,8.283399,0.47169,0.023742,True,False,False,0.0164337158203125,0.18973665961010275,
synth_sparse_skewed_cv4p0,Sparse Skewed,True,NVIDIA GeForce RTX 4090,12.1,0,50,200,10,200000,200000,25191428,512,125.95714,0.852584,360,CUSPARSE,19.114557,0.396279,19.157829,19.554108,19.114557,19.554108,45.777559,45.791488,1.0,1.0,2.394906,2.341784,7.102889,8.283399,,,True,False,False,0.0,0.0,
synth_sparse_uniform_d12,Sparse Uniform,True,NVIDIA GeForce RTX 4090,12.1,0,50,200,10,300000,300000,3600000,64,12.0,0.0,12,CSR_DIRECT,0.325192,0.0,0.330557,0.330557,0.564239,0.992799,0.325192,0.330557,1.735098,3.003414,1.0,1.0,0.337654,0.810021,,,True,False,False,0.0,0.0034641016151377543,
synth_sparse_uniform_d12,Sparse Uniform,True,NVIDIA GeForce RTX 4090,12.1,0,50,200,10,300000,300000,3600000,64,12.0,0.0,12,RODE_ENHANCED,0.332959,3.89367,0.359059,4.252729,0.564239,0.992799,0.325192,0.330557,1.694622,0.23345,0.976673,0.077728,0.337654,0.810021,,,True,False,False,0.0,0.0034641016151377543,
synth_sparse_uniform_d12,Sparse Uniform,True,NVIDIA GeForce RTX 4090,12.1,0,50,200,10,300000,300000,3600000,64,12.0,0.0,12,ZERO_OVERHEAD_CSR,0.32767,1.119051,0.352528,1.471579,0.564239,0.992799,0.325192,0.330557,1.721976,0.674648,0.992437,0.224627,0.337654,0.810021,,,True,False,False,0.0,0.0034641016151377543,
synth_sparse_uniform_d12,Sparse Uniform,True,NVIDIA GeForce RTX 4090,12.1,0,50,200,10,300000,300000,3600000,64,12.0,0.0,12,TC_DIRECT,0.316851,61.518516,0.66777,62.186285,0.564239,0.992799,0.325192,0.330557,1.780771,0.015965,1.026323,0.005316,0.337654,0.810021,1.065654,0.013026,True,False,False,0.004793822765350342,0.034641016151377546,
synth_sparse_uniform_d12,Sparse Uniform,True,NVIDIA GeForce RTX 4090,12.1,0,50,200,10,300000,300000,3600000,64,12.0,0.0,12,COMMUNITY_TC,0.404516,102.581452,0.743456,103.324908,0.564239,0.992799,0.325192,0.330557,1.394851,0.009609,0.803903,0.003199,0.337654,0.810021,0.834711,0.00784,True,False,False,0.004793822765350342,0.034641016151377546,
synth_sparse_uniform_d12,Sparse Uniform,True,NVIDIA GeForce RTX 4090,12.1,0,50,200,10,300000,300000,3600000,64,12.0,0.0,12,SEGMENT_HYBRID,0.395802,61.750468,0.774432,62.5249,0.564239,0.992799,0.325192,0.330557,1.425561,0.015878,0.821603,0.005287,0.337654,0.810021,0.853088,0.012955,True,False,False,0.004793822765350342,0.034641016151377546,
synth_sparse_uniform_d12,Sparse Uniform,True,NVIDIA GeForce RTX 4090,12.1,0,50,200,10,300000,300000,3600000,64,12.0,0.0,12,TC_DIRECT_TF32,0.411279,60.38804,0.549798,60.937839,0.564239,0.992799,0.325192,0.330557,1.371913,0.016292,0.790683,0.005424,0.337654,0.810021,0.820984,0.013293,True,False,False,0.004793822765350342,0.034641016151377546,
synth_sparse_uniform_d12,Sparse Uniform,True,NVIDIA GeForce RTX 4090,12.1,0,50,200,10,300000,300000,3600000,64,12.0,0.0,12,COMMUNITY_TC_TF32,0.523458,101.487062,0.649786,102.136848,0.564239,0.992799,0.325192,0.330557,1.077908,0.00972,0.621238,0.003236,0.337654,0.810021,0.645045,0.007931,True,False,False,0.004793822765350342,0.034641016151377546,
synth_sparse_uniform_d12,Sparse Uniform,True,NVIDIA GeForce RTX 4090,12.1,0,50,200,10,300000,300000,3600000,64,12.0,0.0,12,SEGMENT_HYBRID_TF32,0.565038,56.542912,0.673773,57.216684,0.564239,0.992799,0.325192,0.330557,0.998586,0.017352,0.575522,0.005777,0.337654,0.810021,0.597577,0.014157,True,False,False,0.004793822765350342,0.034641016151377546,
synth_sparse_uniform_d12,Sparse Uniform,True,NVIDIA GeForce RTX 4090,12.1,0,50,200,10,300000,300000,3600000,64,12.0,0.0,12,CUSPARSE,0.564239,0.396933,0.595866,0.992799,0.564239,0.992799,0.325192,0.330557,1.0,1.0,0.576336,0.332954,0.337654,0.810021,,,True,False,False,0.0,0.0,
synth_sparse_uniform_d12,Sparse Uniform,True,NVIDIA GeForce RTX 4090,12.1,0,50,200,10,300000,300000,3600000,128,12.0,0.0,12,CSR_DIRECT,1.328742,0.0,1.336429,1.336429,1.692575,2.124215,1.328742,1.336429,1.273817,1.589471,1.0,1.0,0.850222,1.32819,,,True,False,False,0.0,0.0034641016151377543,
synth_sparse_uniform_d12,Sparse Uniform,True,NVIDIA GeForce RTX 4090,12.1,0,50,200,10,300000,300000,3600000,128,12.0,0.0,12,RODE_ENHANCED,1.335511,3.477741,1.362266,4.840007,1.692575,2.124215,1.328742,1.336429,1.267361,0.438887,0.994932,0.276121,0.850222,1.32819,,,True,False,False,0.0,0.0034641016151377543,
synth_sparse_uniform_d12,Sparse Uniform,True,NVIDIA GeForce RTX 4090,12.1,0,50,200,10,300000,300000,3600000,128,12.0,0.0,12,ZERO_OVERHEAD_CSR,1.331215,1.030585,1.354582,2.385167,1.692575,2.124215,1.328742,1.336429,1.271451,0.890594,0.998142,0.560308,0.850222,1.32819,,,True,False,False,0.0,0.0034641016151377543,
synth_sparse_uniform_d12,Sparse Uniform,True,NVIDIA GeForce RTX 4090,12.1,0,50,200,10,300000,300000,3600000,128,12.0,0.0,12,TC_DIRECT,0.704927,59.074876,1.012,60.086876,1.692575,2.124215,1.328742,1.336429,2.401065,0.035352,1.884937,0.022242,0.850222,1.32819,1.206114,0.022104,True,False,False,0.004597187042236328,0.034641016151377546,
synth_sparse_uniform_d12,Sparse Uniform,True,NVIDIA GeForce RTX 4090,12.1,0,50,200,10,300000,300000,3600000,128,12.0,0.0,12,COMMUNITY_TC,0.891607,98.631049,1.116954,99.748002,1.692575,2.124215,1.328742,1.336429,1.898342,0.021296,1.490278,0.013398,0.850222,1.32819,0.953584,0.013315,True,False,False,0.004597187042236328,0.034641016151377546,
synth_sparse_uniform_d12,Sparse Uniform,True,NVIDIA GeForce RTX 4090,12.1,0,50,200,10,300000,300000,3600000,128,12.0,0.0,12,SEGMENT_HYBRID,0.860902,59.819351,1.046515,60.865867,1.692575,2.124215,1.328742,1.336429,1.966047,0.0349,1.54343,0.021957,0.850222,1.32819,0.987594,0.021822,True,False,False,0.004597187042236328,0.034641016151377546,
synth_sparse_uniform_d12,Sparse Uniform,True,NVIDIA GeForce RTX 4090,12.1,0,50,200,10,300000,300000,3600000,128,12.0,0.0,12,TC_DIRECT_TF32,0.914284,56.406716,1.017635,57.424351,1.692575,2.124215,1.328742,1.336429,1.851258,0.036992,1.453315,0.023273,0.850222,1.32819,0.929933,0.023129,True,False,False,0.004597187042236328,0.034641016151377546,
synth_sparse_uniform_d12,Sparse Uniform,True,NVIDIA GeForce RTX 4090,12.1,0,50,200,10,300000,300000,3600000,128,12.0,0.0,12,COMMUNITY_TC_TF32,1.045852,99.018112,1.173187,100.191299,1.692575,2.124215,1.328742,1.336429,1.618369,0.021202,1.270488,0.013339,0.850222,1.32819,0.812947,0.013257,True,False,False,0.004597187042236328,0.034641016151377546,
synth_sparse_uniform_d12,Sparse Uniform,True,NVIDIA GeForce RTX 4090,12.1,0,50,200,10,300000,300000,3600000,128,12.0,0.0,12,SEGMENT_HYBRID_TF32,1.111613,58.569614,1.227981,59.797595,1.692575,2.124215,1.328742,1.336429,1.522629,0.035523,1.195328,0.022349,0.850222,1.32819,0.764854,0.022211,True,False,False,0.004597187042236328,0.034641016151377546,
synth_sparse_uniform_d12,Sparse Uniform,True,NVIDIA GeForce RTX 4090,12.1,0,50,200,10,300000,300000,3600000,128,12.0,0.0,12,CUSPARSE,1.692575,0.407175,1.71704,2.124215,1.692575,2.124215,1.328742,1.336429,1.0,1.0,0.785042,0.62914,0.850222,1.32819,,,True,False,False,0.0,0.0,
synth_sparse_uniform_d12,Sparse Uniform,True,NVIDIA GeForce RTX 4090,12.1,0,50,200,10,300000,300000,3600000,256,12.0,0.0,12,CSR_DIRECT,3.470546,0.0,3.478538,3.478538,3.376501,3.984024,3.470546,3.478538,0.972902,1.145316,1.0,1.0,1.69707,2.556294,,,True,False,False,0.0,0.0034641016151377543,
synth_sparse_uniform_d12,Sparse Uniform,True,NVIDIA GeForce RTX 4090,12.1,0,50,200,10,300000,300000,3600000,256,12.0,0.0,12,RODE_ENHANCED,3.476746,3.889942,3.508128,7.39807,3.376501,3.984024,3.470546,3.478538,0.971167,0.538522,0.998217,0.470195,1.69707,2.556294,,,True,False,False,0.0,0.0034641016151377543,
synth_sparse_uniform_d12,Sparse Uniform,True,NVIDIA GeForce RTX 4090,12.1,0,50,200,10,300000,300000,3600000,256,12.0,0.0,12,ZERO_OVERHEAD_CSR,3.472451,1.016165,3.497162,4.513327,3.376501,3.984024,3.470546,3.478538,0.972368,0.882724,0.999452,0.770726,1.69707,2.556294,,,True,False,False,0.0,0.0034641016151377543,
synth_sparse_uniform_d12,Sparse Uniform,True,NVIDIA GeForce RTX 4090,12.1,0,50,200,10,300000,300000,3600000,256,12.0,0.0,12,TC_DIRECT,1.593651,60.022697,1.911043,61.93374,3.376501,3.984024,3.470546,3.478538,2.11872,0.064327,2.177732,0.056165,1.69707,2.556294,1.064894,0.041275,True,False,False,0.004625797271728516,0.034641016151377546,
synth_sparse_uniform_d12,Sparse Uniform,True,NVIDIA GeForce RTX 4090,12.1,0,50,200,10,300000,300000,3600000,256,12.0,0.0,12,COMMUNITY_TC,1.857823,99.773031,1.974259,101.74729,3.376501,3.984024,3.470546,3.478538,1.817451,0.039156,1.868072,0.034188,1.69707,2.556294,0.913473,0.025124,True,False,False,0.004625797271728516,0.034641016151377546,
synth_sparse_uniform_d12,Sparse Uniform,True,NVIDIA GeForce RTX 4090,12.1,0,50,200,10,300000,300000,3600000,256,12.0,0.0,12,SEGMENT_HYBRID,1.822746,60.305277,1.99553,62.300807,3.376501,3.984024,3.470546,3.478538,1.852426,0.063948,1.904021,0.055835,1.69707,2.556294,0.931051,0.041031,True,False,False,0.004625797271728516,0.034641016151377546,
synth_sparse_uniform_d12,Sparse Uniform,True,NVIDIA GeForce RTX 4090,12.1,0,50,200,10,300000,300000,3600000,256,12.0,0.0,12,TC_DIRECT_TF32,1.845432,58.560906,1.952432,60.513338,3.376501,3.984024,3.470546,3.478538,1.829653,0.065837,1.880614,0.057484,1.69707,2.556294,0.919606,0.042243,True,False,False,0.004625797271728516,0.034641016151377546,
synth_sparse_uniform_d12,Sparse Uniform,True,NVIDIA GeForce RTX 4090,12.1,0,50,200,10,300000,300000,3600000,256,12.0,0.0,12,COMMUNITY_TC_TF32,2.080922,102.663394,2.203453,104.866846,3.376501,3.984024,3.470546,3.478538,1.622599,0.037991,1.667793,0.033171,1.69707,2.556294,0.815538,0.024377,True,False,False,0.004625797271728516,0.034641016151377546,
synth_sparse_uniform_d12,Sparse Uniform,True,NVIDIA GeForce RTX 4090,12.1,0,50,200,10,300000,300000,3600000,256,12.0,0.0,12,SEGMENT_HYBRID_TF32,2.202742,63.616223,2.311568,65.927791,3.376501,3.984024,3.470546,3.478538,1.532863,0.06043,1.575557,0.052763,1.69707,2.556294,0.770435,0.038774,True,False,False,0.004625797271728516,0.034641016151377546,
synth_sparse_uniform_d12,Sparse Uniform,True,NVIDIA GeForce RTX 4090,12.1,0,50,200,10,300000,300000,3600000,256,12.0,0.0,12,CUSPARSE,3.376501,0.593582,3.390442,3.984024,3.376501,3.984024,3.470546,3.478538,1.0,1.0,1.027853,0.873122,1.69707,2.556294,,,True,False,False,0.0,0.0,
synth_sparse_uniform_d12,Sparse Uniform,True,NVIDIA GeForce RTX 4090,12.1,0,50,200,10,300000,300000,3600000,512,12.0,0.0,12,CSR_DIRECT,7.789041,0.0,7.798848,7.798848,6.733281,7.386194,7.789041,7.798848,0.864456,0.947088,1.0,1.0,3.3662,5.03019,,,True,False,False,0.0,0.0034641016151377543,
synth_sparse_uniform_d12,Sparse Uniform,True,NVIDIA GeForce RTX 4090,12.1,0,50,200,10,300000,300000,3600000,512,12.0,0.0,12,RODE_ENHANCED,7.78537,3.86063,7.816499,11.677129,6.733281,7.386194,7.789041,7.798848,0.864863,0.632535,1.000471,0.667874,3.3662,5.03019,,,True,False,False,0.0,0.0034641016151377543,
synth_sparse_uniform_d12,Sparse Uniform,True,NVIDIA GeForce RTX 4090,12.1,0,50,200,10,300000,300000,3600000,512,12.0,0.0,12,ZERO_OVERHEAD_CSR,7.789921,1.146976,7.818483,8.96546,6.733281,7.386194,7.789041,7.798848,0.864358,0.82385,0.999887,0.869877,3.3662,5.03019,,,True,False,False,0.0,0.0034641016151377543,
synth_sparse_uniform_d12,Sparse Uniform,True,NVIDIA GeForce RTX 4090,12.1,0,50,200,10,300000,300000,3600000,512,12.0,0.0,12,TC_DIRECT,3.879603,62.885375,4.18785,67.073225,6.733281,7.386194,7.789041,7.798848,1.735559,0.110121,2.00769,0.116274,3.3662,5.03019,0.867666,0.074995,True,False,False,0.0047016143798828125,0.034641016151377546,
synth_sparse_uniform_d12,Sparse Uniform,True,NVIDIA GeForce RTX 4090,12.1,0,50,200,10,300000,300000,3600000,512,12.0,0.0,12,COMMUNITY_TC,4.080712,71.219138,4.223142,75.44228,6.733281,7.386194,7.789041,7.798848,1.650026,0.097905,1.908746,0.103375,3.3662,5.03019,0.824905,0.066676,True,False,False,0.0047016143798828125,0.034641016151377546,
synth_sparse_uniform_d12,Sparse Uniform,True,NVIDIA GeForce RTX 4090,12.1,0,50,200,10,300000,300000,3600000,512,12.0,0.0,12,SEGMENT_HYBRID,3.869798,45.122506,3.958442,49.080947,6.733281,7.386194,7.789041,7.798848,1.739956,0.15049,2.012777,0.158898,3.3662,5.03019,0.869865,0.102488,True,False,False,0.0047016143798828125,0.034641016151377546,
synth_sparse_uniform_d12,Sparse Uniform,True,NVIDIA GeForce RTX 4090,12.1,0,50,200,10,300000,300000,3600000,512,12.0,0.0,12,TC_DIRECT_TF32,3.720249,41.397192,3.79392,45.191112,6.733281,7.386194,7.789041,7.798848,1.809901,0.163444,2.093688,0.172575,3.3662,5.03019,0.904832,0.111309,True,False,False,0.0047016143798828125,0.034641016151377546,
synth_sparse_uniform_d12,Sparse Uniform,True,NVIDIA GeForce RTX 4090,12.1,0,50,200,10,300000,300000,3600000,512,12.0,0.0,12,COMMUNITY_TC_TF32,4.153359,71.052784,4.237469,75.290253,6.733281,7.386194,7.789041,7.798848,1.621165,0.098103,1.875359,0.103584,3.3662,5.03019,0.810477,0.066811,True,False,False,0.0047016143798828125,0.034641016151377546,
synth_sparse_uniform_d12,Sparse Uniform,True,NVIDIA GeForce RTX 4090,12.1,0,50,200,10,300000,300000,3600000,512,12.0,0.0,12,SEGMENT_HYBRID_TF32,4.39618,45.853963,4.473366,50.32733,6.733281,7.386194,7.789041,7.798848,1.531621,0.146763,1.771775,0.154962,3.3662,5.03019,0.76571,0.099949,True,False,False,0.0047016143798828125,0.034641016151377546,
synth_sparse_uniform_d12,Sparse Uniform,True,NVIDIA GeForce RTX 4090,12.1,0,50,200,10,300000,300000,3600000,512,12.0,0.0,12,CUSPARSE,6.733281,0.614245,6.771949,7.386194,6.733281,7.386194,7.789041,7.798848,1.0,1.0,1.156797,1.055868,3.3662,5.03019,,,True,False,False,0.0,0.0,
synth_sparse_uniform_d18,Sparse Uniform,True,NVIDIA GeForce RTX 4090,12.1,0,50,200,10,300000,300000,5400000,64,18.0,0.0,18,CSR_DIRECT,0.403676,0.0,0.409782,0.409782,0.648003,1.08688,0.403676,0.409782,1.605255,2.652334,1.0,1.0,0.378184,0.822132,,,True,False,False,2.86102294921875e-06,0.004242640687119285,
synth_sparse_uniform_d18,Sparse Uniform,True,NVIDIA GeForce RTX 4090,12.1,0,50,200,10,300000,300000,5400000,64,18.0,0.0,18,RODE_ENHANCED,0.407066,3.609107,0.43584,4.044947,0.648003,1.08688,0.403676,0.409782,1.591889,0.268701,0.991673,0.101307,0.378184,0.822132,,,True,False,False,2.86102294921875e-06,0.004242640687119285,
synth_sparse_uniform_d18,Sparse Uniform,True,NVIDIA GeForce RTX 4090,12.1,0,50,200,10,300000,300000,5400000,64,18.0,0.0,18,ZERO_OVERHEAD_CSR,0.406042,1.055583,0.42872,1.484303,0.648003,1.08688,0.403676,0.409782,1.595904,0.732249,0.994174,0.276077,0.378184,0.822132,,,True,False,False,2.86102294921875e-06,0.004242640687119285,
synth_sparse_uniform_d18,Sparse Uniform,True,NVIDIA GeForce RTX 4090,12.1,0,50,200,10,300000,300000,5400000,64,18.0,0.0,18,TC_DIRECT,0.366044,70.484843,0.805587,71.290431,0.648003,1.08688,0.403676,0.409782,1.770287,0.015246,1.102807,0.005748,0.378184,0.822132,1.033164,0.011532,True,False,False,0.005022525787353516,0.04242640687119285,
synth_sparse_uniform_d18,Sparse Uniform,True,NVIDIA GeForce RTX 4090,12.1,0,50,200,10,300000,300000,5400000,64,18.0,0.0,18,COMMUNITY_TC,0.450331,140.461094,0.765939,141.227033,0.648003,1.08688,0.403676,0.409782,1.43895,0.007696,0.896399,0.002902,0.378184,0.822132,0.839791,0.005821,True,False,False,0.005022525787353516,0.04242640687119285,
synth_sparse_uniform_d18,Sparse Uniform,True,NVIDIA GeForce RTX 4090,12.1,0,50,200,10,300000,300000,5400000,64,18.0,0.0,18,SEGMENT_HYBRID,0.453176,91.496039,0.716534,92.212574,0.648003,1.08688,0.403676,0.409782,1.429914,0.011787,0.890771,0.004444,0.378184,0.822132,0.834518,0.008916,True,False,False,0.005022525787353516,0.04242640687119285,
synth_sparse_uniform_d18,Sparse Uniform,True,NVIDIA GeForce RTX 4090,12.1,0,50,200,10,300000,300000,5400000,64,18.0,0.0,18,TC_DIRECT_TF32,0.540923,83.91383,0.692144,84.605974,0.648003,1.08688,0.403676,0.409782,1.197959,0.012846,0.746273,0.004843,0.378184,0.822132,0.699145,0.009717,True,False,False,0.005022525787353516,0.04242640687119285,
synth_sparse_uniform_d18,Sparse Uniform,True,NVIDIA GeForce RTX 4090,12.1,0,50,200,10,300000,300000,5400000,64,18.0,0.0,18,COMMUNITY_TC_TF32,0.656783,143.878655,0.776579,144.655235,0.648003,1.08688,0.403676,0.409782,0.986632,0.007514,0.614626,0.002833,0.378184,0.822132,0.575812,0.005683,True,False,False,0.005022525787353516,0.04242640687119285,
synth_sparse_uniform_d18,Sparse Uniform,True,NVIDIA GeForce RTX 4090,12.1,0,50,200,10,300000,300000,5400000,64,18.0,0.0,18,SEGMENT_HYBRID_TF32,0.69717,92.87726,0.807747,93.685007,0.648003,1.08688,0.403676,0.409782,0.929477,0.011601,0.579021,0.004374,0.378184,0.822132,0.542455,0.008775,True,False,False,0.005022525787353516,0.04242640687119285,
synth_sparse_uniform_d18,Sparse Uniform,True,NVIDIA GeForce RTX 4090,12.1,0,50,200,10,300000,300000,5400000,64,18.0,0.0,18,CUSPARSE,0.648003,0.406841,0.680038,1.08688,0.648003,1.08688,0.403676,0.409782,1.0,1.0,0.622954,0.377026,0.378184,0.822132,,,True,False,False,0.0,0.0,
synth_sparse_uniform_d18,Sparse Uniform,True,NVIDIA GeForce RTX 4090,12.1,0,50,200,10,300000,300000,5400000,128,18.0,0.0,18,CSR_DIRECT,1.867412,0.0,1.874333,1.874333,2.256794,2.697608,1.867412,1.874333,1.208514,1.439236,1.0,1.0,0.94124,1.53641,,,True,False,False,3.814697265625e-06,0.004242640687119285,
synth_sparse_uniform_d18,Sparse Uniform,True,NVIDIA GeForce RTX 4090,12.1,0,50,200,10,300000,300000,5400000,128,18.0,0.0,18,RODE_ENHANCED,1.878897,3.799659,1.90735,5.707009,2.256794,2.697608,1.867412,1.874333,1.201127,0.472683,0.993888,0.328426,0.94124,1.53641,,,True,False,False,3.814697265625e-06,0.004242640687119285,
synth_sparse_uniform_d18,Sparse Uniform,True,NVIDIA GeForce RTX 4090,12.1,0,50,200,10,300000,300000,5400000,128,18.0,0.0,18,ZERO_OVERHEAD_CSR,1.869973,1.203836,1.900102,3.103938,2.256794,2.697608,1.867412,1.874333,1.206859,0.869092,0.998631,0.603856,0.94124,1.53641,,,True,False,False,3.814697265625e-06,0.004242640687119285,
synth_sparse_uniform_d18,Sparse Uniform,True,NVIDIA GeForce RTX 4090,12.1,0,50,200,10,300000,300000,5400000,128,18.0,0.0,18,TC_DIRECT,0.777211,95.7543,1.094499,96.848799,2.256794,2.697608,1.867412,1.874333,2.903708,0.027854,2.40271,0.019353,0.94124,1.53641,1.211049,0.015864,True,False,False,0.004864215850830078,0.04242640687119285,
synth_sparse_uniform_d18,Sparse Uniform,True,NVIDIA GeForce RTX 4090,12.1,0,50,200,10,300000,300000,5400000,128,18.0,0.0,18,COMMUNITY_TC,0.963476,139.567255,1.230963,140.798218,2.256794,2.697608,1.867412,1.874333,2.342344,0.019159,1.938202,0.013312,0.94124,1.53641,0.976921,0.010912,True,False,False,0.00486445426940918,0.04242640687119285,
synth_sparse_uniform_d18,Sparse Uniform,True,NVIDIA GeForce RTX 4090,12.1,0,50,200,10,300000,300000,5400000,128,18.0,0.0,18,SEGMENT_HYBRID,0.958607,96.747692,1.593318,98.341011,2.256794,2.697608,1.867412,1.874333,2.354242,0.027431,1.948047,0.01906,0.94124,1.53641,0.981883,0.015623,True,False,False,0.004864215850830078,0.04242640687119285,
synth_sparse_uniform_d18,Sparse Uniform,True,NVIDIA GeForce RTX 4090,12.1,0,50,200,10,300000,300000,5400000,128,18.0,0.0,18,TC_DIRECT_TF32,1.188291,91.817178,1.304147,93.121326,2.256794,2.697608,1.867412,1.874333,1.899194,0.028969,1.571512,0.020128,0.94124,1.53641,0.792096,0.016499,True,False,False,0.004864215850830078,0.04242640687119285,
synth_sparse_uniform_d18,Sparse Uniform,True,NVIDIA GeForce RTX 4090,12.1,0,50,200,10,300000,300000,5400000,128,18.0,0.0,18,COMMUNITY_TC_TF32,1.31371,147.538528,1.439843,148.978371,2.256794,2.697608,1.867412,1.874333,1.717878,0.018107,1.42148,0.012581,0.94124,1.53641,0.716475,0.010313,True,False,False,0.00486445426940918,0.04242640687119285,
synth_sparse_uniform_d18,Sparse Uniform,True,NVIDIA GeForce RTX 4090,12.1,0,50,200,10,300000,300000,5400000,128,18.0,0.0,18,SEGMENT_HYBRID_TF32,1.388192,91.812497,1.502586,93.315082,2.256794,2.697608,1.867412,1.874333,1.625707,0.028909,1.345212,0.020086,0.94124,1.53641,0.678033,0.016465,True,False,False,0.004864215850830078,0.04242640687119285,
synth_sparse_uniform_d18,Sparse Uniform,True,NVIDIA GeForce RTX 4090,12.1,0,50,200,10,300000,300000,5400000,128,18.0,0.0,18,CUSPARSE,2.256794,0.416129,2.281478,2.697608,2.256794,2.697608,1.867412,1.874333,1.0,1.0,0.827463,0.694813,0.94124,1.53641,,,True,False,False,0.0,0.0,
synth_sparse_uniform_d18,Sparse Uniform,True,NVIDIA GeForce RTX 4090,12.1,0,50,200,10,300000,300000,5400000,256,18.0,0.0,18,CSR_DIRECT,5.022459,0.0,5.031296,5.031296,4.494735,4.928956,5.022459,5.031296,0.894927,0.979659,1.0,1.0,1.899622,2.892778,,,True,False,False,2.86102294921875e-06,0.004242640687119285,
synth_sparse_uniform_d18,Sparse Uniform,True,NVIDIA GeForce RTX 4090,12.1,0,50,200,10,300000,300000,5400000,256,18.0,0.0,18,RODE_ENHANCED,5.027041,4.085163,5.055427,9.14059,4.494735,4.928956,5.022459,5.031296,0.894111,0.539238,0.999088,0.550435,1.899622,2.892778,,,True,False,False,2.86102294921875e-06,0.004242640687119285,
synth_sparse_uniform_d18,Sparse Uniform,True,NVIDIA GeForce RTX 4090,12.1,0,50,200,10,300000,300000,5400000,256,18.0,0.0,18,ZERO_OVERHEAD_CSR,5.024379,1.322998,5.055254,6.378252,4.494735,4.928956,5.022459,5.031296,0.894585,0.772775,0.999618,0.78882,1.899622,2.892778,,,True,False,False,2.86102294921875e-06,0.004242640687119285,
synth_sparse_uniform_d18,Sparse Uniform,True,NVIDIA GeForce RTX 4090,12.1,0,50,200,10,300000,300000,5400000,256,18.0,0.0,18,TC_DIRECT,1.713408,94.748876,2.012138,96.761014,4.494735,4.928956,5.022459,5.031296,2.623272,0.050939,2.931268,0.051997,1.899622,2.892778,1.108681,0.029896,True,False,False,0.005670428276062012,0.04242640687119285,
synth_sparse_uniform_d18,Sparse Uniform,True,NVIDIA GeForce RTX 4090,12.1,0,50,200,10,300000,300000,5400000,256,18.0,0.0,18,COMMUNITY_TC,2.007757,150.036629,2.163776,152.200404,4.494735,4.928956,5.022459,5.031296,2.238685,0.032385,2.501527,0.033057,1.899622,2.892778,0.946142,0.019006,True,False,False,0.005670309066772461,0.04242640687119285,
synth_sparse_uniform_d18,Sparse Uniform,True,NVIDIA GeForce RTX 4090,12.1,0,50,200,10,300000,300000,5400000,256,18.0,0.0,18,SEGMENT_HYBRID,2.008837,89.75382,2.12671,91.88053,4.494735,4.928956,5.022459,5.031296,2.237481,0.053645,2.500182,0.054759,1.899622,2.892778,0.945633,0.031484,True,False,False,0.005670428276062012,0.04242640687119285,
synth_sparse_uniform_d18,Sparse Uniform,True,NVIDIA GeForce RTX 4090,12.1,0,50,200,10,300000,300000,5400000,256,18.0,0.0,18,TC_DIRECT_TF32,2.399601,87.283313,2.512058,89.795371,4.494735,4.928956,5.022459,5.031296,1.873118,0.054891,2.093039,0.056031,1.899622,2.892778,0.791641,0.032215,True,False,False,0.005670428276062012,0.04242640687119285,
synth_sparse_uniform_d18,Sparse Uniform,True,NVIDIA GeForce RTX 4090,12.1,0,50,200,10,300000,300000,5400000,256,18.0,0.0,18,COMMUNITY_TC_TF32,2.615567,138.180158,2.741667,140.921825,4.494735,4.928956,5.022459,5.031296,1.718455,0.034977,1.920218,0.035703,1.899622,2.892778,0.726275,0.020528,True,False,False,0.005670428276062012,0.04242640687119285,
synth_sparse_uniform_d18,Sparse Uniform,True,NVIDIA GeForce RTX 4090,12.1,0,50,200,10,300000,300000,5400000,256,18.0,0.0,18,SEGMENT_HYBRID_TF32,2.759332,90.801671,2.874768,93.676439,4.494735,4.928956,5.022459,5.031296,1.628922,0.052617,1.820172,0.053709,1.899622,2.892778,0.688436,0.030881,True,False,False,0.005670428276062012,0.04242640687119285,
synth_sparse_uniform_d18,Sparse Uniform,True,NVIDIA GeForce RTX 4090,12.1,0,50,200,10,300000,300000,5400000,256,18.0,0.0,18,CUSPARSE,4.494735,0.417289,4.511667,4.928956,4.494735,4.928956,5.022459,5.031296,1.0,1.0,1.117409,1.020763,1.899622,2.892778,,,True,False,False,0.0,0.0,
synth_sparse_uniform_d18,Sparse Uniform,True,NVIDIA GeForce RTX 4090,12.1,0,50,200,10,300000,300000,5400000,512,18.0,0.0,18,CSR_DIRECT,11.322952,0.0,11.338637,11.338637,8.966722,9.679537,11.322952,11.338637,0.791907,0.853677,1.0,1.0,3.784085,5.497365,,,True,False,False,3.814697265625e-06,0.004242640687119285,
synth_sparse_uniform_d18,Sparse Uniform,True,NVIDIA GeForce RTX 4090,12.1,0,50,200,10,300000,300000,5400000,512,18.0,0.0,18,RODE_ENHANCED,11.358945,3.837608,11.39329,15.230898,8.966722,9.679537,11.322952,11.338637,0.789397,0.63552,0.996831,0.74445,3.784085,5.497365,,,True,False,False,3.814697265625e-06,0.004242640687119285,
synth_sparse_uniform_d18,Sparse Uniform,True,NVIDIA GeForce RTX 4090,12.1,0,50,200,10,300000,300000,5400000,512,18.0,0.0,18,ZERO_OVERHEAD_CSR,11.344537,1.318658,11.374995,12.693654,8.966722,9.679537,11.322952,11.338637,0.7904,0.762549,0.998097,0.893252,3.784085,5.497365,,,True,False,False,3.814697265625e-06,0.004242640687119285,
synth_sparse_uniform_d18,Sparse Uniform,True,NVIDIA GeForce RTX 4090,12.1,0,50,200,10,300000,300000,5400000,512,18.0,0.0,18,TC_DIRECT,4.337198,93.570724,4.647498,98.218222,8.966722,9.679537,11.322952,11.338637,2.0674,0.098551,2.610661,0.115443,3.784085,5.497365,0.872472,0.055971,True,False,False,0.005405426025390625,0.04242640687119285,
synth_sparse_uniform_d18,Sparse Uniform,True,NVIDIA GeForce RTX 4090,12.1,0,50,200,10,300000,300000,5400000,512,18.0,0.0,18,COMMUNITY_TC,4.734326,139.419383,4.946685,144.366068,8.966722,9.679537,11.322952,11.338637,1.893981,0.067049,2.391671,0.078541,3.784085,5.497365,0.799287,0.038079,True,False,False,0.0054051876068115234,0.04242640687119285,
synth_sparse_uniform_d18,Sparse Uniform,True,NVIDIA GeForce RTX 4090,12.1,0,50,200,10,300000,300000,5400000,512,18.0,0.0,18,SEGMENT_HYBRID,4.220821,94.27734,4.34224,98.61958,8.966722,9.679537,11.322952,11.338637,2.124403,0.09815,2.682642,0.114973,3.784085,5.497365,0.896528,0.055743,True,False,False,0.005405426025390625,0.04242640687119285,
synth_sparse_uniform_d18,Sparse Uniform,True,NVIDIA GeForce RTX 4090,12.1,0,50,200,10,300000,300000,5400000,512,18.0,0.0,18,TC_DIRECT_TF32,4.840822,93.4119,4.953498,98.365398,8.966722,9.679537,11.322952,11.338637,1.852314,0.098404,2.339056,0.115271,3.784085,5.497365,0.781703,0.055887,True,False,False,0.0054051876068115234,0.04242640687119285,
synth_sparse_uniform_d18,Sparse Uniform,True,NVIDIA GeForce RTX 4090,12.1,0,50,200,10,300000,300000,5400000,512,18.0,0.0,18,COMMUNITY_TC_TF32,5.236659,143.173176,5.366013,148.539189,8.966722,9.679537,11.322952,11.338637,1.712298,0.065165,2.162247,0.076334,3.784085,5.497365,0.722614,0.03701,True,False,False,0.0054051876068115234,0.04242640687119285,
synth_sparse_uniform_d18,Sparse Uniform,True,NVIDIA GeForce RTX 4090,12.1,0,50,200,10,300000,300000,5400000,512,18.0,0.0,18,SEGMENT_HYBRID_TF32,5.52342,95.311879,5.633523,100.945402,8.966722,9.679537,11.322952,11.338637,1.6234,0.095889,2.049989,0.112324,3.784085,5.497365,0.685098,0.054459,True,False,False,0.0054051876068115234,0.04242640687119285,
synth_sparse_uniform_d18,Sparse Uniform,True,NVIDIA GeForce RTX 4090,12.1,0,50,200,10,300000,300000,5400000,512,18.0,0.0,18,CUSPARSE,8.966722,0.67018,9.009356,9.679537,8.966722,9.679537,11.322952,11.338637,1.0,1.0,1.262775,1.171403,3.784085,5.497365,,,True,False,False,0.0,0.0,
synth_sparse_uniform_d3,Sparse Uniform,True,NVIDIA GeForce RTX 4090,12.1,0,50,200,10,300000,300000,900000,64,3.0,0.0,3,CSR_DIRECT,0.231296,0.0,0.236845,0.236845,0.33558,0.77558,0.231296,0.236845,1.450869,3.274634,1.0,1.0,0.244454,0.669677,,,True,False,False,0.0,0.0017320508075688772,
synth_sparse_uniform_d3,Sparse Uniform,True,NVIDIA GeForce RTX 4090,12.1,0,50,200,10,300000,300000,900000,64,3.0,0.0,3,RODE_ENHANCED,0.232218,5.900415,0.258074,6.158489,0.33558,0.77558,0.231296,0.236845,1.445111,0.125937,0.996031,0.038458,0.244454,0.669677,,,True,False,False,0.0,0.0017320508075688772,
synth_sparse_uniform_d3,Sparse Uniform,True,NVIDIA GeForce RTX 4090,12.1,0,50,200,10,300000,300000,900000,64,3.0,0.0,3,ZERO_OVERHEAD_CSR,0.232079,1.172772,0.251622,1.424394,0.33558,0.77558,0.231296,0.236845,1.445972,0.544498,0.996625,0.166278,0.244454,0.669677,,,True,False,False,0.0,0.0017320508075688772,
synth_sparse_uniform_d3,Sparse Uniform,True,NVIDIA GeForce RTX 4090,12.1,0,50,200,10,300000,300000,900000,64,3.0,0.0,3,TC_DIRECT,0.262385,16.659327,0.476998,17.136326,0.33558,0.77558,0.231296,0.236845,1.278963,0.045259,0.881515,0.013821,0.244454,0.669677,0.931664,0.039079,True,False,False,0.003020763397216797,0.017320508075688773,
synth_sparse_uniform_d3,Sparse Uniform,True,NVIDIA GeForce RTX 4090,12.1,0,50,200,10,300000,300000,900000,64,3.0,0.0,3,COMMUNITY_TC,0.337198,40.419114,0.575674,40.994788,0.33558,0.77558,0.231296,0.236845,0.995202,0.018919,0.685935,0.005777,0.244454,0.669677,0.724958,0.016336,True,False,False,0.003020763397216797,0.017320508075688773,
synth_sparse_uniform_d3,Sparse Uniform,True,NVIDIA GeForce RTX 4090,12.1,0,50,200,10,300000,300000,900000,64,3.0,0.0,3,SEGMENT_HYBRID,0.351278,17.457786,0.534902,17.992688,0.33558,0.77558,0.231296,0.236845,0.955312,0.043105,0.658441,0.013163,0.244454,0.669677,0.6959,0.037219,True,False,False,0.003020763397216797,0.017320508075688773,
synth_sparse_uniform_d3,Sparse Uniform,True,NVIDIA GeForce RTX 4090,12.1,0,50,200,10,300000,300000,900000,64,3.0,0.0,3,TC_DIRECT_TF32,0.231429,17.246062,0.267146,17.513208,0.33558,0.77558,0.231296,0.236845,1.450034,0.044285,0.999425,0.013524,0.244454,0.669677,1.056282,0.038238,True,False,False,0.003020763397216797,0.017320508075688773,
synth_sparse_uniform_d3,Sparse Uniform,True,NVIDIA GeForce RTX 4090,12.1,0,50,200,10,300000,300000,900000,64,3.0,0.0,3,COMMUNITY_TC_TF32,0.285384,38.925766,0.361478,39.287244,0.33558,0.77558,0.231296,0.236845,1.175891,0.019741,0.810474,0.006029,0.244454,0.669677,0.856582,0.017046,True,False,False,0.003020763397216797,0.017320508075688773,
synth_sparse_uniform_d3,Sparse Uniform,True,NVIDIA GeForce RTX 4090,12.1,0,50,200,10,300000,300000,900000,64,3.0,0.0,3,SEGMENT_HYBRID_TF32,0.34132,17.268799,0.390122,17.658921,0.33558,0.77558,0.231296,0.236845,0.983184,0.04392,0.677652,0.013412,0.244454,0.669677,0.716204,0.037923,True,False,False,0.003020763397216797,0.017320508075688773,
synth_sparse_uniform_d3,Sparse Uniform,True,NVIDIA GeForce RTX 4090,12.1,0,50,200,10,300000,300000,900000,64,3.0,0.0,3,CUSPARSE,0.33558,0.417487,0.358093,0.77558,0.33558,0.77558,0.231296,0.236845,1.0,1.0,0.689242,0.305378,0.244454,0.669677,,,True,False,False,0.0,0.0,
synth_sparse_uniform_d3,Sparse Uniform,True,NVIDIA GeForce RTX 4090,12.1,0,50,200,10,300000,300000,900000,128,3.0,0.0,3,CSR_DIRECT,0.546314,0.0,0.551408,0.551408,0.737684,1.186747,0.546314,0.551408,1.350293,2.152212,1.0,1.0,0.52011,0.972879,,,True,False,False,0.0,0.0017320508075688772,
synth_sparse_uniform_d3,Sparse Uniform,True,NVIDIA GeForce RTX 4090,12.1,0,50,200,10,300000,300000,900000,128,3.0,0.0,3,RODE_ENHANCED,0.547727,5.814928,0.57121,6.386138,0.737684,1.186747,0.546314,0.551408,1.34681,0.185832,0.99742,0.086345,0.52011,0.972879,,,True,False,False,0.0,0.0017320508075688772,
synth_sparse_uniform_d3,Sparse Uniform,True,NVIDIA GeForce RTX 4090,12.1,0,50,200,10,300000,300000,900000,128,3.0,0.0,3,ZERO_OVERHEAD_CSR,0.547108,1.24279,0.566582,1.809372,0.737684,1.186747,0.546314,0.551408,1.348335,0.655889,0.998549,0.304751,0.52011,0.972879,,,True,False,False,0.0,0.0017320508075688772,
synth_sparse_uniform_d3,Sparse Uniform,True,NVIDIA GeForce RTX 4090,12.1,0,50,200,10,300000,300000,900000,128,3.0,0.0,3,TC_DIRECT,0.588411,17.440709,0.818573,18.259282,0.737684,1.186747,0.546314,0.551408,1.253689,0.064994,0.928457,0.030199,0.52011,0.972879,0.883923,0.053281,True,False,False,0.003229856491088867,0.017320508075688773,
synth_sparse_uniform_d3,Sparse Uniform,True,NVIDIA GeForce RTX 4090,12.1,0,50,200,10,300000,300000,900000,128,3.0,0.0,3,COMMUNITY_TC,0.733885,39.9152,0.876733,40.791933,0.737684,1.186747,0.546314,0.551408,1.005177,0.029093,0.744414,0.013518,0.52011,0.972879,0.708707,0.02385,True,False,False,0.003229856491088867,0.017320508075688773,
synth_sparse_uniform_d3,Sparse Uniform,True,NVIDIA GeForce RTX 4090,12.1,0,50,200,10,300000,300000,900000,128,3.0,0.0,3,SEGMENT_HYBRID,0.73259,17.30376,0.946118,18.249878,0.737684,1.186747,0.546314,0.551408,1.006954,0.065028,0.74573,0.030214,0.52011,0.972879,0.709961,0.053309,True,False,False,0.003229856491088867,0.017320508075688773,
synth_sparse_uniform_d3,Sparse Uniform,True,NVIDIA GeForce RTX 4090,12.1,0,50,200,10,300000,300000,900000,128,3.0,0.0,3,TC_DIRECT_TF32,0.495473,17.472111,0.528982,18.001093,0.737684,1.186747,0.546314,0.551408,1.48885,0.065926,1.102612,0.030632,0.52011,0.972879,1.049725,0.054046,True,False,False,0.003229856491088867,0.017320508075688773,
synth_sparse_uniform_d3,Sparse Uniform,True,NVIDIA GeForce RTX 4090,12.1,0,50,200,10,300000,300000,900000,128,3.0,0.0,3,COMMUNITY_TC_TF32,0.615188,40.813537,0.690986,41.504523,0.737684,1.186747,0.546314,0.551408,1.199119,0.028593,0.888044,0.013285,0.52011,0.972879,0.845448,0.02344,True,False,False,0.003229856491088867,0.017320508075688773,
synth_sparse_uniform_d3,Sparse Uniform,True,NVIDIA GeForce RTX 4090,12.1,0,50,200,10,300000,300000,900000,128,3.0,0.0,3,SEGMENT_HYBRID_TF32,0.665405,17.350911,0.712179,18.06309,0.737684,1.186747,0.546314,0.551408,1.108624,0.0657,0.821025,0.030527,0.52011,0.972879,0.781644,0.05386,True,False,False,0.003229856491088867,0.017320508075688773,
synth_sparse_uniform_d3,Sparse Uniform,True,NVIDIA GeForce RTX 4090,12.1,0,50,200,10,300000,300000,900000,128,3.0,0.0,3,CUSPARSE,0.737684,0.424187,0.76256,1.186747,0.737684,1.186747,0.546314,0.551408,1.0,1.0,0.74058,0.464638,0.52011,0.972879,,,True,False,False,0.0,0.0,
synth_sparse_uniform_d3,Sparse Uniform,True,NVIDIA GeForce RTX 4090,12.1,0,50,200,10,300000,300000,900000,256,3.0,0.0,3,CSR_DIRECT,1.188296,0.0,1.194886,1.194886,1.482685,1.901929,1.188296,1.194886,1.247741,1.591723,1.0,1.0,1.060163,1.909178,,,True,False,False,0.0,0.0017320508075688772,
synth_sparse_uniform_d3,Sparse Uniform,True,NVIDIA GeForce RTX 4090,12.1,0,50,200,10,300000,300000,900000,256,3.0,0.0,3,RODE_ENHANCED,1.192832,3.944016,1.213786,5.157801,1.482685,1.901929,1.188296,1.194886,1.242996,0.368748,0.996197,0.231666,1.060163,1.909178,,,True,False,False,0.0,0.0017320508075688772,
synth_sparse_uniform_d3,Sparse Uniform,True,NVIDIA GeForce RTX 4090,12.1,0,50,200,10,300000,300000,900000,256,3.0,0.0,3,ZERO_OVERHEAD_CSR,1.191071,1.150974,1.214467,2.365441,1.482685,1.901929,1.188296,1.194886,1.244834,0.804048,0.99767,0.505143,1.060163,1.909178,,,True,False,False,0.0,0.0017320508075688772,
synth_sparse_uniform_d3,Sparse Uniform,True,NVIDIA GeForce RTX 4090,12.1,0,50,200,10,300000,300000,900000,256,3.0,0.0,3,TC_DIRECT,1.242399,17.207068,1.463091,18.670159,1.482685,1.901929,1.188296,1.194886,1.193405,0.10187,0.956453,0.064,1.060163,1.909178,0.853319,0.102258,True,False,False,0.0032029151916503906,0.017320508075688773,
synth_sparse_uniform_d3,Sparse Uniform,True,NVIDIA GeForce RTX 4090,12.1,0,50,200,10,300000,300000,900000,256,3.0,0.0,3,COMMUNITY_TC,1.52512,39.839353,1.592048,41.431401,1.482685,1.901929,1.188296,1.194886,0.972176,0.045905,0.779149,0.02884,1.060163,1.909178,0.695134,0.04608,True,False,False,0.0032029151916503906,0.017320508075688773,
synth_sparse_uniform_d3,Sparse Uniform,True,NVIDIA GeForce RTX 4090,12.1,0,50,200,10,300000,300000,900000,256,3.0,0.0,3,SEGMENT_HYBRID,1.537034,17.55229,1.651296,19.203586,1.482685,1.901929,1.188296,1.194886,0.96464,0.09904,0.773109,0.062222,1.060163,1.909178,0.689746,0.099418,True,False,False,0.0032029151916503906,0.017320508075688773,
synth_sparse_uniform_d3,Sparse Uniform,True,NVIDIA GeForce RTX 4090,12.1,0,50,200,10,300000,300000,900000,256,3.0,0.0,3,TC_DIRECT_TF32,1.00415,16.99597,1.037827,18.033797,1.482685,1.901929,1.188296,1.194886,1.476558,0.105465,1.183385,0.066258,1.060163,1.909178,1.055781,0.105867,True,False,False,0.0032029151916503906,0.017320508075688773,
synth_sparse_uniform_d3,Sparse Uniform,True,NVIDIA GeForce RTX 4090,12.1,0,50,200,10,300000,300000,900000,256,3.0,0.0,3,COMMUNITY_TC_TF32,1.248614,39.621621,1.312858,40.934478,1.482685,1.901929,1.188296,1.194886,1.187464,0.046463,0.951691,0.02919,1.060163,1.909178,0.849071,0.04664,True,False,False,0.0032029151916503906,0.017320508075688773,
synth_sparse_uniform_d3,Sparse Uniform,True,NVIDIA GeForce RTX 4090,12.1,0,50,200,10,300000,300000,900000,256,3.0,0.0,3,SEGMENT_HYBRID_TF32,1.32226,17.651863,1.367331,19.019194,1.482685,1.901929,1.188296,1.194886,1.121326,0.1,0.898685,0.062825,1.060163,1.909178,0.80178,0.100382,True,False,False,0.0032029151916503906,0.017320508075688773,
synth_sparse_uniform_d3,Sparse Uniform,True,NVIDIA GeForce RTX 4090,12.1,0,50,200,10,300000,300000,900000,256,3.0,0.0,3,CUSPARSE,1.482685,0.406089,1.49584,1.901929,1.482685,1.901929,1.188296,1.194886,1.0,1.0,0.801448,0.62825,1.060163,1.909178,,,True,False,False,0.0,0.0,
synth_sparse_uniform_d3,Sparse Uniform,True,NVIDIA GeForce RTX 4090,12.1,0,50,200,10,300000,300000,900000,512,3.0,0.0,3,CSR_DIRECT,2.471834,0.0,2.479373,2.479373,2.955013,3.614194,2.471834,2.479373,1.195474,1.457705,1.0,1.0,2.134369,3.792453,,,True,False,False,0.0,0.0017320508075688772,
synth_sparse_uniform_d3,Sparse Uniform,True,NVIDIA GeForce RTX 4090,12.1,0,50,200,10,300000,300000,900000,512,3.0,0.0,3,RODE_ENHANCED,2.477,3.945762,2.500806,6.446568,2.955013,3.614194,2.471834,2.479373,1.192981,0.560638,0.997914,0.384604,2.134369,3.792453,,,True,False,False,0.0,0.0017320508075688772,
synth_sparse_uniform_d3,Sparse Uniform,True,NVIDIA GeForce RTX 4090,12.1,0,50,200,10,300000,300000,900000,512,3.0,0.0,3,ZERO_OVERHEAD_CSR,2.472965,1.207962,2.496349,3.704311,2.955013,3.614194,2.471834,2.479373,1.194927,0.975673,0.999542,0.669321,2.134369,3.792453,,,True,False,False,0.0,0.0017320508075688772,
synth_sparse_uniform_d3,Sparse Uniform,True,NVIDIA GeForce RTX 4090,12.1,0,50,200,10,300000,300000,900000,512,3.0,0.0,3,TC_DIRECT,2.503788,17.737227,2.763264,20.50049,2.955013,3.614194,2.471834,2.479373,1.180217,0.176298,0.987238,0.120942,2.134369,3.792453,0.852456,0.184993,True,False,False,0.0036253929138183594,0.017320508075688773,
synth_sparse_uniform_d3,Sparse Uniform,True,NVIDIA GeForce RTX 4090,12.1,0,50,200,10,300000,300000,900000,512,3.0,0.0,3,COMMUNITY_TC,3.076582,43.103034,3.140586,46.24362,2.955013,3.614194,2.471834,2.479373,0.960486,0.078156,0.803435,0.053615,2.134369,3.792453,0.693747,0.08201,True,False,False,0.0036253929138183594,0.017320508075688773,
synth_sparse_uniform_d3,Sparse Uniform,True,NVIDIA GeForce RTX 4090,12.1,0,50,200,10,300000,300000,900000,512,3.0,0.0,3,SEGMENT_HYBRID,3.112643,17.884484,3.202026,21.08651,2.955013,3.614194,2.471834,2.479373,0.949358,0.171398,0.794127,0.117581,2.134369,3.792453,0.68571,0.179852,True,False,False,0.0036253929138183594,0.017320508075688773,
synth_sparse_uniform_d3,Sparse Uniform,True,NVIDIA GeForce RTX 4090,12.1,0,50,200,10,300000,300000,900000,512,3.0,0.0,3,TC_DIRECT_TF32,2.011971,17.803691,2.04025,19.843941,2.955013,3.614194,2.471834,2.479373,1.468716,0.182131,1.228564,0.124944,2.134369,3.792453,1.060835,0.191114,True,False,False,0.0036253929138183594,0.017320508075688773,
synth_sparse_uniform_d3,Sparse Uniform,True,NVIDIA GeForce RTX 4090,12.1,0,50,200,10,300000,300000,900000,512,3.0,0.0,3,COMMUNITY_TC_TF32,2.495524,42.324951,2.567277,44.892228,2.955013,3.614194,2.471834,2.479373,1.184125,0.080508,0.990507,0.055229,2.134369,3.792453,0.855279,0.084479,True,False,False,0.0036253929138183594,0.017320508075688773,
synth_sparse_uniform_d3,Sparse Uniform,True,NVIDIA GeForce RTX 4090,12.1,0,50,200,10,300000,300000,900000,512,3.0,0.0,3,SEGMENT_HYBRID_TF32,2.632888,23.464808,2.696192,26.161,2.955013,3.614194,2.471834,2.479373,1.122347,0.138152,0.93883,0.094774,2.134369,3.792453,0.810657,0.144966,True,False,False,0.0036253929138183594,0.017320508075688773,
synth_sparse_uniform_d3,Sparse Uniform,True,NVIDIA GeForce RTX 4090,12.1,0,50,200,10,300000,300000,900000,512,3.0,0.0,3,CUSPARSE,2.955013,0.625957,2.988237,3.614194,2.955013,3.614194,2.471834,2.479373,1.0,1.0,0.836488,0.68601,2.134369,3.792453,,,True,False,False,0.0,0.0,
synth_sparse_uniform_d5,Sparse Uniform,True,NVIDIA GeForce RTX 4090,12.1,0,50,200,10,300000,300000,1500000,64,5.0,0.0,5,CSR_DIRECT,0.263588,0.0,0.272781,0.272781,0.403507,0.827319,0.263588,0.272781,1.530826,3.032907,1.0,1.0,0.257848,0.683758,,,True,False,False,9.5367431640625e-07,0.00223606797749979,
synth_sparse_uniform_d5,Sparse Uniform,True,NVIDIA GeForce RTX 4090,12.1,0,50,200,10,300000,300000,1500000,64,5.0,0.0,5,RODE_ENHANCED,0.266988,3.611372,0.289786,3.901158,0.403507,0.827319,0.263588,0.272781,1.511334,0.21207,0.987267,0.069923,0.257848,0.683758,,,True,False,False,9.5367431640625e-07,0.00223606797749979,
synth_sparse_uniform_d5,Sparse Uniform,True,NVIDIA GeForce RTX 4090,12.1,0,50,200,10,300000,300000,1500000,64,5.0,0.0,5,ZERO_OVERHEAD_CSR,0.265185,1.09265,0.286515,1.379165,0.403507,0.827319,0.263588,0.272781,1.521605,0.599869,0.993976,0.197787,0.257848,0.683758,,,True,False,False,9.5367431640625e-07,0.00223606797749979,
synth_sparse_uniform_d5,Sparse Uniform,True,NVIDIA GeForce RTX 4090,12.1,0,50,200,10,300000,300000,1500000,64,5.0,0.0,5,TC_DIRECT,0.276291,24.977248,0.528074,25.505321,0.403507,0.827319,0.263588,0.272781,1.460445,0.032437,0.954024,0.010695,0.257848,0.683758,0.933249,0.026808,True,False,False,0.003940582275390625,0.0223606797749979,
synth_sparse_uniform_d5,Sparse Uniform,True,NVIDIA GeForce RTX 4090,12.1,0,50,200,10,300000,300000,1500000,64,5.0,0.0,5,COMMUNITY_TC,0.354161,50.435768,0.628202,51.06397,0.403507,0.827319,0.263588,0.272781,1.139334,0.016202,0.744261,0.005342,0.257848,0.683758,0.728054,0.01339,True,False,False,0.003940582275390625,0.0223606797749979,
synth_sparse_uniform_d5,Sparse Uniform,True,NVIDIA GeForce RTX 4090,12.1,0,50,200,10,300000,300000,1500000,64,5.0,0.0,5,SEGMENT_HYBRID,0.35606,25.135841,0.566688,25.702529,0.403507,0.827319,0.263588,0.272781,1.133257,0.032188,0.740291,0.010613,0.257848,0.683758,0.72417,0.026603,True,False,False,0.003940582275390625,0.0223606797749979,
synth_sparse_uniform_d5,Sparse Uniform,True,NVIDIA GeForce RTX 4090,12.1,0,50,200,10,300000,300000,1500000,64,5.0,0.0,5,TC_DIRECT_TF32,0.274237,25.02119,0.345437,25.366627,0.403507,0.827319,0.263588,0.272781,1.471379,0.032614,0.961166,0.010754,0.257848,0.683758,0.940236,0.026955,True,False,False,0.003940582275390625,0.0223606797749979,
synth_sparse_uniform_d5,Sparse Uniform,True,NVIDIA GeForce RTX 4090,12.1,0,50,200,10,300000,300000,1500000,64,5.0,0.0,5,COMMUNITY_TC_TF32,0.354606,48.994226,0.470618,49.464844,0.403507,0.827319,0.263588,0.272781,1.137904,0.016725,0.743326,0.005515,0.257848,0.683758,0.72714,0.013823,True,False,False,0.003940582275390625,0.0223606797749979,
synth_sparse_uniform_d5,Sparse Uniform,True,NVIDIA GeForce RTX 4090,12.1,0,50,200,10,300000,300000,1500000,64,5.0,0.0,5,SEGMENT_HYBRID_TF32,0.402181,28.16905,0.496038,28.665088,0.403507,0.827319,0.263588,0.272781,1.003297,0.028862,0.655396,0.009516,0.257848,0.683758,0.641124,0.023853,True,False,False,0.003940582275390625,0.0223606797749979,
synth_sparse_uniform_d5,Sparse Uniform,True,NVIDIA GeForce RTX 4090,12.1,0,50,200,10,300000,300000,1500000,64,5.0,0.0,5,CUSPARSE,0.403507,0.39497,0.432349,0.827319,0.403507,0.827319,0.263588,0.272781,1.0,1.0,0.653242,0.329717,0.257848,0.683758,,,True,False,False,0.0,0.0,
synth_sparse_uniform_d5,Sparse Uniform,True,NVIDIA GeForce RTX 4090,12.1,0,50,200,10,300000,300000,1500000,128,5.0,0.0,5,CSR_DIRECT,0.696059,0.0,0.701626,0.701626,0.93378,1.360055,0.696059,0.701626,1.341525,1.938434,1.0,1.0,0.596598,1.054646,,,True,False,False,9.5367431640625e-07,0.00223606797749979,
synth_sparse_uniform_d5,Sparse Uniform,True,NVIDIA GeForce RTX 4090,12.1,0,50,200,10,300000,300000,1500000,128,5.0,0.0,5,RODE_ENHANCED,0.699674,4.307388,0.731274,5.038662,0.93378,1.360055,0.696059,0.701626,1.334594,0.269924,0.994834,0.139248,0.596598,1.054646,,,True,False,False,9.5367431640625e-07,0.00223606797749979,
synth_sparse_uniform_d5,Sparse Uniform,True,NVIDIA GeForce RTX 4090,12.1,0,50,200,10,300000,300000,1500000,128,5.0,0.0,5,ZERO_OVERHEAD_CSR,0.697984,1.109158,0.719389,1.828547,0.93378,1.360055,0.696059,0.701626,1.337825,0.74379,0.997242,0.383707,0.596598,1.054646,,,True,False,False,9.5367431640625e-07,0.00223606797749979,
synth_sparse_uniform_d5,Sparse Uniform,True,NVIDIA GeForce RTX 4090,12.1,0,50,200,10,300000,300000,1500000,128,5.0,0.0,5,TC_DIRECT,0.635443,25.879214,1.016522,26.895736,0.93378,1.360055,0.696059,0.701626,1.469495,0.050568,1.095391,0.026087,0.596598,1.054646,0.938869,0.039212,True,False,False,0.0037980079650878906,0.0223606797749979,
synth_sparse_uniform_d5,Sparse Uniform,True,NVIDIA GeForce RTX 4090,12.1,0,50,200,10,300000,300000,1500000,128,5.0,0.0,5,COMMUNITY_TC,0.783176,49.701379,1.007389,50.708767,0.93378,1.360055,0.696059,0.701626,1.1923,0.026821,0.888765,0.013836,0.596598,1.054646,0.761767,0.020798,True,False,False,0.0037980079650878906,0.0223606797749979,
synth_sparse_uniform_d5,Sparse Uniform,True,NVIDIA GeForce RTX 4090,12.1,0,50,200,10,300000,300000,1500000,128,5.0,0.0,5,SEGMENT_HYBRID,0.779858,25.667072,1.011779,26.678852,0.93378,1.360055,0.696059,0.701626,1.197373,0.050979,0.892546,0.026299,0.596598,1.054646,0.765008,0.039531,True,False,False,0.0037980079650878906,0.0223606797749979,
synth_sparse_uniform_d5,Sparse Uniform,True,NVIDIA GeForce RTX 4090,12.1,0,50,200,10,300000,300000,1500000,128,5.0,0.0,5,TC_DIRECT_TF32,0.594724,25.545781,0.658637,26.204417,0.93378,1.360055,0.696059,0.701626,1.570108,0.051902,1.17039,0.026775,0.596598,1.054646,1.003151,0.040247,True,False,False,0.0037980079650878906,0.0223606797749979,
synth_sparse_uniform_d5,Sparse Uniform,True,NVIDIA GeForce RTX 4090,12.1,0,50,200,10,300000,300000,1500000,128,5.0,0.0,5,COMMUNITY_TC_TF32,0.728617,50.569048,0.83872,51.407768,0.93378,1.360055,0.696059,0.701626,1.281579,0.026456,0.955315,0.013648,0.596598,1.054646,0.818808,0.020515,True,False,False,0.0037980079650878906,0.0223606797749979,
synth_sparse_uniform_d5,Sparse Uniform,True,NVIDIA GeForce RTX 4090,12.1,0,50,200,10,300000,300000,1500000,128,5.0,0.0,5,SEGMENT_HYBRID_TF32,0.778798,25.782579,0.849952,26.632531,0.93378,1.360055,0.696059,0.701626,1.199002,0.051067,0.89376,0.026345,0.596598,1.054646,0.766049,0.0396,True,False,False,0.0037980079650878906,0.0223606797749979,
synth_sparse_uniform_d5,Sparse Uniform,True,NVIDIA GeForce RTX 4090,12.1,0,50,200,10,300000,300000,1500000,128,5.0,0.0,5,CUSPARSE,0.93378,0.400941,0.959114,1.360055,0.93378,1.360055,0.696059,0.701626,1.0,1.0,0.74542,0.51588,0.596598,1.054646,,,True,False,False,0.0,0.0,
synth_sparse_uniform_d5,Sparse Uniform,True,NVIDIA GeForce RTX 4090,12.1,0,50,200,10,300000,300000,1500000,256,5.0,0.0,5,CSR_DIRECT,1.67894,0.0,1.685318,1.685318,1.865836,2.367962,1.67894,1.685318,1.111318,1.405053,1.0,1.0,1.205919,2.054956,,,True,False,False,9.5367431640625e-07,0.00223606797749979,
synth_sparse_uniform_d5,Sparse Uniform,True,NVIDIA GeForce RTX 4090,12.1,0,50,200,10,300000,300000,1500000,256,5.0,0.0,5,RODE_ENHANCED,1.681065,3.67381,1.712947,5.386757,1.865836,2.367962,1.67894,1.685318,1.109913,0.43959,0.998736,0.312863,1.205919,2.054956,,,True,False,False,9.5367431640625e-07,0.00223606797749979,
synth_sparse_uniform_d5,Sparse Uniform,True,NVIDIA GeForce RTX 4090,12.1,0,50,200,10,300000,300000,1500000,256,5.0,0.0,5,ZERO_OVERHEAD_CSR,1.68064,1.027399,1.704358,2.731757,1.865836,2.367962,1.67894,1.685318,1.110193,0.866828,0.998989,0.616936,1.205919,2.054956,,,True,False,False,9.5367431640625e-07,0.00223606797749979,
synth_sparse_uniform_d5,Sparse Uniform,True,NVIDIA GeForce RTX 4090,12.1,0,50,200,10,300000,300000,1500000,256,5.0,0.0,5,TC_DIRECT,1.353093,26.123323,1.586243,27.709566,1.865836,2.367962,1.67894,1.685318,1.378941,0.085456,1.240816,0.060821,1.205919,2.054956,0.891231,0.074161,True,False,False,0.00388336181640625,0.0223606797749979,
synth_sparse_uniform_d5,Sparse Uniform,True,NVIDIA GeForce RTX 4090,12.1,0,50,200,10,300000,300000,1500000,256,5.0,0.0,5,COMMUNITY_TC,1.6382,52.594031,1.731875,54.325906,1.865836,2.367962,1.67894,1.685318,1.138954,0.043588,1.024869,0.031022,1.205919,2.054956,0.736124,0.037826,True,False,False,0.00388336181640625,0.0223606797749979,
synth_sparse_uniform_d5,Sparse Uniform,True,NVIDIA GeForce RTX 4090,12.1,0,50,200,10,300000,300000,1500000,256,5.0,0.0,5,SEGMENT_HYBRID,1.653939,26.046672,1.795264,27.841936,1.865836,2.367962,1.67894,1.685318,1.128116,0.08505,1.015116,0.060532,1.205919,2.054956,0.729119,0.073808,True,False,False,0.00388336181640625,0.0223606797749979,
synth_sparse_uniform_d5,Sparse Uniform,True,NVIDIA GeForce RTX 4090,12.1,0,50,200,10,300000,300000,1500000,256,5.0,0.0,5,TC_DIRECT_TF32,1.204833,25.575862,1.271802,26.847663,1.865836,2.367962,1.67894,1.685318,1.548625,0.0882,1.393504,0.062773,1.205919,2.054956,1.000901,0.076541,True,False,False,0.00388336181640625,0.0223606797749979,
synth_sparse_uniform_d5,Sparse Uniform,True,NVIDIA GeForce RTX 4090,12.1,0,50,200,10,300000,300000,1500000,256,5.0,0.0,5,COMMUNITY_TC_TF32,1.462359,50.90464,1.562483,52.467123,1.865836,2.367962,1.67894,1.685318,1.275908,0.045132,1.148104,0.032121,1.205919,2.054956,0.824639,0.039167,True,False,False,0.00388336181640625,0.0223606797749979,
synth_sparse_uniform_d5,Sparse Uniform,True,NVIDIA GeForce RTX 4090,12.1,0,50,200,10,300000,300000,1500000,256,5.0,0.0,5,SEGMENT_HYBRID_TF32,1.544888,27.433822,1.619347,29.053169,1.865836,2.367962,1.67894,1.685318,1.207748,0.081504,1.086771,0.058008,1.205919,2.054956,0.780586,0.070731,True,False,False,0.00388336181640625,0.0223606797749979,
synth_sparse_uniform_d5,Sparse Uniform,True,NVIDIA GeForce RTX 4090,12.1,0,50,200,10,300000,300000,1500000,256,5.0,0.0,5,CUSPARSE,1.865836,0.487514,1.880448,2.367962,1.865836,2.367962,1.67894,1.685318,1.0,1.0,0.899833,0.711717,1.205919,2.054956,,,True,False,False,0.0,0.0,
synth_sparse_uniform_d5,Sparse Uniform,True,NVIDIA GeForce RTX 4090,12.1,0,50,200,10,300000,300000,1500000,512,5.0,0.0,5,CSR_DIRECT,3.657979,0.0,3.664595,3.664595,3.723919,4.379636,3.657979,3.664595,1.018027,1.195121,1.0,1.0,2.401618,4.066273,,,True,False,False,9.5367431640625e-07,0.00223606797749979,
synth_sparse_uniform_d5,Sparse Uniform,True,NVIDIA GeForce RTX 4090,12.1,0,50,200,10,300000,300000,1500000,512,5.0,0.0,5,RODE_ENHANCED,3.661773,3.534745,3.691392,7.226137,3.723919,4.379636,3.657979,3.664595,1.016972,0.606083,0.998964,0.507131,2.401618,4.066273,,,True,False,False,9.5367431640625e-07,0.00223606797749979,
synth_sparse_uniform_d5,Sparse Uniform,True,NVIDIA GeForce RTX 4090,12.1,0,50,200,10,300000,300000,1500000,512,5.0,0.0,5,ZERO_OVERHEAD_CSR,3.659863,1.01369,3.683722,4.697412,3.723919,4.379636,3.657979,3.664595,1.017502,0.932351,0.999485,0.780131,2.401618,4.066273,,,True,False,False,9.5367431640625e-07,0.00223606797749979,
synth_sparse_uniform_d5,Sparse Uniform,True,NVIDIA GeForce RTX 4090,12.1,0,50,200,10,300000,300000,1500000,512,5.0,0.0,5,TC_DIRECT,2.717343,31.345387,2.994461,34.339848,3.723919,4.379636,3.657979,3.664595,1.370427,0.127538,1.34616,0.106716,2.401618,4.066273,0.883811,0.118413,True,False,False,0.004161953926086426,0.0223606797749979,
synth_sparse_uniform_d5,Sparse Uniform,True,NVIDIA GeForce RTX 4090,12.1,0,50,200,10,300000,300000,1500000,512,5.0,0.0,5,COMMUNITY_TC,3.311642,54.081805,3.395482,57.477287,3.723919,4.379636,3.657979,3.664595,1.124494,0.076198,1.104582,0.063757,2.401618,4.066273,0.725205,0.070746,True,False,False,0.004161953926086426,0.0223606797749979,
synth_sparse_uniform_d5,Sparse Uniform,True,NVIDIA GeForce RTX 4090,12.1,0,50,200,10,300000,300000,1500000,512,5.0,0.0,5,SEGMENT_HYBRID,3.332429,27.335504,3.395158,30.730662,3.723919,4.379636,3.657979,3.664595,1.117479,0.142517,1.097691,0.119249,2.401618,4.066273,0.720681,0.13232,True,False,False,0.004161953926086426,0.0223606797749979,
synth_sparse_uniform_d5,Sparse Uniform,True,NVIDIA GeForce RTX 4090,12.1,0,50,200,10,300000,300000,1500000,512,5.0,0.0,5,TC_DIRECT_TF32,2.431595,25.887024,2.494883,28.381907,3.723919,4.379636,3.657979,3.664595,1.531472,0.154311,1.504353,0.129117,2.401618,4.066273,0.987672,0.14327,True,False,False,0.004161953926086426,0.0223606797749979,
synth_sparse_uniform_d5,Sparse Uniform,True,NVIDIA GeForce RTX 4090,12.1,0,50,200,10,300000,300000,1500000,512,5.0,0.0,5,COMMUNITY_TC_TF32,2.92844,57.545767,3.032218,60.577985,3.723919,4.379636,3.657979,3.664595,1.271639,0.072297,1.249122,0.060494,2.401618,4.066273,0.820101,0.067125,True,False,False,0.004161953926086426,0.0223606797749979,
synth_sparse_uniform_d5,Sparse Uniform,True,NVIDIA GeForce RTX 4090,12.1,0,50,200,10,300000,300000,1500000,512,5.0,0.0,5,SEGMENT_HYBRID_TF32,3.082988,26.524875,3.152058,29.676932,3.723919,4.379636,3.657979,3.664595,1.207893,0.147577,1.186505,0.123483,2.401618,4.066273,0.77899,0.137018,True,False,False,0.004161953926086426,0.0223606797749979,
synth_sparse_uniform_d5,Sparse Uniform,True,NVIDIA GeForce RTX 4090,12.1,0,50,200,10,300000,300000,1500000,512,5.0,0.0,5,CUSPARSE,3.723919,0.618078,3.761559,4.379636,3.723919,4.379636,3.657979,3.664595,1.0,1.0,0.982293,0.836735,2.401618,4.066273,,,True,False,False,0.0,0.0,
synth_sparse_uniform_d8,Sparse Uniform,True,NVIDIA GeForce RTX 4090,12.1,0,50,200,10,300000,300000,2400000,64,8.0,0.0,8,CSR_DIRECT,0.294564,0.0,0.30247,0.30247,0.485166,0.908887,0.294564,0.30247,1.647066,3.004879,1.0,1.0,0.301952,0.73388,,,True,False,False,0.0,0.0028284271247461905,
synth_sparse_uniform_d8,Sparse Uniform,True,NVIDIA GeForce RTX 4090,12.1,0,50,200,10,300000,300000,2400000,64,8.0,0.0,8,RODE_ENHANCED,0.294861,3.574254,0.316861,3.891115,0.485166,0.908887,0.294564,0.30247,1.645407,0.23358,0.998993,0.077734,0.301952,0.73388,,,True,False,False,0.0,0.0028284271247461905,
synth_sparse_uniform_d8,Sparse Uniform,True,NVIDIA GeForce RTX 4090,12.1,0,50,200,10,300000,300000,2400000,64,8.0,0.0,8,ZERO_OVERHEAD_CSR,0.294984,0.988802,0.313555,1.302357,0.485166,0.908887,0.294564,0.30247,1.644723,0.697878,0.998577,0.232248,0.301952,0.73388,,,True,False,False,0.0,0.0028284271247461905,
synth_sparse_uniform_d8,Sparse Uniform,True,NVIDIA GeForce RTX 4090,12.1,0,50,200,10,300000,300000,2400000,64,8.0,0.0,8,TC_DIRECT,0.29291,37.2266,0.555037,37.781637,0.485166,0.908887,0.294564,0.30247,1.656365,0.024056,1.005646,0.008006,0.301952,0.73388,1.030869,0.019424,True,False,False,0.0037946701049804688,0.028284271247461905,
synth_sparse_uniform_d8,Sparse Uniform,True,NVIDIA GeForce RTX 4090,12.1,0,50,200,10,300000,300000,2400000,64,8.0,0.0,8,COMMUNITY_TC,0.37634,73.731978,0.686906,74.418884,0.485166,0.908887,0.294564,0.30247,1.289168,0.012213,0.782706,0.004064,0.301952,0.73388,0.802337,0.009861,True,False,False,0.0037946701049804688,0.028284271247461905,
synth_sparse_uniform_d8,Sparse Uniform,True,NVIDIA GeForce RTX 4090,12.1,0,50,200,10,300000,300000,2400000,64,8.0,0.0,8,SEGMENT_HYBRID,0.370545,38.808677,0.624826,39.433503,0.485166,0.908887,0.294564,0.30247,1.309332,0.023049,0.794948,0.00767,0.301952,0.73388,0.814887,0.018611,True,False,False,0.0037946701049804688,0.028284271247461905,
synth_sparse_uniform_d8,Sparse Uniform,True,NVIDIA GeForce RTX 4090,12.1,0,50,200,10,300000,300000,2400000,64,8.0,0.0,8,TC_DIRECT_TF32,0.324572,37.576584,0.444525,38.021108,0.485166,0.908887,0.294564,0.30247,1.494787,0.023905,0.907545,0.007955,0.301952,0.73388,0.930308,0.019302,True,False,False,0.0037946701049804688,0.028284271247461905,
synth_sparse_uniform_d8,Sparse Uniform,True,NVIDIA GeForce RTX 4090,12.1,0,50,200,10,300000,300000,2400000,64,8.0,0.0,8,COMMUNITY_TC_TF32,0.437074,70.295062,0.563466,70.858528,0.485166,0.908887,0.294564,0.30247,1.110032,0.012827,0.673945,0.004269,0.301952,0.73388,0.690849,0.010357,True,False,False,0.0037946701049804688,0.028284271247461905,
synth_sparse_uniform_d8,Sparse Uniform,True,NVIDIA GeForce RTX 4090,12.1,0,50,200,10,300000,300000,2400000,64,8.0,0.0,8,SEGMENT_HYBRID_TF32,0.474516,38.895432,0.576131,39.471563,0.485166,0.908887,0.294564,0.30247,1.022445,0.023026,0.620767,0.007663,0.301952,0.73388,0.636337,0.018593,True,False,False,0.0037946701049804688,0.028284271247461905,
synth_sparse_uniform_d8,Sparse Uniform,True,NVIDIA GeForce RTX 4090,12.1,0,50,200,10,300000,300000,2400000,64,8.0,0.0,8,CUSPARSE,0.485166,0.39289,0.515997,0.908887,0.485166,0.908887,0.294564,0.30247,1.0,1.0,0.60714,0.332792,0.301952,0.73388,,,True,False,False,0.0,0.0,
synth_sparse_uniform_d8,Sparse Uniform,True,NVIDIA GeForce RTX 4090,12.1,0,50,200,10,300000,300000,2400000,128,8.0,0.0,8,CSR_DIRECT,0.969887,0.0,0.976912,0.976912,1.273605,1.707489,0.969887,0.976912,1.313148,1.747843,1.0,1.0,0.748088,1.202657,,,True,False,False,0.0,0.0028284271247461905,
synth_sparse_uniform_d8,Sparse Uniform,True,NVIDIA GeForce RTX 4090,12.1,0,50,200,10,300000,300000,2400000,128,8.0,0.0,8,RODE_ENHANCED,0.973891,3.457195,1.004739,4.461934,1.273605,1.707489,0.969887,0.976912,1.30775,0.382679,0.995889,0.218944,0.748088,1.202657,,,True,False,False,0.0,0.0028284271247461905,
synth_sparse_uniform_d8,Sparse Uniform,True,NVIDIA GeForce RTX 4090,12.1,0,50,200,10,300000,300000,2400000,128,8.0,0.0,8,ZERO_OVERHEAD_CSR,0.971812,1.042239,0.997011,2.039251,1.273605,1.707489,0.969887,0.976912,1.310547,0.837312,0.998019,0.479054,0.748088,1.202657,,,True,False,False,0.0,0.0028284271247461905,
synth_sparse_uniform_d8,Sparse Uniform,True,NVIDIA GeForce RTX 4090,12.1,0,50,200,10,300000,300000,2400000,128,8.0,0.0,8,TC_DIRECT,0.663629,38.162661,0.973837,39.136498,1.273605,1.707489,0.969887,0.976912,1.919153,0.043629,1.46149,0.024962,0.748088,1.202657,1.127269,0.03073,True,False,False,0.004406273365020752,0.028284271247461905,
synth_sparse_uniform_d8,Sparse Uniform,True,NVIDIA GeForce RTX 4090,12.1,0,50,200,10,300000,300000,2400000,128,8.0,0.0,8,COMMUNITY_TC,0.834166,76.428067,1.06281,77.490876,1.273605,1.707489,0.969887,0.976912,1.526801,0.022035,1.162703,0.012607,0.748088,1.202657,0.89681,0.01552,True,False,False,0.004406273365020752,0.028284271247461905,
synth_sparse_uniform_d8,Sparse Uniform,True,NVIDIA GeForce RTX 4090,12.1,0,50,200,10,300000,300000,2400000,128,8.0,0.0,8,SEGMENT_HYBRID,0.814387,39.726542,1.058246,40.784788,1.273605,1.707489,0.969887,0.976912,1.563882,0.041866,1.19094,0.023953,0.748088,1.202657,0.91859,0.029488,True,False,False,0.004406273365020752,0.028284271247461905,
synth_sparse_uniform_d8,Sparse Uniform,True,NVIDIA GeForce RTX 4090,12.1,0,50,200,10,300000,300000,2400000,128,8.0,0.0,8,TC_DIRECT_TF32,0.722637,36.669873,0.821354,37.491227,1.273605,1.707489,0.969887,0.976912,1.762442,0.045544,1.34215,0.026057,0.748088,1.202657,1.03522,0.032078,True,False,False,0.004406273365020752,0.028284271247461905,
synth_sparse_uniform_d8,Sparse Uniform,True,NVIDIA GeForce RTX 4090,12.1,0,50,200,10,300000,300000,2400000,128,8.0,0.0,8,COMMUNITY_TC_TF32,0.873697,74.297851,0.99871,75.296561,1.273605,1.707489,0.969887,0.976912,1.457719,0.022677,1.110095,0.012974,0.748088,1.202657,0.856233,0.015972,True,False,False,0.004406273365020752,0.028284271247461905,
synth_sparse_uniform_d8,Sparse Uniform,True,NVIDIA GeForce RTX 4090,12.1,0,50,200,10,300000,300000,2400000,128,8.0,0.0,8,SEGMENT_HYBRID_TF32,0.922696,40.710276,1.026554,41.736829,1.273605,1.707489,0.969887,0.976912,1.380309,0.040911,1.051145,0.023406,0.748088,1.202657,0.810764,0.028815,True,False,False,0.004406273365020752,0.028284271247461905,
synth_sparse_uniform_d8,Sparse Uniform,True,NVIDIA GeForce RTX 4090,12.1,0,50,200,10,300000,300000,2400000,128,8.0,0.0,8,CUSPARSE,1.273605,0.409706,1.297782,1.707489,1.273605,1.707489,0.969887,0.976912,1.0,1.0,0.761529,0.572134,0.748088,1.202657,,,True,False,False,0.0,0.0,
synth_sparse_uniform_d8,Sparse Uniform,True,NVIDIA GeForce RTX 4090,12.1,0,50,200,10,300000,300000,2400000,256,8.0,0.0,8,CSR_DIRECT,2.444104,0.0,2.454134,2.454134,2.540431,2.959609,2.444104,2.454134,1.039412,1.205969,1.0,1.0,1.486925,2.469867,,,True,False,False,0.0,0.0028284271247461905,
synth_sparse_uniform_d8,Sparse Uniform,True,NVIDIA GeForce RTX 4090,12.1,0,50,200,10,300000,300000,2400000,256,8.0,0.0,8,RODE_ENHANCED,2.445501,4.061964,2.479466,6.54143,2.540431,2.959609,2.444104,2.454134,1.038818,0.452441,0.999428,0.375168,1.486925,2.469867,,,True,False,False,0.0,0.0028284271247461905,
synth_sparse_uniform_d8,Sparse Uniform,True,NVIDIA GeForce RTX 4090,12.1,0,50,200,10,300000,300000,2400000,256,8.0,0.0,8,ZERO_OVERHEAD_CSR,2.446224,1.141481,2.473667,3.615148,2.540431,2.959609,2.444104,2.454134,1.038511,0.818669,0.999133,0.678847,1.486925,2.469867,,,True,False,False,0.0,0.0028284271247461905,
synth_sparse_uniform_d8,Sparse Uniform,True,NVIDIA GeForce RTX 4090,12.1,0,50,200,10,300000,300000,2400000,256,8.0,0.0,8,TC_DIRECT,1.428869,41.756536,1.709331,43.465868,2.540431,2.959609,2.444104,2.454134,1.777931,0.06809,1.710516,0.056461,1.486925,2.469867,1.04063,0.056823,True,False,False,0.004209995269775391,0.028284271247461905,
synth_sparse_uniform_d8,Sparse Uniform,True,NVIDIA GeForce RTX 4090,12.1,0,50,200,10,300000,300000,2400000,256,8.0,0.0,8,COMMUNITY_TC,1.745915,79.280978,1.854864,81.135842,2.540431,2.959609,2.444104,2.454134,1.455072,0.036477,1.399899,0.030247,1.486925,2.469867,0.851659,0.030441,True,False,False,0.004209995269775391,0.028284271247461905,
synth_sparse_uniform_d8,Sparse Uniform,True,NVIDIA GeForce RTX 4090,12.1,0,50,200,10,300000,300000,2400000,256,8.0,0.0,8,SEGMENT_HYBRID,1.730866,43.810157,1.826205,45.636362,2.540431,2.959609,2.444104,2.454134,1.467722,0.064852,1.41207,0.053776,1.486925,2.469867,0.859064,0.054121,True,False,False,0.004209995269775391,0.028284271247461905,
synth_sparse_uniform_d8,Sparse Uniform,True,NVIDIA GeForce RTX 4090,12.1,0,50,200,10,300000,300000,2400000,256,8.0,0.0,8,TC_DIRECT_TF32,1.458033,40.614305,1.558477,42.172782,2.540431,2.959609,2.444104,2.454134,1.742369,0.070178,1.676302,0.058192,1.486925,2.469867,1.019816,0.058565,True,False,False,0.004209995269775391,0.028284271247461905,
synth_sparse_uniform_d8,Sparse Uniform,True,NVIDIA GeForce RTX 4090,12.1,0,50,200,10,300000,300000,2400000,256,8.0,0.0,8,COMMUNITY_TC_TF32,1.733755,76.912397,1.861197,78.773594,2.540431,2.959609,2.444104,2.454134,1.465277,0.037571,1.409717,0.031154,1.486925,2.469867,0.857633,0.031354,True,False,False,0.004209995269775391,0.028284271247461905,
synth_sparse_uniform_d8,Sparse Uniform,True,NVIDIA GeForce RTX 4090,12.1,0,50,200,10,300000,300000,2400000,256,8.0,0.0,8,SEGMENT_HYBRID_TF32,1.815788,41.842623,1.91696,43.759583,2.540431,2.959609,2.444104,2.454134,1.39908,0.067633,1.34603,0.056082,1.486925,2.469867,0.818887,0.056442,True,False,False,0.004209995269775391,0.028284271247461905,
synth_sparse_uniform_d8,Sparse Uniform,True,NVIDIA GeForce RTX 4090,12.1,0,50,200,10,300000,300000,2400000,256,8.0,0.0,8,CUSPARSE,2.540431,0.404515,2.555094,2.959609,2.540431,2.959609,2.444104,2.454134,1.0,1.0,0.962082,0.829209,1.486925,2.469867,,,True,False,False,0.0,0.0,
synth_sparse_uniform_d8,Sparse Uniform,True,NVIDIA GeForce RTX 4090,12.1,0,50,200,10,300000,300000,2400000,512,8.0,0.0,8,CSR_DIRECT,5.410683,0.0,5.419443,5.419443,5.070904,5.940589,5.410683,5.419443,0.937202,1.096162,1.0,1.0,2.958971,4.625084,,,True,False,False,0.0,0.0028284271247461905,
synth_sparse_uniform_d8,Sparse Uniform,True,NVIDIA GeForce RTX 4090,12.1,0,50,200,10,300000,300000,2400000,512,8.0,0.0,8,RODE_ENHANCED,5.410647,3.952632,5.445203,9.397835,5.070904,5.940589,5.410683,5.419443,0.937208,0.632123,1.000007,0.576669,2.958971,4.625084,,,True,False,False,0.0,0.0028284271247461905,
synth_sparse_uniform_d8,Sparse Uniform,True,NVIDIA GeForce RTX 4090,12.1,0,50,200,10,300000,300000,2400000,512,8.0,0.0,8,ZERO_OVERHEAD_CSR,5.409346,1.153318,5.438307,6.591625,5.070904,5.940589,5.410683,5.419443,0.937434,0.901233,1.000247,0.822171,2.958971,4.625084,,,True,False,False,0.0,0.0028284271247461905,
synth_sparse_uniform_d8,Sparse Uniform,True,NVIDIA GeForce RTX 4090,12.1,0,50,200,10,300000,300000,2400000,512,8.0,0.0,8,TC_DIRECT,2.923571,43.569954,3.206096,46.77605,5.070904,5.940589,5.410683,5.419443,1.73449,0.127001,1.85071,0.115859,2.958971,4.625084,1.012109,0.098877,True,False,False,0.004398822784423828,0.028284271247461905,
synth_sparse_uniform_d8,Sparse Uniform,True,NVIDIA GeForce RTX 4090,12.1,0,50,200,10,300000,300000,2400000,512,8.0,0.0,8,COMMUNITY_TC,3.530952,85.57929,3.674829,89.254119,5.070904,5.940589,5.410683,5.419443,1.43613,0.066558,1.532358,0.060719,2.958971,4.625084,0.83801,0.051819,True,False,False,0.004398822784423828,0.028284271247461905,
synth_sparse_uniform_d8,Sparse Uniform,True,NVIDIA GeForce RTX 4090,12.1,0,50,200,10,300000,300000,2400000,512,8.0,0.0,8,SEGMENT_HYBRID,3.511603,44.333995,3.593805,47.9278,5.070904,5.940589,5.410683,5.419443,1.444043,0.123949,1.540801,0.113075,2.958971,4.625084,0.842627,0.096501,True,False,False,0.004398822784423828,0.028284271247461905,
synth_sparse_uniform_d8,Sparse Uniform,True,NVIDIA GeForce RTX 4090,12.1,0,50,200,10,300000,300000,2400000,512,8.0,0.0,8,TC_DIRECT_TF32,2.931482,42.593538,3.032442,45.625979,5.070904,5.940589,5.410683,5.419443,1.729809,0.130202,1.845716,0.11878,2.958971,4.625084,1.009377,0.10137,True,False,False,0.004398822784423828,0.028284271247461905,
synth_sparse_uniform_d8,Sparse Uniform,True,NVIDIA GeForce RTX 4090,12.1,0,50,200,10,300000,300000,2400000,512,8.0,0.0,8,COMMUNITY_TC_TF32,3.452401,84.507083,3.5716,88.078683,5.070904,5.940589,5.410683,5.419443,1.468805,0.067446,1.567223,0.06153,2.958971,4.625084,0.857076,0.052511,True,False,False,0.004398822784423828,0.028284271247461905,
synth_sparse_uniform_d8,Sparse Uniform,True,NVIDIA GeForce RTX 4090,12.1,0,50,200,10,300000,300000,2400000,512,8.0,0.0,8,SEGMENT_HYBRID_TF32,3.608427,44.234982,3.71601,47.950991,5.070904,5.940589,5.410683,5.419443,1.405295,0.123889,1.499457,0.11302,2.958971,4.625084,0.820017,0.096454,True,False,False,0.004398822784423828,0.028284271247461905,
synth_sparse_uniform_d8,Sparse Uniform,True,NVIDIA GeForce RTX 4090,12.1,0,50,200,10,300000,300000,2400000,512,8.0,0.0,8,CUSPARSE,5.070904,0.829617,5.110973,5.940589,5.070904,5.940589,5.410683,5.419443,1.0,1.0,1.067006,0.912274,2.958971,4.625084,,,True,False,False,0.0,0.0,
twitter-combined,Sparse Skewed,False,NVIDIA GeForce RTX 4090,12.1,0,50,200,10,81306,81306,1768149,64,21.746845,1.700919,1205,CSR_DIRECT,0.144328,0.0,0.149645,0.149645,0.131978,0.772632,0.144328,0.149645,0.914435,5.163105,1.0,1.0,0.114161,0.650118,,,True,False,False,0.000152587890625,0.034713109915419565,
twitter-combined,Sparse Skewed,False,NVIDIA GeForce RTX 4090,12.1,0,50,200,10,81306,81306,1768149,64,21.746845,1.700919,1205,RODE_ENHANCED,0.12566,1.272422,0.163046,1.435468,0.131978,0.772632,0.144328,0.149645,1.050279,0.538244,1.148556,0.104248,0.114161,0.650118,,,True,False,False,3.814697265625e-05,0.034713109915419565,
twitter-combined,Sparse Skewed,False,NVIDIA GeForce RTX 4090,12.1,0,50,200,10,81306,81306,1768149,64,21.746845,1.700919,1205,ZERO_OVERHEAD_CSR,0.111232,0.778815,0.121757,0.900572,0.131978,0.772632,0.144328,0.149645,1.186513,0.857935,1.297537,0.166166,0.114161,0.650118,,,True,False,False,3.814697265625e-05,0.034713109915419565,
twitter-combined,Sparse Skewed,False,NVIDIA GeForce RTX 4090,12.1,0,50,200,10,81306,81306,1768149,64,21.746845,1.700919,1205,TC_DIRECT,0.064686,25.752827,0.422304,26.175131,0.131978,0.772632,0.144328,0.149645,2.040288,0.029518,2.231202,0.005717,0.114161,0.650118,1.764841,0.024837,True,False,False,0.024387359619140625,0.34713109915419565,
twitter-combined,Sparse Skewed,False,NVIDIA GeForce RTX 4090,12.1,0,50,200,10,81306,81306,1768149,64,21.746845,1.700919,1205,COMMUNITY_TC,0.070625,28.821242,0.403123,29.224365,0.131978,0.772632,0.144328,0.149645,1.868711,0.026438,2.04357,0.005121,0.114161,0.650118,1.616427,0.022246,True,False,False,0.024387359619140625,0.34713109915419565,
twitter-combined,Sparse Skewed,False,NVIDIA GeForce RTX 4090,12.1,0,50,200,10,81306,81306,1768149,64,21.746845,1.700919,1205,SEGMENT_HYBRID,0.071839,25.710102,0.443984,26.154086,0.131978,0.772632,0.144328,0.149645,1.837146,0.029542,2.009051,0.005722,0.114161,0.650118,1.589124,0.024857,True,False,False,0.024387359619140625,0.34713109915419565,
twitter-combined,Sparse Skewed,False,NVIDIA GeForce RTX 4090,12.1,0,50,200,10,81306,81306,1768149,64,21.746845,1.700919,1205,TC_DIRECT_TF32,0.075704,25.824533,0.124288,25.948821,0.131978,0.772632,0.144328,0.149645,1.743338,0.029775,1.906466,0.005767,0.114161,0.650118,1.507981,0.025054,True,False,False,0.024387359619140625,0.34713109915419565,
twitter-combined,Sparse Skewed,False,NVIDIA GeForce RTX 4090,12.1,0,50,200,10,81306,81306,1768149,64,21.746845,1.700919,1205,COMMUNITY_TC_TF32,0.087731,28.932461,0.16599,29.098452,0.131978,0.772632,0.144328,0.149645,1.504348,0.026552,1.645112,0.005143,0.114161,0.650118,1.301255,0.022342,True,False,False,0.024387359619140625,0.34713109915419565,
twitter-combined,Sparse Skewed,False,NVIDIA GeForce RTX 4090,12.1,0,50,200,10,81306,81306,1768149,64,21.746845,1.700919,1205,SEGMENT_HYBRID_TF32,0.085514,26.015837,0.174387,26.190224,0.131978,0.772632,0.144328,0.149645,1.543357,0.029501,1.687771,0.005714,0.114161,0.650118,1.334997,0.024823,True,False,False,0.024387359619140625,0.34713109915419565,
twitter-combined,Sparse Skewed,False,NVIDIA GeForce RTX 4090,12.1,0,50,200,10,81306,81306,1768149,64,21.746845,1.700919,1205,CUSPARSE,0.131978,0.637266,0.135366,0.772632,0.131978,0.772632,0.144328,0.149645,1.0,1.0,1.093572,0.193682,0.114161,0.650118,,,True,False,False,0.0,0.0,
twitter-combined,Sparse Skewed,False,NVIDIA GeForce RTX 4090,12.1,0,50,200,10,81306,81306,1768149,128,21.746845,1.700919,1205,CSR_DIRECT,0.23529,0.0,0.23959,0.23959,0.23916,0.641285,0.23529,0.23959,1.016451,2.676589,1.0,1.0,0.149494,1.052378,,,True,False,False,0.000118255615234375,0.034713109915419565,
twitter-combined,Sparse Skewed,False,NVIDIA GeForce RTX 4090,12.1,0,50,200,10,81306,81306,1768149,128,21.746845,1.700919,1205,RODE_ENHANCED,0.236897,1.369457,0.272669,1.642126,0.23916,0.641285,0.23529,0.23959,1.009556,0.390521,0.993216,0.145903,0.149494,1.052378,,,True,False,False,4.1961669921875e-05,0.034713109915419565,
twitter-combined,Sparse Skewed,False,NVIDIA GeForce RTX 4090,12.1,0,50,200,10,81306,81306,1768149,128,21.746845,1.700919,1205,ZERO_OVERHEAD_CSR,0.20758,0.756164,0.216723,0.972887,0.23916,0.641285,0.23529,0.23959,1.152137,0.659157,1.13349,0.246267,0.149494,1.052378,,,True,False,False,4.1961669921875e-05,0.034713109915419565,
twitter-combined,Sparse Skewed,False,NVIDIA GeForce RTX 4090,12.1,0,50,200,10,81306,81306,1768149,128,21.746845,1.700919,1205,TC_DIRECT,0.173266,25.962344,0.500694,26.463038,0.23916,0.641285,0.23529,0.23959,1.380308,0.024233,1.357968,0.009054,0.149494,1.052378,0.8628,0.039768,True,False,False,0.025478363037109375,0.34713109915419565,
twitter-combined,Sparse Skewed,False,NVIDIA GeForce RTX 4090,12.1,0,50,200,10,81306,81306,1768149,128,21.746845,1.700919,1205,COMMUNITY_TC,0.196745,28.768003,0.463565,29.231567,0.23916,0.641285,0.23529,0.23959,1.215586,0.021938,1.195912,0.008196,0.149494,1.052378,0.759835,0.036001,True,False,False,0.025478363037109375,0.34713109915419565,
twitter-combined,Sparse Skewed,False,NVIDIA GeForce RTX 4090,12.1,0,50,200,10,81306,81306,1768149,128,21.746845,1.700919,1205,SEGMENT_HYBRID,0.202091,26.188067,0.501808,26.689875,0.23916,0.641285,0.23529,0.23959,1.183428,0.024027,1.164274,0.008977,0.149494,1.052378,0.739734,0.03943,True,False,False,0.025478363037109375,0.34713109915419565,
twitter-combined,Sparse Skewed,False,NVIDIA GeForce RTX 4090,12.1,0,50,200,10,81306,81306,1768149,128,21.746845,1.700919,1205,TC_DIRECT_TF32,0.152924,25.670732,0.204605,25.875337,0.23916,0.641285,0.23529,0.23959,1.563915,0.024784,1.538603,0.009259,0.149494,1.052378,0.977568,0.040671,True,False,False,0.025478363037109375,0.34713109915419565,
twitter-combined,Sparse Skewed,False,NVIDIA GeForce RTX 4090,12.1,0,50,200,10,81306,81306,1768149,128,21.746845,1.700919,1205,COMMUNITY_TC_TF32,0.181601,29.549646,0.253242,29.802888,0.23916,0.641285,0.23529,0.23959,1.316953,0.021518,1.295638,0.008039,0.149494,1.052378,0.823198,0.035311,True,False,False,0.025478363037109375,0.34713109915419565,
twitter-combined,Sparse Skewed,False,NVIDIA GeForce RTX 4090,12.1,0,50,200,10,81306,81306,1768149,128,21.746845,1.700919,1205,SEGMENT_HYBRID_TF32,0.184294,25.846614,0.429578,26.276192,0.23916,0.641285,0.23529,0.23959,1.297708,0.024406,1.276705,0.009118,0.149494,1.052378,0.811168,0.040051,True,False,False,0.025478363037109375,0.34713109915419565,
twitter-combined,Sparse Skewed,False,NVIDIA GeForce RTX 4090,12.1,0,50,200,10,81306,81306,1768149,128,21.746845,1.700919,1205,CUSPARSE,0.23916,0.396875,0.24441,0.641285,0.23916,0.641285,0.23529,0.23959,1.0,1.0,0.983815,0.37361,0.149494,1.052378,,,True,False,False,0.0,0.0,
twitter-combined,Sparse Skewed,False,NVIDIA GeForce RTX 4090,12.1,0,50,200,10,81306,81306,1768149,256,21.746845,1.700919,1205,CSR_DIRECT,0.461793,0.0,0.469782,0.469782,0.473405,0.983523,0.461793,0.469782,1.025146,2.093572,1.0,1.0,0.326083,0.751258,,,True,False,False,0.000152587890625,0.034713109915419565,
twitter-combined,Sparse Skewed,False,NVIDIA GeForce RTX 4090,12.1,0,50,200,10,81306,81306,1768149,256,21.746845,1.700919,1205,RODE_ENHANCED,0.54699,1.221921,0.580947,1.802869,0.473405,0.983523,0.461793,0.469782,0.865474,0.545533,0.844244,0.260575,0.326083,0.751258,,,True,False,False,4.9591064453125e-05,0.034713109915419565,
twitter-combined,Sparse Skewed,False,NVIDIA GeForce RTX 4090,12.1,0,50,200,10,81306,81306,1768149,256,21.746845,1.700919,1205,ZERO_OVERHEAD_CSR,0.419359,0.760548,0.427238,1.187786,0.473405,0.983523,0.461793,0.469782,1.128879,0.828031,1.101189,0.395511,0.326083,0.751258,,,True,False,False,4.57763671875e-05,0.034713109915419565,
twitter-combined,Sparse Skewed,False,NVIDIA GeForce RTX 4090,12.1,0,50,200,10,81306,81306,1768149,256,21.746845,1.700919,1205,TC_DIRECT,0.33748,26.211931,0.651219,26.86315,0.473405,0.983523,0.461793,0.469782,1.402767,0.036612,1.368359,0.017488,0.326083,0.751258,0.966229,0.027966,True,False,False,0.023088455200195312,0.34713109915419565,
twitter-combined,Sparse Skewed,False,NVIDIA GeForce RTX 4090,12.1,0,50,200,10,81306,81306,1768149,256,21.746845,1.700919,1205,COMMUNITY_TC,0.408407,30.488063,0.66464,31.152703,0.473405,0.983523,0.461793,0.469782,1.159151,0.031571,1.130718,0.01508,0.326083,0.751258,0.798425,0.024115,True,False,False,0.023088455200195312,0.34713109915419565,
twitter-combined,Sparse Skewed,False,NVIDIA GeForce RTX 4090,12.1,0,50,200,10,81306,81306,1768149,256,21.746845,1.700919,1205,SEGMENT_HYBRID,0.420536,25.199292,0.688822,25.888114,0.473405,0.983523,0.461793,0.469782,1.125718,0.037991,1.098106,0.018147,0.326083,0.751258,0.775397,0.029019,True,False,False,0.023088455200195312,0.34713109915419565,
twitter-combined,Sparse Skewed,False,NVIDIA GeForce RTX 4090,12.1,0,50,200,10,81306,81306,1768149,256,21.746845,1.700919,1205,TC_DIRECT_TF32,0.308628,26.027326,0.339446,26.366772,0.473405,0.983523,0.461793,0.469782,1.533901,0.037302,1.496276,0.017817,0.326083,0.751258,1.056554,0.028493,True,False,False,0.023088455200195312,0.34713109915419565,
twitter-combined,Sparse Skewed,False,NVIDIA GeForce RTX 4090,12.1,0,50,200,10,81306,81306,1768149,256,21.746845,1.700919,1205,COMMUNITY_TC_TF32,0.370079,29.695779,0.452694,30.148473,0.473405,0.983523,0.461793,0.469782,1.279202,0.032623,1.247824,0.015582,0.326083,0.751258,0.881117,0.024919,True,False,False,0.023088455200195312,0.34713109915419565,
twitter-combined,Sparse Skewed,False,NVIDIA GeForce RTX 4090,12.1,0,50,200,10,81306,81306,1768149,256,21.746845,1.700919,1205,SEGMENT_HYBRID_TF32,0.383037,27.109594,0.58112,27.690714,0.473405,0.983523,0.461793,0.469782,1.235925,0.035518,1.205609,0.016965,0.326083,0.751258,0.851307,0.02713,True,False,False,0.023088455200195312,0.34713109915419565,
twitter-combined,Sparse Skewed,False,NVIDIA GeForce RTX 4090,12.1,0,50,200,10,81306,81306,1768149,256,21.746845,1.700919,1205,CUSPARSE,0.473405,0.480029,0.503494,0.983523,0.473405,0.983523,0.461793,0.469782,1.0,1.0,0.975471,0.477652,0.326083,0.751258,,,True,False,False,0.0,0.0,
twitter-combined,Sparse Skewed,False,NVIDIA GeForce RTX 4090,12.1,0,50,200,10,81306,81306,1768149,512,21.746845,1.700919,1205,CSR_DIRECT,0.867835,0.0,0.873197,0.873197,0.937185,1.364128,0.867835,0.873197,1.079912,1.562223,1.0,1.0,0.64342,1.111663,,,True,False,False,0.00014495849609375,0.034713109915419565,
twitter-combined,Sparse Skewed,False,NVIDIA GeForce RTX 4090,12.1,0,50,200,10,81306,81306,1768149,512,21.746845,1.700919,1205,RODE_ENHANCED,1.225948,1.429367,1.263267,2.692634,0.937185,1.364128,0.867835,0.873197,0.764458,0.506615,0.707889,0.324291,0.64342,1.111663,,,True,False,False,6.103515625e-05,0.034713109915419565,
twitter-combined,Sparse Skewed,False,NVIDIA GeForce RTX 4090,12.1,0,50,200,10,81306,81306,1768149,512,21.746845,1.700919,1205,ZERO_OVERHEAD_CSR,0.905303,0.791335,0.92024,1.711575,0.937185,1.364128,0.867835,0.873197,1.035217,0.797002,0.958613,0.510172,0.64342,1.111663,,,True,False,False,6.103515625e-05,0.034713109915419565,
twitter-combined,Sparse Skewed,False,NVIDIA GeForce RTX 4090,12.1,0,50,200,10,81306,81306,1768149,512,21.746845,1.700919,1205,TC_DIRECT,0.665201,26.069801,1.000838,27.07064,0.937185,1.364128,0.867835,0.873197,1.408876,0.050391,1.304621,0.032256,0.64342,1.111663,0.967257,0.041065,True,False,False,0.022369384765625,0.34713109915419565,
twitter-combined,Sparse Skewed,False,NVIDIA GeForce RTX 4090,12.1,0,50,200,10,81306,81306,1768149,512,21.746845,1.700919,1205,COMMUNITY_TC,0.837325,33.309302,1.029107,34.338409,0.937185,1.364128,0.867835,0.873197,1.119261,0.039726,1.036438,0.025429,0.64342,1.111663,0.768424,0.032374,True,False,False,0.022369384765625,0.34713109915419565,
twitter-combined,Sparse Skewed,False,NVIDIA GeForce RTX 4090,12.1,0,50,200,10,81306,81306,1768149,512,21.746845,1.700919,1205,SEGMENT_HYBRID,0.851886,27.425197,1.10383,28.529027,0.937185,1.364128,0.867835,0.873197,1.10013,0.047815,1.018722,0.030607,0.64342,1.111663,0.755289,0.038966,True,False,False,0.022365570068359375,0.34713109915419565,
twitter-combined,Sparse Skewed,False,NVIDIA GeForce RTX 4090,12.1,0,50,200,10,81306,81306,1768149,512,21.746845,1.700919,1205,TC_DIRECT_TF32,0.621629,26.483189,0.638554,27.121743,0.937185,1.364128,0.867835,0.873197,1.507627,0.050296,1.396065,0.032195,0.64342,1.111663,1.035054,0.040988,True,False,False,0.022369384765625,0.34713109915419565,
twitter-combined,Sparse Skewed,False,NVIDIA GeForce RTX 4090,12.1,0,50,200,10,81306,81306,1768149,512,21.746845,1.700919,1205,COMMUNITY_TC_TF32,0.754621,29.607317,0.833229,30.440546,0.937185,1.364128,0.867835,0.873197,1.241928,0.044813,1.150027,0.028685,0.64342,1.111663,0.85264,0.036519,True,False,False,0.022369384765625,0.34713109915419565,
twitter-combined,Sparse Skewed,False,NVIDIA GeForce RTX 4090,12.1,0,50,200,10,81306,81306,1768149,512,21.746845,1.700919,1205,SEGMENT_HYBRID_TF32,0.771256,26.44297,0.888118,27.331089,0.937185,1.364128,0.867835,0.873197,1.215141,0.049911,1.125222,0.031949,0.64342,1.111663,0.834249,0.040674,True,False,False,0.022365570068359375,0.34713109915419565,
twitter-combined,Sparse Skewed,False,NVIDIA GeForce RTX 4090,12.1,0,50,200,10,81306,81306,1768149,512,21.746845,1.700919,1205,CUSPARSE,0.937185,0.398032,0.966096,1.364128,0.937185,1.364128,0.867835,0.873197,1.0,1.0,0.926001,0.640113,0.64342,1.111663,,,True,False,False,0.0,0.0,
web-Google,Sparse Uniform,False,NVIDIA GeForce RTX 4090,12.1,0,50,200,10,916428,916428,5105039,64,5.570584,1.176991,456,CSR_DIRECT,0.82857,0.0,0.834042,0.834042,1.058452,1.536742,0.82857,0.834042,1.277446,1.842524,1.0,1.0,0.776576,1.66283,,,True,False,False,3.4332275390625e-05,0.021354156504062624,
web-Google,Sparse Uniform,False,NVIDIA GeForce RTX 4090,12.1,0,50,200,10,916428,916428,5105039,64,5.570584,1.176991,456,RODE_ENHANCED,1.304612,15.786119,1.350198,17.136318,1.058452,1.536742,0.82857,0.834042,0.811316,0.089677,0.635108,0.048671,0.776576,1.66283,,,True,False,False,3.4332275390625e-05,0.021354156504062624,
web-Google,Sparse Uniform,False,NVIDIA GeForce RTX 4090,12.1,0,50,200,10,916428,916428,5105039,64,5.570584,1.176991,456,ZERO_OVERHEAD_CSR,0.801603,9.463744,0.833846,10.297591,1.058452,1.536742,0.82857,0.834042,1.320421,0.149233,1.033641,0.080994,0.776576,1.66283,,,True,False,False,3.4332275390625e-05,0.021354156504062624,
web-Google,Sparse Uniform,False,NVIDIA GeForce RTX 4090,12.1,0,50,200,10,916428,916428,5105039,64,5.570584,1.176991,456,TC_DIRECT,1.008256,107.190199,1.377469,108.567667,1.058452,1.536742,0.82857,0.834042,1.049785,0.014155,0.821785,0.007682,0.776576,1.66283,0.770217,0.015316,True,False,False,0.012261390686035156,0.21354156504062624,
web-Google,Sparse Uniform,False,NVIDIA GeForce RTX 4090,12.1,0,50,200,10,916428,916428,5105039,64,5.570584,1.176991,456,COMMUNITY_TC,1.135887,236.340374,1.302208,237.642582,1.058452,1.536742,0.82857,0.834042,0.931829,0.006467,0.729447,0.00351,0.776576,1.66283,0.683673,0.006997,True,False,False,0.012261390686035156,0.21354156504062624,
web-Google,Sparse Uniform,False,NVIDIA GeForce RTX 4090,12.1,0,50,200,10,916428,916428,5105039,64,5.570584,1.176991,456,SEGMENT_HYBRID,1.233715,110.908897,1.54575,112.454647,1.058452,1.536742,0.82857,0.834042,0.857939,0.013665,0.671605,0.007417,0.776576,1.66283,0.629461,0.014787,True,False,False,0.012261390686035156,0.21354156504062624,
web-Google,Sparse Uniform,False,NVIDIA GeForce RTX 4090,12.1,0,50,200,10,916428,916428,5105039,64,5.570584,1.176991,456,TC_DIRECT_TF32,0.874798,106.818228,0.981117,107.799345,1.058452,1.536742,0.82857,0.834042,1.209939,0.014256,0.947155,0.007737,0.776576,1.66283,0.88772,0.015425,True,False,False,0.012261390686035156,0.21354156504062624,
web-Google,Sparse Uniform,False,NVIDIA GeForce RTX 4090,12.1,0,50,200,10,916428,916428,5105039,64,5.570584,1.176991,456,COMMUNITY_TC_TF32,0.890854,236.575892,0.984742,237.560635,1.058452,1.536742,0.82857,0.834042,1.188132,0.006469,0.930084,0.003511,0.776576,1.66283,0.87172,0.007,True,False,False,0.012261390686035156,0.21354156504062624,
web-Google,Sparse Uniform,False,NVIDIA GeForce RTX 4090,12.1,0,50,200,10,916428,916428,5105039,64,5.570584,1.176991,456,SEGMENT_HYBRID_TF32,1.152128,108.488904,1.26751,109.756414,1.058452,1.536742,0.82857,0.834042,0.918693,0.014001,0.719165,0.007599,0.776576,1.66283,0.674036,0.01515,True,False,False,0.012261390686035156,0.21354156504062624,
web-Google,Sparse Uniform,False,NVIDIA GeForce RTX 4090,12.1,0,50,200,10,916428,916428,5105039,64,5.570584,1.176991,456,CUSPARSE,1.058452,0.449762,1.086979,1.536742,1.058452,1.536742,0.82857,0.834042,1.0,1.0,0.782812,0.542734,0.776576,1.66283,,,True,False,False,0.0,0.0,
web-Google,Sparse Uniform,False,NVIDIA GeForce RTX 4090,12.1,0,50,200,10,916428,916428,5105039,128,5.570584,1.176991,456,CSR_DIRECT,1.889715,0.0,1.901946,1.901946,2.431089,2.948772,1.889715,1.901946,1.286484,1.550398,1.0,1.0,1.648317,2.942205,,,True,False,False,3.4332275390625e-05,0.021354156504062624,
web-Google,Sparse Uniform,False,NVIDIA GeForce RTX 4090,12.1,0,50,200,10,916428,916428,5105039,128,5.570584,1.176991,456,RODE_ENHANCED,2.812764,9.678598,2.858634,12.537232,2.431089,2.948772,1.889715,1.901946,0.864306,0.235201,0.671836,0.151704,1.648317,2.942205,,,True,False,False,2.6702880859375e-05,0.021354156504062624,
web-Google,Sparse Uniform,False,NVIDIA GeForce RTX 4090,12.1,0,50,200,10,916428,916428,5105039,128,5.570584,1.176991,456,ZERO_OVERHEAD_CSR,1.737431,9.337234,1.77087,11.108104,2.431089,2.948772,1.889715,1.901946,1.399243,0.265461,1.087649,0.171221,1.648317,2.942205,,,True,False,False,2.47955322265625e-05,0.021354156504062624,
web-Google,Sparse Uniform,False,NVIDIA GeForce RTX 4090,12.1,0,50,200,10,916428,916428,5105039,128,5.570584,1.176991,456,TC_DIRECT,2.068511,107.469338,2.432515,109.901853,2.431089,2.948772,1.889715,1.901946,1.175285,0.026831,0.913563,0.017306,1.648317,2.942205,0.796862,0.026771,True,False,False,0.014446258544921875,0.21354156504062624,
web-Google,Sparse Uniform,False,NVIDIA GeForce RTX 4090,12.1,0,50,200,10,916428,916428,5105039,128,5.570584,1.176991,456,COMMUNITY_TC,2.309996,240.160129,2.409782,242.569912,2.431089,2.948772,1.889715,1.901946,1.052421,0.012156,0.81806,0.007841,1.648317,2.942205,0.713559,0.012129,True,False,False,0.014446258544921875,0.21354156504062624,
web-Google,Sparse Uniform,False,NVIDIA GeForce RTX 4090,12.1,0,50,200,10,916428,916428,5105039,128,5.570584,1.176991,456,SEGMENT_HYBRID,2.530627,110.364412,2.625923,112.990335,2.431089,2.948772,1.889715,1.901946,0.960667,0.026098,0.746738,0.016833,1.648317,2.942205,0.651348,0.026039,True,False,False,0.014446258544921875,0.21354156504062624,
web-Google,Sparse Uniform,False,NVIDIA GeForce RTX 4090,12.1,0,50,200,10,916428,916428,5105039,128,5.570584,1.176991,456,TC_DIRECT_TF32,1.794601,107.37954,1.884864,109.264404,2.431089,2.948772,1.889715,1.901946,1.354668,0.026987,1.053,0.017407,1.648317,2.942205,0.918487,0.026927,True,False,False,0.014446258544921875,0.21354156504062624,
web-Google,Sparse Uniform,False,NVIDIA GeForce RTX 4090,12.1,0,50,200,10,916428,916428,5105039,128,5.570584,1.176991,456,COMMUNITY_TC_TF32,1.799608,236.971538,1.89911,238.870648,2.431089,2.948772,1.889715,1.901946,1.350899,0.012345,1.05007,0.007962,1.648317,2.942205,0.915931,0.012317,True,False,False,0.014446258544921875,0.21354156504062624,
web-Google,Sparse Uniform,False,NVIDIA GeForce RTX 4090,12.1,0,50,200,10,916428,916428,5105039,128,5.570584,1.176991,456,SEGMENT_HYBRID_TF32,2.296427,110.078133,2.40977,112.487903,2.431089,2.948772,1.889715,1.901946,1.058639,0.026214,0.822894,0.016908,1.648317,2.942205,0.717775,0.026156,True,False,False,0.014446258544921875,0.21354156504062624,
web-Google,Sparse Uniform,False,NVIDIA GeForce RTX 4090,12.1,0,50,200,10,916428,916428,5105039,128,5.570584,1.176991,456,CUSPARSE,2.431089,0.475099,2.473674,2.948772,2.431089,2.948772,1.889715,1.901946,1.0,1.0,0.777312,0.644996,1.648317,2.942205,,,True,False,False,0.0,0.0,
web-Google,Sparse Uniform,False,NVIDIA GeForce RTX 4090,12.1,0,50,200,10,916428,916428,5105039,256,5.570584,1.176991,456,CSR_DIRECT,4.539295,0.0,4.548621,4.548621,4.844544,5.847805,4.539295,4.548621,1.067246,1.285621,1.0,1.0,3.272479,5.814989,,,True,False,False,3.4332275390625e-05,0.021354156504062624,
web-Google,Sparse Uniform,False,NVIDIA GeForce RTX 4090,12.1,0,50,200,10,916428,916428,5105039,256,5.570584,1.176991,456,RODE_ENHANCED,6.270295,9.902861,6.317846,16.220707,4.844544,5.847805,4.539295,4.548621,0.772618,0.360515,0.723936,0.280421,3.272479,5.814989,,,True,False,False,2.6702880859375e-05,0.021354156504062624,
web-Google,Sparse Uniform,False,NVIDIA GeForce RTX 4090,12.1,0,50,200,10,916428,916428,5105039,256,5.570584,1.176991,456,ZERO_OVERHEAD_CSR,4.068588,9.739805,4.107597,13.847402,4.844544,5.847805,4.539295,4.548621,1.190719,0.422303,1.115693,0.328482,3.272479,5.814989,,,True,False,False,2.6702880859375e-05,0.021354156504062624,
web-Google,Sparse Uniform,False,NVIDIA GeForce RTX 4090,12.1,0,50,200,10,916428,916428,5105039,256,5.570584,1.176991,456,TC_DIRECT,4.258657,107.420203,4.678336,112.098539,4.844544,5.847805,4.539295,4.548621,1.137575,0.052167,1.065898,0.040577,3.272479,5.814989,0.76843,0.051874,True,False,False,0.012244224548339844,0.21354156504062624,
web-Google,Sparse Uniform,False,NVIDIA GeForce RTX 4090,12.1,0,50,200,10,916428,916428,5105039,256,5.570584,1.176991,456,COMMUNITY_TC,4.662886,238.4905,4.762538,243.253037,4.844544,5.847805,4.539295,4.548621,1.038958,0.02404,0.973495,0.018699,3.272479,5.814989,0.701814,0.023905,True,False,False,0.012244224548339844,0.21354156504062624,
web-Google,Sparse Uniform,False,NVIDIA GeForce RTX 4090,12.1,0,50,200,10,916428,916428,5105039,256,5.570584,1.176991,456,SEGMENT_HYBRID,5.1953,107.68815,5.274928,112.963078,4.844544,5.847805,4.539295,4.548621,0.932486,0.051767,0.873731,0.040266,3.272479,5.814989,0.629892,0.051477,True,False,False,0.012244224548339844,0.21354156504062624,
web-Google,Sparse Uniform,False,NVIDIA GeForce RTX 4090,12.1,0,50,200,10,916428,916428,5105039,256,5.570584,1.176991,456,TC_DIRECT_TF32,3.60746,108.051014,3.700054,111.751069,4.844544,5.847805,4.539295,4.548621,1.342924,0.052329,1.258308,0.040703,3.272479,5.814989,0.907142,0.052035,True,False,False,0.012244224548339844,0.21354156504062624,
web-Google,Sparse Uniform,False,NVIDIA GeForce RTX 4090,12.1,0,50,200,10,916428,916428,5105039,256,5.570584,1.176991,456,COMMUNITY_TC_TF32,3.609124,238.620696,3.710563,242.331259,4.844544,5.847805,4.539295,4.548621,1.342305,0.024131,1.257728,0.01877,3.272479,5.814989,0.906724,0.023996,True,False,False,0.012244224548339844,0.21354156504062624,
web-Google,Sparse Uniform,False,NVIDIA GeForce RTX 4090,12.1,0,50,200,10,916428,916428,5105039,256,5.570584,1.176991,456,SEGMENT_HYBRID_TF32,4.583834,107.918955,4.697066,112.61602,4.844544,5.847805,4.539295,4.548621,1.056876,0.051927,0.990283,0.040391,3.272479,5.814989,0.713917,0.051636,True,False,False,0.012244224548339844,0.21354156504062624,
web-Google,Sparse Uniform,False,NVIDIA GeForce RTX 4090,12.1,0,50,200,10,916428,916428,5105039,256,5.570584,1.176991,456,CUSPARSE,4.844544,0.960678,4.887126,5.847805,4.844544,5.847805,4.539295,4.548621,1.0,1.0,0.936991,0.777834,3.272479,5.814989,,,True,False,False,0.0,0.0,
web-Google,Sparse Uniform,False,NVIDIA GeForce RTX 4090,12.1,0,50,200,10,916428,916428,5105039,512,5.570584,1.176991,456,CSR_DIRECT,10.29183,0.0,10.30184,10.30184,9.678633,11.666728,10.29183,10.30184,0.940419,1.13249,1.0,1.0,6.524549,11.549385,,,True,False,False,4.1961669921875e-05,0.021354156504062624,
web-Google,Sparse Uniform,False,NVIDIA GeForce RTX 4090,12.1,0,50,200,10,916428,916428,5105039,512,5.570584,1.176991,456,RODE_ENHANCED,13.710372,9.057335,13.761325,22.81866,9.678633,11.666728,10.29183,10.30184,0.705935,0.51128,0.75066,0.451466,6.524549,11.549385,,,True,False,False,3.4332275390625e-05,0.021354156504062624,
web-Google,Sparse Uniform,False,NVIDIA GeForce RTX 4090,12.1,0,50,200,10,916428,916428,5105039,512,5.570584,1.176991,456,ZERO_OVERHEAD_CSR,9.444547,9.079688,9.476883,18.556572,9.678633,11.666728,10.29183,10.30184,1.024785,0.628711,1.089711,0.555159,6.524549,11.549385,,,True,False,False,3.4332275390625e-05,0.021354156504062624,
web-Google,Sparse Uniform,False,NVIDIA GeForce RTX 4090,12.1,0,50,200,10,916428,916428,5105039,512,5.570584,1.176991,456,TC_DIRECT,8.537672,106.125915,8.944016,115.069931,9.678633,11.666728,10.29183,10.30184,1.133638,0.101388,1.205461,0.089527,6.524549,11.549385,0.764207,0.100368,True,False,False,0.013881683349609375,0.21354156504062624,
web-Google,Sparse Uniform,False,NVIDIA GeForce RTX 4090,12.1,0,50,200,10,916428,916428,5105039,512,5.570584,1.176991,456,COMMUNITY_TC,9.362565,243.776944,9.48561,253.262553,9.678633,11.666728,10.29183,10.30184,1.033759,0.046066,1.099253,0.040677,6.524549,11.549385,0.696876,0.045602,True,False,False,0.013881683349609375,0.21354156504062624,
web-Google,Sparse Uniform,False,NVIDIA GeForce RTX 4090,12.1,0,50,200,10,916428,916428,5105039,512,5.570584,1.176991,456,SEGMENT_HYBRID,10.427202,110.254313,10.53592,120.790233,9.678633,11.666728,10.29183,10.30184,0.92821,0.096587,0.987017,0.085287,6.524549,11.549385,0.625724,0.095615,True,False,False,0.013881683349609375,0.21354156504062624,
web-Google,Sparse Uniform,False,NVIDIA GeForce RTX 4090,12.1,0,50,200,10,916428,916428,5105039,512,5.570584,1.176991,456,TC_DIRECT_TF32,7.245916,106.473984,7.332013,113.805996,9.678633,11.666728,10.29183,10.30184,1.335736,0.102514,1.420363,0.090521,6.524549,11.549385,0.900445,0.101483,True,False,False,0.013881683349609375,0.21354156504062624,
web-Google,Sparse Uniform,False,NVIDIA GeForce RTX 4090,12.1,0,50,200,10,916428,916428,5105039,512,5.570584,1.176991,456,COMMUNITY_TC_TF32,7.226675,236.96052,7.327226,244.287745,9.678633,11.666728,10.29183,10.30184,1.339293,0.047758,1.424144,0.042171,6.524549,11.549385,0.902842,0.047278,True,False,False,0.013881683349609375,0.21354156504062624,
web-Google,Sparse Uniform,False,NVIDIA GeForce RTX 4090,12.1,0,50,200,10,916428,916428,5105039,512,5.570584,1.176991,456,SEGMENT_HYBRID_TF32,9.170887,106.961335,9.28217,116.243504,9.678633,11.666728,10.29183,10.30184,1.055365,0.100365,1.122228,0.088623,6.524549,11.549385,0.711441,0.099355,True,False,False,0.013881683349609375,0.21354156504062624,
web-Google,Sparse Uniform,False,NVIDIA GeForce RTX 4090,12.1,0,50,200,10,916428,916428,5105039,512,5.570584,1.176991,456,CUSPARSE,9.678633,1.943745,9.722982,11.666728,9.678633,11.666728,10.29183,10.30184,1.0,1.0,1.063356,0.88301,6.524549,11.549385,,,True,False,False,0.0,0.0,
web-Stanford,Sparse Uniform,False,NVIDIA GeForce RTX 4090,12.1,0,50,200,10,281904,281904,2312497,64,8.203137,1.378911,255,CSR_DIRECT,0.212746,0.0,0.219802,0.219802,0.313943,0.741061,0.212746,0.219802,1.475669,3.371499,1.0,1.0,0.245422,0.74801,,,True,False,False,2.288818359375e-05,0.01596871942267131,
web-Stanford,Sparse Uniform,False,NVIDIA GeForce RTX 4090,12.1,0,50,200,10,281904,281904,2312497,64,8.203137,1.378911,255,RODE_ENHANCED,0.379177,4.138103,0.415453,4.553555,0.313943,0.741061,0.212746,0.219802,0.827959,0.162743,0.561074,0.04827,0.245422,0.74801,,,True,False,False,1.9073486328125e-05,0.01596871942267131,
web-Stanford,Sparse Uniform,False,NVIDIA GeForce RTX 4090,12.1,0,50,200,10,281904,281904,2312497,64,8.203137,1.378911,255,ZERO_OVERHEAD_CSR,0.248975,2.98223,0.27721,3.259439,0.313943,0.741061,0.212746,0.219802,1.26094,0.227358,0.854487,0.067435,0.245422,0.74801,,,True,False,False,2.288818359375e-05,0.01596871942267131,
web-Stanford,Sparse Uniform,False,NVIDIA GeForce RTX 4090,12.1,0,50,200,10,281904,281904,2312497,64,8.203137,1.378911,255,TC_DIRECT,0.278676,39.118371,0.58153,39.6999,0.313943,0.741061,0.212746,0.219802,1.12655,0.018667,0.763417,0.005537,0.245422,0.74801,0.88067,0.018842,True,False,False,0.011661529541015625,0.1596871942267131,
web-Stanford,Sparse Uniform,False,NVIDIA GeForce RTX 4090,12.1,0,50,200,10,281904,281904,2312497,64,8.203137,1.378911,255,COMMUNITY_TC,0.312141,60.704998,0.587878,61.292876,0.313943,0.741061,0.212746,0.219802,1.005774,0.01209,0.681571,0.003586,0.245422,0.74801,0.786254,0.012204,True,False,False,0.011661529541015625,0.1596871942267131,
web-Stanford,Sparse Uniform,False,NVIDIA GeForce RTX 4090,12.1,0,50,200,10,281904,281904,2312497,64,8.203137,1.378911,255,SEGMENT_HYBRID,0.356925,42.878587,0.64663,43.525217,0.313943,0.741061,0.212746,0.219802,0.879576,0.017026,0.596052,0.00505,0.245422,0.74801,0.6876,0.017186,True,False,False,0.011661529541015625,0.1596871942267131,
web-Stanford,Sparse Uniform,False,NVIDIA GeForce RTX 4090,12.1,0,50,200,10,281904,281904,2312497,64,8.203137,1.378911,255,TC_DIRECT_TF32,0.222622,38.347134,0.288576,38.63571,0.313943,0.741061,0.212746,0.219802,1.410209,0.019181,0.955641,0.005689,0.245422,0.74801,1.102418,0.019361,True,False,False,0.011661529541015625,0.1596871942267131,
web-Stanford,Sparse Uniform,False,NVIDIA GeForce RTX 4090,12.1,0,50,200,10,281904,281904,2312497,64,8.203137,1.378911,255,COMMUNITY_TC_TF32,0.248381,61.773249,0.349667,62.122916,0.313943,0.741061,0.212746,0.219802,1.263956,0.011929,0.856531,0.003538,0.245422,0.74801,0.988086,0.012041,True,False,False,0.011661529541015625,0.1596871942267131,
web-Stanford,Sparse Uniform,False,NVIDIA GeForce RTX 4090,12.1,0,50,200,10,281904,281904,2312497,64,8.203137,1.378911,255,SEGMENT_HYBRID_TF32,0.325192,42.567089,0.411203,42.978292,0.313943,0.741061,0.212746,0.219802,0.965409,0.017243,0.654218,0.005114,0.245422,0.74801,0.7547,0.017404,True,False,False,0.011661529541015625,0.1596871942267131,
web-Stanford,Sparse Uniform,False,NVIDIA GeForce RTX 4090,12.1,0,50,200,10,281904,281904,2312497,64,8.203137,1.378911,255,CUSPARSE,0.313943,0.404888,0.336173,0.741061,0.313943,0.741061,0.212746,0.219802,1.0,1.0,0.677659,0.296604,0.245422,0.74801,,,True,False,False,0.0,0.0,
web-Stanford,Sparse Uniform,False,NVIDIA GeForce RTX 4090,12.1,0,50,200,10,281904,281904,2312497,128,8.203137,1.378911,255,CSR_DIRECT,0.473528,0.0,0.479395,0.479395,0.673326,1.097797,0.473528,0.479395,1.421934,2.289962,1.0,1.0,0.48981,1.269002,,,True,False,False,2.47955322265625e-05,0.01596871942267131,
web-Stanford,Sparse Uniform,False,NVIDIA GeForce RTX 4090,12.1,0,50,200,10,281904,281904,2312497,128,8.203137,1.378911,255,RODE_ENHANCED,0.808059,3.813889,0.843232,4.657121,0.673326,1.097797,0.473528,0.479395,0.833264,0.235724,0.586007,0.102938,0.48981,1.269002,,,True,False,False,2.288818359375e-05,0.01596871942267131,
web-Stanford,Sparse Uniform,False,NVIDIA GeForce RTX 4090,12.1,0,50,200,10,281904,281904,2312497,128,8.203137,1.378911,255,ZERO_OVERHEAD_CSR,0.460785,2.890694,0.488019,3.378713,0.673326,1.097797,0.473528,0.479395,1.46126,0.324916,1.027656,0.141887,0.48981,1.269002,,,True,False,False,2.47955322265625e-05,0.01596871942267131,
web-Stanford,Sparse Uniform,False,NVIDIA GeForce RTX 4090,12.1,0,50,200,10,281904,281904,2312497,128,8.203137,1.378911,255,TC_DIRECT,0.600837,42.324907,0.923805,43.248711,0.673326,1.097797,0.473528,0.479395,1.120647,0.025383,0.788114,0.011085,0.48981,1.269002,0.815213,0.029342,True,False,False,0.01201009750366211,0.1596871942267131,
web-Stanford,Sparse Uniform,False,NVIDIA GeForce RTX 4090,12.1,0,50,200,10,281904,281904,2312497,128,8.203137,1.378911,255,COMMUNITY_TC,0.692863,67.464278,0.949942,68.414221,0.673326,1.097797,0.473528,0.479395,0.971802,0.016046,0.683437,0.007007,0.48981,1.269002,0.706936,0.018549,True,False,False,0.01201009750366211,0.1596871942267131,
web-Stanford,Sparse Uniform,False,NVIDIA GeForce RTX 4090,12.1,0,50,200,10,281904,281904,2312497,128,8.203137,1.378911,255,SEGMENT_HYBRID,0.743808,39.965852,0.91689,40.882742,0.673326,1.097797,0.473528,0.479395,0.905242,0.026852,0.636627,0.011726,0.48981,1.269002,0.658517,0.03104,True,False,False,0.01201009750366211,0.1596871942267131,
web-Stanford,Sparse Uniform,False,NVIDIA GeForce RTX 4090,12.1,0,50,200,10,281904,281904,2312497,128,8.203137,1.378911,255,TC_DIRECT_TF32,0.474931,37.459467,0.535437,37.994904,0.673326,1.097797,0.473528,0.479395,1.417734,0.028893,0.997046,0.012617,0.48981,1.269002,1.031329,0.033399,True,False,False,0.01201009750366211,0.1596871942267131,
web-Stanford,Sparse Uniform,False,NVIDIA GeForce RTX 4090,12.1,0,50,200,10,281904,281904,2312497,128,8.203137,1.378911,255,COMMUNITY_TC_TF32,0.53996,60.128564,0.641971,60.770535,0.673326,1.097797,0.473528,0.479395,1.246992,0.018065,0.876969,0.007889,0.48981,1.269002,0.907122,0.020882,True,False,False,0.01201009750366211,0.1596871942267131,
web-Stanford,Sparse Uniform,False,NVIDIA GeForce RTX 4090,12.1,0,50,200,10,281904,281904,2312497,128,8.203137,1.378911,255,SEGMENT_HYBRID_TF32,0.635126,39.049101,0.721693,39.770794,0.673326,1.097797,0.473528,0.479395,1.060146,0.027603,0.745566,0.012054,0.48981,1.269002,0.771202,0.031908,True,False,False,0.01201009750366211,0.1596871942267131,
web-Stanford,Sparse Uniform,False,NVIDIA GeForce RTX 4090,12.1,0,50,200,10,281904,281904,2312497,128,8.203137,1.378911,255,CUSPARSE,0.673326,0.397375,0.700422,1.097797,0.673326,1.097797,0.473528,0.479395,1.0,1.0,0.703267,0.436688,0.48981,1.269002,,,True,False,False,0.0,0.0,
web-Stanford,Sparse Uniform,False,NVIDIA GeForce RTX 4090,12.1,0,50,200,10,281904,281904,2312497,256,8.203137,1.378911,255,CSR_DIRECT,1.143716,0.0,1.152208,1.152208,1.328205,1.743492,1.143716,1.152208,1.161307,1.513175,1.0,1.0,0.97918,1.78795,,,True,False,False,3.814697265625e-05,0.01596871942267131,
web-Stanford,Sparse Uniform,False,NVIDIA GeForce RTX 4090,12.1,0,50,200,10,281904,281904,2312497,256,8.203137,1.378911,255,RODE_ENHANCED,1.731057,3.606881,1.769616,5.376497,1.328205,1.743492,1.143716,1.152208,0.76728,0.32428,0.660704,0.214305,0.97918,1.78795,,,True,False,False,3.0517578125e-05,0.01596871942267131,
web-Stanford,Sparse Uniform,False,NVIDIA GeForce RTX 4090,12.1,0,50,200,10,281904,281904,2312497,256,8.203137,1.378911,255,ZERO_OVERHEAD_CSR,0.949002,2.830961,0.973821,3.804782,1.328205,1.743492,1.143716,1.152208,1.39958,0.458237,1.205177,0.302832,0.97918,1.78795,,,True,False,False,3.814697265625e-05,0.01596871942267131,
web-Stanford,Sparse Uniform,False,NVIDIA GeForce RTX 4090,12.1,0,50,200,10,281904,281904,2312497,256,8.203137,1.378911,255,TC_DIRECT,1.249208,39.129292,1.510154,40.639445,1.328205,1.743492,1.143716,1.152208,1.063237,0.042901,0.915553,0.028352,0.97918,1.78795,0.78384,0.043995,True,False,False,0.011436939239501953,0.1596871942267131,
web-Stanford,Sparse Uniform,False,NVIDIA GeForce RTX 4090,12.1,0,50,200,10,281904,281904,2312497,256,8.203137,1.378911,255,COMMUNITY_TC,1.430426,61.125553,1.606634,62.732187,1.328205,1.743492,1.143716,1.152208,0.928538,0.027793,0.799563,0.018367,0.97918,1.78795,0.684537,0.028501,True,False,False,0.011436939239501953,0.1596871942267131,
web-Stanford,Sparse Uniform,False,NVIDIA GeForce RTX 4090,12.1,0,50,200,10,281904,281904,2312497,256,8.203137,1.378911,255,SEGMENT_HYBRID,1.537638,41.151205,1.625491,42.776696,1.328205,1.743492,1.143716,1.152208,0.863795,0.040758,0.743813,0.026935,0.97918,1.78795,0.636807,0.041797,True,False,False,0.011436939239501953,0.1596871942267131,
web-Stanford,Sparse Uniform,False,NVIDIA GeForce RTX 4090,12.1,0,50,200,10,281904,281904,2312497,256,8.203137,1.378911,255,TC_DIRECT_TF32,0.950293,37.671137,1.008931,38.680068,1.328205,1.743492,1.143716,1.152208,1.39768,0.045075,1.203541,0.029788,0.97918,1.78795,1.030398,0.046224,True,False,False,0.011436939239501953,0.1596871942267131,
web-Stanford,Sparse Uniform,False,NVIDIA GeForce RTX 4090,12.1,0,50,200,10,281904,281904,2312497,256,8.203137,1.378911,255,COMMUNITY_TC_TF32,1.099003,58.707623,1.186445,59.894068,1.328205,1.743492,1.143716,1.152208,1.208554,0.02911,1.040685,0.019237,0.97918,1.78795,0.890971,0.029852,True,False,False,0.011436939239501953,0.1596871942267131,
web-Stanford,Sparse Uniform,False,NVIDIA GeForce RTX 4090,12.1,0,50,200,10,281904,281904,2312497,256,8.203137,1.378911,255,SEGMENT_HYBRID_TF32,1.25822,40.399354,1.344899,41.744253,1.328205,1.743492,1.143716,1.152208,1.055622,0.041766,0.908995,0.027602,0.97918,1.78795,0.778226,0.042831,True,False,False,0.011436939239501953,0.1596871942267131,
web-Stanford,Sparse Uniform,False,NVIDIA GeForce RTX 4090,12.1,0,50,200,10,281904,281904,2312497,256,8.203137,1.378911,255,CUSPARSE,1.328205,0.39705,1.346442,1.743492,1.328205,1.743492,1.143716,1.152208,1.0,1.0,0.861099,0.660862,0.97918,1.78795,,,True,False,False,0.0,0.0,
web-Stanford,Sparse Uniform,False,NVIDIA GeForce RTX 4090,12.1,0,50,200,10,281904,281904,2312497,512,8.203137,1.378911,255,CSR_DIRECT,2.590776,0.0,2.59928,2.59928,2.64448,3.436683,2.590776,2.59928,1.020729,1.322167,1.0,1.0,1.965517,3.5409,,,True,False,False,3.814697265625e-05,0.01596871942267131,
web-Stanford,Sparse Uniform,False,NVIDIA GeForce RTX 4090,12.1,0,50,200,10,281904,281904,2312497,512,8.203137,1.378911,255,RODE_ENHANCED,3.722476,3.60267,3.758749,7.361419,2.64448,3.436683,2.590776,2.59928,0.710409,0.466851,0.695982,0.353095,1.965517,3.5409,,,True,False,False,3.814697265625e-05,0.01596871942267131,
web-Stanford,Sparse Uniform,False,NVIDIA GeForce RTX 4090,12.1,0,50,200,10,281904,281904,2312497,512,8.203137,1.378911,255,ZERO_OVERHEAD_CSR,2.107817,2.832113,2.13607,4.968184,2.64448,3.436683,2.590776,2.59928,1.254606,0.691738,1.229128,0.523185,1.965517,3.5409,,,True,False,False,3.814697265625e-05,0.01596871942267131,
web-Stanford,Sparse Uniform,False,NVIDIA GeForce RTX 4090,12.1,0,50,200,10,281904,281904,2312497,512,8.203137,1.378911,255,TC_DIRECT,2.528082,40.971449,2.81121,43.782659,2.64448,3.436683,2.590776,2.59928,1.046042,0.078494,1.024799,0.059368,1.965517,3.5409,0.777474,0.080874,True,False,False,0.012570381164550781,0.1596871942267131,
web-Stanford,Sparse Uniform,False,NVIDIA GeForce RTX 4090,12.1,0,50,200,10,281904,281904,2312497,512,8.203137,1.378911,255,COMMUNITY_TC,2.889779,63.827789,2.989741,66.81753,2.64448,3.436683,2.590776,2.59928,0.915115,0.051434,0.896531,0.038901,1.965517,3.5409,0.680162,0.052994,True,False,False,0.012570381164550781,0.1596871942267131,
web-Stanford,Sparse Uniform,False,NVIDIA GeForce RTX 4090,12.1,0,50,200,10,281904,281904,2312497,512,8.203137,1.378911,255,SEGMENT_HYBRID,3.106028,48.019669,3.337011,51.35668,2.64448,3.436683,2.590776,2.59928,0.851403,0.066918,0.834112,0.050612,1.965517,3.5409,0.632807,0.068947,True,False,False,0.012570381164550781,0.1596871942267131,
web-Stanford,Sparse Uniform,False,NVIDIA GeForce RTX 4090,12.1,0,50,200,10,281904,281904,2312497,512,8.203137,1.378911,255,TC_DIRECT_TF32,1.913641,42.041967,1.972458,44.014424,2.64448,3.436683,2.590776,2.59928,1.38191,0.078081,1.353847,0.059055,1.965517,3.5409,1.027108,0.080449,True,False,False,0.012570381164550781,0.1596871942267131,
web-Stanford,Sparse Uniform,False,NVIDIA GeForce RTX 4090,12.1,0,50,200,10,281904,281904,2312497,512,8.203137,1.378911,255,COMMUNITY_TC_TF32,2.205722,68.810906,2.299782,71.110688,2.64448,3.436683,2.590776,2.59928,1.198918,0.048329,1.174571,0.036553,1.965517,3.5409,0.891099,0.049794,True,False,False,0.012570381164550781,0.1596871942267131,
web-Stanford,Sparse Uniform,False,NVIDIA GeForce RTX 4090,12.1,0,50,200,10,281904,281904,2312497,512,8.203137,1.378911,255,SEGMENT_HYBRID_TF32,2.511662,44.113246,2.601971,46.715217,2.64448,3.436683,2.590776,2.59928,1.05288,0.073567,1.031499,0.055641,1.965517,3.5409,0.782556,0.075798,True,False,False,0.012570381164550781,0.1596871942267131,
web-Stanford,Sparse Uniform,False,NVIDIA GeForce RTX 4090,12.1,0,50,200,10,281904,281904,2312497,512,8.203137,1.378911,255,CUSPARSE,2.64448,0.780664,2.656019,3.436683,2.64448,3.436683,2.590776,2.59928,1.0,1.0,0.979692,0.756334,1.965517,3.5409,,,True,False,False,0.0,0.0,
