dataset,backend,torch_version,mean_step_sec,std_step_sec,correct,max_error,tolerance,warmup_steps,timed_steps
Reddit,dgl,2.6.0+cu118,0.17646602178516332,0.00013090188362179306,True,0.000701904296875,0.1471631747415093,50,200
ogbn-proteins,dgl,2.6.0+cu118,0.07863113800995052,0.0004043618415263997,True,0.00030517578125,0.08803408430829505,50,200
ogbn-arxiv,dgl,2.6.0+cu118,0.009965486883884296,2.4476539771320553e-05,True,1.1444091796875e-05,0.0208806130178211,50,200
