dataset,backend,torch_version,mean_step_sec,std_step_sec,correct,max_error,tolerance,warmup_steps,timed_steps
Reddit,dgl,2.6.0+cu118,0.2977690810844069,0.0013808404658466166,True,0.002593994140625,0.1471631747415093,50,200
ogbn-proteins,dgl,2.6.0+cu118,0.26537725805595985,0.0008592894738610091,True,0.000823974609375,0.08803408430829505,50,200
ogbn-arxiv,dgl,2.6.0+cu118,0.011824294083635323,8.803037552372321e-05,True,3.62396240234375e-05,0.0208806130178211,50,200
