backend,cold_exec_ms,correct,dataset,hard_fail,hidden_dim,in_dim,max_error,max_step_sec,mean_step_sec,min_step_sec,ms_cold,ms_warm,nnz,num_nodes,out_dim,preprocess_ms,router_backward_hidden,router_backward_out,router_forward_hidden,router_forward_out,soft_fail,speedup_vs_cusparse_cold,speedup_vs_cusparse_warm,std_step_sec,timed_steps,tolerance,warmup_steps
cusparse,237.14795999694616,True,Reddit,False,128,602,0.000457763671875,0.1735331310192123,0.17323492672352586,0.17294826998841017,253.694755025208,173.23492672352586,114615892,232965,41,16.54679502826184,,,,,False,1.0,1.0,0.00011203348015019555,200,0.1471631747415093,50
router,52.940736059099436,True,Reddit,False,128,602,0.10164642333984375,0.054126497940160334,0.05348292087262962,0.05304337095003575,4439.619354088791,53.48292087262962,114615892,232965,41,4386.678618029691,COMMUNITY_TC,COMMUNITY_TC,COMMUNITY_TC,COMMUNITY_TC,False,0.057143357299665964,3.239070041370542,0.00025222703062360315,200,1.471631747415093,50
cusparse,74.69999603927135,True,ogbn-proteins,False,128,8,0.00020599365234375,0.07615691400133073,0.0754505842627259,0.07458511099684983,80.13679995201528,75.4505842627259,79122504,132534,112,5.436803912743926,,,,,False,1.0,1.0,0.0003974662397815747,200,0.08803408430829505,50
router,37.10946498904377,True,ogbn-proteins,False,128,8,0.063812255859375,0.038149953936226666,0.0375677254475886,0.037027277052402496,2304.5834690565243,37.5677254475886,79122504,132534,112,2267.4740040674806,COMMUNITY_TC,COMMUNITY_TC,COMMUNITY_TC,COMMUNITY_TC,False,0.0347727912779061,2.0083884069049733,0.00024936136699079813,200,0.8803408430829506,50
cusparse,9.848323068581522,True,ogbn-arxiv,False,128,128,0.00019073486328125,0.009606175939552486,0.009582013920298777,0.009561743005178869,14.832770102657378,9.582013920298778,1166243,169343,40,4.984447034075856,,,,,False,1.0,1.0,8.844546156414116e-06,200,0.11469524837585905,50
router,9.709806996397674,True,ogbn-arxiv,False,128,128,0.015874862670898438,0.009565030923113227,0.009365269775153139,0.009330903994850814,41.29058599937707,9.365269775153138,1166243,169343,40,31.580779002979398,ZERO_OVERHEAD_CSR,ZERO_OVERHEAD_CSR,TC_DIRECT,TC_DIRECT,False,0.35922885916129044,1.0231433957963154,2.2820241782611593e-05,200,0.208806130178211,50
